t_pacing_s,model_diameter_px,measured_diameter_px
0.0000,200.0000,199.7175
0.0333,200.0565,200.0248
0.0667,200.2261,200.2970
0.1000,200.5086,200.5736
0.1333,200.9039,201.0074
0.1667,201.4116,201.4603
0.2000,202.0314,202.0000
0.2333,202.7629,202.5614
0.2667,203.6056,203.4531
0.3000,204.5590,204.5614
0.3333,205.6222,205.4709
0.3667,206.7947,206.6399
0.4000,208.0757,208.0339
0.4333,209.4642,209.3148
0.4667,210.9592,211.0057
0.5000,212.5599,212.5614
0.5333,214.2650,214.0545
0.5667,216.0734,216.0351
0.6000,217.9839,218.0351
0.6333,219.9952,220.0312
0.6667,222.1058,222.0312
0.7000,224.3144,224.5110
0.7333,226.6194,226.8271
0.7667,229.0192,228.8271
0.8000,231.5122,231.2279
0.8333,234.0967,233.9186
0.8667,236.7709,236.8271
0.9000,239.5330,239.3057
0.9333,242.3811,242.4028
0.9667,245.3132,244.8443
1.0000,248.3274,248.3084
1.0333,251.4215,251.2360
1.0667,254.5934,254.7773
1.1000,257.8411,257.6207
1.1333,261.1621,260.9718
1.1667,264.5544,264.7616
1.2000,268.0154,267.9078
1.2333,271.5430,271.3628
1.2667,275.1346,274.9718
1.3000,278.7877,278.7843
1.3333,282.5000,282.5736
1.3667,286.2688,286.3276
1.4000,290.0916,290.0140
1.4333,293.9657,294.0080
1.4667,297.8885,298.0080
1.5000,301.8572,301.8270
1.5333,305.8693,305.8538
1.5667,309.9219,309.8952
1.6000,314.0122,313.9286
1.6333,318.1375,318.3074
1.6667,322.2949,322.3206
1.7000,326.4815,326.3206
1.7333,330.6946,330.7746
1.7667,334.9311,334.8882
1.8000,339.1883,338.9113
1.8333,343.4632,343.1405
1.8667,347.7528,347.7201
1.9000,352.0542,352.0128
1.9333,356.3646,356.5572
1.9667,360.6808,360.7654
2.0000,365.0000,364.9019
2.0333,369.3192,369.1133
2.0667,373.6354,373.4061
2.1000,377.9458,378.0068
2.1333,382.2472,382.2938
2.1667,386.5368,386.5057
2.2000,390.8117,390.9248
2.2333,395.0689,394.9815
2.2667,399.3054,398.9815
2.3000,403.5185,403.4386
2.3333,407.7051,407.6750
2.3667,411.8625,411.6750
2.4000,415.9878,415.6724
2.4333,420.0781,419.9592
2.4667,424.1307,423.9592
2.5000,428.1428,427.9592
2.5333,432.1115,431.9732
2.5667,436.0343,435.9732
2.6000,439.9084,439.7832
2.6333,443.7312,443.5665
2.6667,447.5000,447.1300
2.7000,451.2123,451.1300
2.7333,454.8654,455.0472
2.7667,458.4570,458.6724
2.8000,461.9846,461.9971
2.8333,465.4456,465.3231
2.8667,468.8379,469.0472
2.9000,472.1589,472.1505
2.9333,475.4066,475.4457
2.9667,478.5785,478.6960
3.0000,481.6726,481.4321
3.0333,484.6868,484.6960
3.0667,487.6189,487.4405
3.1000,490.4670,490.5956
3.1333,493.2291,492.9271
3.1667,495.9033,495.7024
3.2000,498.4878,498.5881
3.2333,500.9808,500.9299
3.2667,503.3806,503.4405
3.3000,505.6856,505.5920
3.3333,507.8942,507.8539
3.3667,510.0048,509.8539
3.4000,512.0161,511.8507
3.4333,513.9266,513.8539
3.4667,515.7350,515.5877
3.5000,517.4401,517.2555
3.5333,519.0408,519.0703
3.5667,520.5358,520.6064
3.6000,521.9243,521.8539
3.6333,523.2053,523.1840
3.6667,524.3778,524.4168
3.7000,525.4410,525.3793
3.7333,526.3944,526.3612
3.7667,527.2371,527.0589
3.8000,527.9686,527.9730
3.8333,528.5884,528.7756
3.8667,529.0961,529.3078
3.9000,529.4914,529.6322
3.9333,529.7739,529.6876
3.9667,529.9435,529.8282
4.0000,530.0000,529.8282
4.0333,529.9749,529.7932
4.0667,529.8995,529.7618
4.1000,529.7739,529.7341
4.1333,529.5981,529.5778
4.1667,529.3721,529.4305
4.2000,529.0961,529.2878
4.2333,528.7701,529.0312
4.2667,528.3942,528.6565
4.3000,527.9686,527.9730
4.3333,527.4933,527.4389
4.3667,526.9685,526.9151
4.4000,526.3944,526.4072
4.4333,525.7711,525.4964
4.4667,525.0988,524.9804
4.5000,524.3778,524.4072
4.5333,523.6082,523.4746
4.5667,522.7903,522.7279
4.6000,521.9243,521.6692
4.6333,521.0106,520.9507
4.6667,520.0493,519.6071
4.7000,519.0408,518.8266
4.7333,517.9853,517.5782
4.7667,516.8833,516.8665
4.8000,515.7350,515.5782
4.8333,514.5408,514.7436
4.8667,513.3010,513.0373
4.9000,512.0161,512.0007
4.9333,510.6864,510.7267
4.9667,509.3123,509.0215
5.0000,507.8942,507.5782
5.0333,506.4326,506.4897
5.0667,504.9279,504.8979
5.1000,503.3806,503.2786
5.1333,501.7912,501.4673
5.1667,500.1601,500.0007
5.2000,498.4878,498.5855
5.2333,496.7749,496.9286
5.2667,495.0218,494.9286
5.3000,493.2291,492.9286
5.3333,491.3973,491.1868
5.3667,489.5271,489.1868
5.4000,487.6189,487.4171
5.4333,485.6734,485.6436
5.4667,483.6911,483.6436
5.5000,481.6726,481.6101
5.5333,479.6186,479.4913
5.5667,477.5297,477.1868
5.6000,475.4066,475.1868
5.6333,473.2497,473.1052
5.6667,471.0600,471.1052
5.7000,468.8379,468.8194
5.7333,466.5841,466.8194
5.7667,464.2995,464.3586
5.8000,461.9846,461.7084
5.8333,459.6401,459.4628
5.8667,457.2668,457.1052
5.9000,454.8654,454.8194
5.9333,452.4367,452.3573
5.9667,449.9813,449.6872
6.0000,447.5000,447.2846
6.0333,444.9936,444.8998
6.0667,442.4628,442.3335
6.1000,439.9084,439.7084
6.1333,437.3312,437.2008
6.1667,434.7320,434.8191
6.2000,432.1115,432.0039
6.2333,429.4706,429.2846
6.2667,426.8101,426.7386
6.3000,424.1307,424.2522
6.3333,421.4333,421.2846
6.3667,418.7187,418.7386
6.4000,415.9878,415.6258
6.4333,413.2413,413.1412
6.4667,410.4802,410.7386
6.5000,407.7051,407.6041
6.5333,404.9171,404.7386
6.5667,402.1169,402.2522
6.6000,399.3054,399.2909
6.6333,396.4835,396.7386
6.6667,393.6519,393.4662
6.7000,390.8117,391.0466
6.7333,387.9636,387.9457
6.7667,385.1084,385.0466
6.8000,382.2472,382.1244
6.8333,379.3807,379.2000
6.8667,376.5098,376.6014
6.9000,373.6354,373.4692
6.9333,370.7584,370.7774
6.9667,367.8796,367.8348
7.0000,365.0000,364.9649
7.0333,362.1204,362.2522
7.0667,359.2416,359.0041
7.1000,356.3646,356.2522
7.1333,353.4902,353.2956
7.1667,350.6193,350.5905
7.2000,347.7528,347.4692
7.2333,344.8916,345.1278
7.2667,342.0364,341.8539
7.3000,339.1883,338.9943
7.3333,336.3481,336.3848
7.3667,333.5165,333.3882
7.4000,330.6946,330.7779
7.4333,327.8831,328.0725
7.4667,325.0829,324.9692
7.5000,322.2949,322.3954
7.5333,319.5198,319.3229
7.5667,316.7587,316.7774
7.6000,314.0122,313.8382
7.6333,311.2813,310.9692
7.6667,308.5667,308.5734
7.7000,305.8693,305.5590
7.7333,303.1899,302.9692
7.7667,300.5294,300.5734
7.8000,297.8885,297.5940
7.8333,295.2680,295.1331
7.8667,292.6688,292.7608
7.9000,290.0916,289.8301
7.9333,287.5372,287.3229
7.9667,285.0064,284.9362
8.0000,282.5000,282.4964
8.0333,280.0187,279.8382
8.0667,277.5633,277.3469
8.1000,275.1346,274.9692
8.1333,272.7332,272.5916
8.1667,270.3599,270.4661
8.2000,268.0154,267.8382
8.2333,265.7005,265.3325
8.2667,263.4159,262.9692
8.3000,261.1621,260.9692
8.3333,258.9400,258.9692
8.3667,256.7503,256.7182
8.4000,254.5934,254.5870
8.4333,252.4703,252.6087
8.4667,250.3814,250.6087
8.5000,248.3274,248.6118
8.5333,246.3089,246.6118
8.5667,244.3266,244.6118
8.6000,242.3811,242.6118
8.6333,240.4729,240.6118
8.6667,238.6027,238.6118
8.7000,236.7709,236.9692
8.7333,234.9782,234.9692
8.7667,233.2251,232.9692
8.8000,231.5122,231.3469
8.8333,229.8399,229.3469
8.8667,228.2088,227.9722
8.9000,226.6194,226.7869
8.9333,225.0721,224.9919
8.9667,223.5674,223.2509
9.0000,222.1058,222.1359
9.0333,220.6877,220.5703
9.0667,219.3136,219.1532
9.1000,217.9839,218.1389
9.1333,216.6990,216.7670
9.1667,215.4592,215.3469
9.2000,214.2650,214.1359
9.2333,213.1167,212.9692
9.2667,212.0147,212.1068
9.3000,210.9592,211.0352
9.3333,209.9507,210.1068
9.3667,208.9894,209.0352
9.4000,208.0757,208.0338
9.4333,207.2097,207.0352
9.4667,206.3918,206.5480
9.5000,205.6222,205.4370
9.5333,204.9012,205.0352
9.5667,204.2289,204.5480
9.6000,203.6056,203.5084
9.6333,203.0315,203.0352
9.6667,202.5067,202.6852
9.7000,202.0314,202.1061
9.7333,201.6058,201.4370
9.7667,201.2299,201.1876
9.8000,200.9039,200.9260
9.8333,200.6279,200.6566
9.8667,200.4019,200.5012
9.9000,200.2261,200.2856
9.9333,200.1005,200.2212
9.9667,200.0251,200.4097
10.0000,200.0000,199.7175
10.0333,200.0565,200.0248
10.0667,200.2261,200.2970
10.1000,200.5086,200.5736
10.1333,200.9039,201.0074
10.1667,201.4116,201.4603
10.2000,202.0314,202.0000
10.2333,202.7629,202.5614
10.2667,203.6056,203.4531
10.3000,204.5590,204.5614
10.3333,205.6222,205.4709
10.3667,206.7947,206.6399
10.4000,208.0757,208.0339
10.4333,209.4642,209.3148
10.4667,210.9592,211.0057
10.5000,212.5599,212.5614
10.5333,214.2650,214.0545
10.5667,216.0734,216.0351
10.6000,217.9839,218.0351
10.6333,219.9952,220.0312
10.6667,222.1058,222.0312
10.7000,224.3144,224.5110
10.7333,226.6194,226.8271
10.7667,229.0192,228.8271
10.8000,231.5122,231.2279
10.8333,234.0967,233.9186
10.8667,236.7709,236.8271
10.9000,239.5330,239.3057
10.9333,242.3811,242.4028
10.9667,245.3132,244.8443
11.0000,248.3274,248.3084
11.0333,251.4215,251.2360
11.0667,254.5934,254.7773
11.1000,257.8411,257.6207
11.1333,261.1621,260.9718
11.1667,264.5544,264.7616
11.2000,268.0154,267.9078
11.2333,271.5430,271.3628
11.2667,275.1346,274.9718
11.3000,278.7877,278.7843
11.3333,282.5000,282.5736
11.3667,286.2688,286.3276
11.4000,290.0916,290.0140
11.4333,293.9657,294.0080
11.4667,297.8885,298.0080
11.5000,301.8572,301.8270
11.5333,305.8693,305.8538
11.5667,309.9219,309.8952
11.6000,314.0122,313.9286
11.6333,318.1375,318.3074
11.6667,322.2949,322.3206
11.7000,326.4815,326.3206
11.7333,330.6946,330.7746
11.7667,334.9311,334.8882
11.8000,339.1883,338.9113
11.8333,343.4632,343.1405
11.8667,347.7528,347.7201
11.9000,352.0542,352.0128
11.9333,356.3646,356.5572
11.9667,360.6808,360.7654
12.0000,365.0000,364.9019
12.0333,369.3192,369.1133
12.0667,373.6354,373.4061
12.1000,377.9458,378.0068
12.1333,382.2472,382.2938
12.1667,386.5368,386.5057
12.2000,390.8117,390.9248
12.2333,395.0689,394.9815
12.2667,399.3054,398.9815
12.3000,403.5185,403.4386
12.3333,407.7051,407.6750
12.3667,411.8625,411.6750
12.4000,415.9878,415.6724
12.4333,420.0781,419.9592
12.4667,424.1307,423.9592
12.5000,428.1428,427.9592
12.5333,432.1115,431.9732
12.5667,436.0343,435.9732
12.6000,439.9084,439.7832
12.6333,443.7312,443.5665
12.6667,447.5000,447.1300
12.7000,451.2123,451.1300
12.7333,454.8654,455.0472
12.7667,458.4570,458.6724
12.8000,461.9846,461.9971
12.8333,465.4456,465.3231
12.8667,468.8379,469.0472
12.9000,472.1589,472.1505
12.9333,475.4066,475.4457
12.9667,478.5785,478.6960
13.0000,481.6726,481.4321
13.0333,484.6868,484.6960
13.0667,487.6189,487.4405
13.1000,490.4670,490.5956
13.1333,493.2291,492.9271
13.1667,495.9033,495.7024
13.2000,498.4878,498.5881
13.2333,500.9808,500.9299
13.2667,503.3806,503.4405
13.3000,505.6856,505.5920
13.3333,507.8942,507.8539
13.3667,510.0048,509.8539
13.4000,512.0161,511.8507
13.4333,513.9266,513.8539
13.4667,515.7350,515.5877
13.5000,517.4401,517.2555
13.5333,519.0408,519.0703
13.5667,520.5358,520.6064
13.6000,521.9243,521.8539
13.6333,523.2053,523.1840
13.6667,524.3778,524.4168
13.7000,525.4410,525.3793
13.7333,526.3944,526.3612
13.7667,527.2371,527.0589
13.8000,527.9686,527.9730
13.8333,528.5884,528.7756
13.8667,529.0961,529.3078
13.9000,529.4914,529.6322
13.9333,529.7739,529.6876
13.9667,529.9435,529.8282
14.0000,530.0000,529.8282
14.0333,529.9749,529.7932
14.0667,529.8995,529.7618
14.1000,529.7739,529.7341
14.1333,529.5981,529.5778
14.1667,529.3721,529.4305
14.2000,529.0961,529.2878
14.2333,528.7701,529.0312
14.2667,528.3942,528.6565
14.3000,527.9686,527.9730
14.3333,527.4933,527.4389
14.3667,526.9685,526.9151
14.4000,526.3944,526.4072
14.4333,525.7711,525.4964
14.4667,525.0988,524.9804
14.5000,524.3778,524.4072
14.5333,523.6082,523.4746
14.5667,522.7903,522.7279
14.6000,521.9243,521.6692
14.6333,521.0106,520.9507
14.6667,520.0493,519.6071
14.7000,519.0408,518.8266
14.7333,517.9853,517.5782
14.7667,516.8833,516.8665
14.8000,515.7350,515.5782
14.8333,514.5408,514.7436
14.8667,513.3010,513.0373
14.9000,512.0161,512.0007
14.9333,510.6864,510.7267
14.9667,509.3123,509.0215
15.0000,507.8942,507.5782
15.0333,506.4326,506.4897
15.0667,504.9279,504.8979
15.1000,503.3806,503.2786
15.1333,501.7912,501.4673
15.1667,500.1601,500.0007
15.2000,498.4878,498.5855
15.2333,496.7749,496.9286
15.2667,495.0218,494.9286
15.3000,493.2291,492.9286
15.3333,491.3973,491.1868
15.3667,489.5271,489.1868
15.4000,487.6189,487.4171
15.4333,485.6734,485.6436
15.4667,483.6911,483.6436
15.5000,481.6726,481.6101
15.5333,479.6186,479.4913
15.5667,477.5297,477.1868
15.6000,475.4066,475.1868
15.6333,473.2497,473.1052
15.6667,471.0600,471.1052
15.7000,468.8379,468.8194
15.7333,466.5841,466.8194
15.7667,464.2995,464.3586
15.8000,461.9846,461.7084
15.8333,459.6401,459.4628
15.8667,457.2668,457.1052
15.9000,454.8654,454.8194
15.9333,452.4367,452.3573
15.9667,449.9813,449.6872
16.0000,447.5000,447.2846
16.0333,444.9936,444.8998
16.0667,442.4628,442.3335
16.1000,439.9084,439.7084
16.1333,437.3312,437.2008
16.1667,434.7320,434.8191
16.2000,432.1115,432.0039
16.2333,429.4706,429.2846
16.2667,426.8101,426.7386
16.3000,424.1307,424.2522
16.3333,421.4333,421.2846
16.3667,418.7187,418.7386
16.4000,415.9878,415.6258
16.4333,413.2413,413.1412
16.4667,410.4802,410.7386
16.5000,407.7051,407.6041
16.5333,404.9171,404.7386
16.5667,402.1169,402.2522
16.6000,399.3054,399.2909
16.6333,396.4835,396.7386
16.6667,393.6519,393.4662
16.7000,390.8117,391.0466
16.7333,387.9636,387.9457
16.7667,385.1084,385.0466
16.8000,382.2472,382.1244
16.8333,379.3807,379.2000
16.8667,376.5098,376.6014
16.9000,373.6354,373.4692
16.9333,370.7584,370.7774
16.9667,367.8796,367.8348
17.0000,365.0000,364.9649
17.0333,362.1204,362.2522
17.0667,359.2416,359.0041
17.1000,356.3646,356.2522
17.1333,353.4902,353.2956
17.1667,350.6193,350.5905
17.2000,347.7528,347.4692
17.2333,344.8916,345.1278
17.2667,342.0364,341.8539
17.3000,339.1883,338.9943
17.3333,336.3481,336.3848
17.3667,333.5165,333.3882
17.4000,330.6946,330.7779
17.4333,327.8831,328.0725
17.4667,325.0829,324.9692
17.5000,322.2949,322.3954
17.5333,319.5198,319.3229
17.5667,316.7587,316.7774
17.6000,314.0122,313.8382
17.6333,311.2813,310.9692
17.6667,308.5667,308.5734
17.7000,305.8693,305.5590
17.7333,303.1899,302.9692
17.7667,300.5294,300.5734
17.8000,297.8885,297.5940
17.8333,295.2680,295.1331
17.8667,292.6688,292.7608
17.9000,290.0916,289.8301
17.9333,287.5372,287.3229
17.9667,285.0064,284.9362
18.0000,282.5000,282.4964
18.0333,280.0187,279.8382
18.0667,277.5633,277.3469
18.1000,275.1346,274.9692
18.1333,272.7332,272.5916
18.1667,270.3599,270.4661
18.2000,268.0154,267.8382
18.2333,265.7005,265.3325
18.2667,263.4159,262.9692
18.3000,261.1621,260.9692
18.3333,258.9400,258.9692
18.3667,256.7503,256.7182
18.4000,254.5934,254.5870
18.4333,252.4703,252.6087
18.4667,250.3814,250.6087
18.5000,248.3274,248.6118
18.5333,246.3089,246.6118
18.5667,244.3266,244.6118
18.6000,242.3811,242.6118
18.6333,240.4729,240.6118
18.6667,238.6027,238.6118
18.7000,236.7709,236.9692
18.7333,234.9782,234.9692
18.7667,233.2251,232.9692
18.8000,231.5122,231.3469
18.8333,229.8399,229.3469
18.8667,228.2088,227.9722
18.9000,226.6194,226.7869
18.9333,225.0721,224.9919
18.9667,223.5674,223.2509
19.0000,222.1058,222.1359
19.0333,220.6877,220.5703
19.0667,219.3136,219.1532
19.1000,217.9839,218.1389
19.1333,216.6990,216.7670
19.1667,215.4592,215.3469
19.2000,214.2650,214.1359
19.2333,213.1167,212.9692
19.2667,212.0147,212.1068
19.3000,210.9592,211.0352
19.3333,209.9507,210.1068
19.3667,208.9894,209.0352
19.4000,208.0757,208.0338
19.4333,207.2097,207.0352
19.4667,206.3918,206.5480
19.5000,205.6222,205.4370
19.5333,204.9012,205.0352
19.5667,204.2289,204.5480
19.6000,203.6056,203.5084
19.6333,203.0315,203.0352
19.6667,202.5067,202.6852
19.7000,202.0314,202.1061
19.7333,201.6058,201.4370
19.7667,201.2299,201.1876
19.8000,200.9039,200.9260
19.8333,200.6279,200.6566
19.8667,200.4019,200.5012
19.9000,200.2261,200.2856
19.9333,200.1005,200.2212
19.9667,200.0251,200.4097
20.0000,200.0000,199.7175
20.0333,200.0565,200.0248
20.0667,200.2261,200.2970
20.1000,200.5086,200.5736
20.1333,200.9039,201.0074
20.1667,201.4116,201.4603
20.2000,202.0314,202.0000
20.2333,202.7629,202.5614
20.2667,203.6056,203.4531
20.3000,204.5590,204.5614
20.3333,205.6222,205.4709
20.3667,206.7947,206.6399
20.4000,208.0757,208.0339
20.4333,209.4642,209.3148
20.4667,210.9592,211.0057
20.5000,212.5599,212.5614
20.5333,214.2650,214.0545
20.5667,216.0734,216.0351
20.6000,217.9839,218.0351
20.6333,219.9952,220.0312
20.6667,222.1058,222.0312
20.7000,224.3144,224.5110
20.7333,226.6194,226.8271
20.7667,229.0192,228.8271
20.8000,231.5122,231.2279
20.8333,234.0967,233.9186
20.8667,236.7709,236.8271
20.9000,239.5330,239.3057
20.9333,242.3811,242.4028
20.9667,245.3132,244.8443
21.0000,248.3274,248.3084
21.0333,251.4215,251.2360
21.0667,254.5934,254.7773
21.1000,257.8411,257.6207
21.1333,261.1621,260.9718
21.1667,264.5544,264.7616
21.2000,268.0154,267.9078
21.2333,271.5430,271.3628
21.2667,275.1346,274.9718
21.3000,278.7877,278.7843
21.3333,282.5000,282.5736
21.3667,286.2688,286.3276
21.4000,290.0916,290.0140
21.4333,293.9657,294.0080
21.4667,297.8885,298.0080
21.5000,301.8572,301.8270
21.5333,305.8693,305.8538
21.5667,309.9219,309.8952
21.6000,314.0122,313.9286
21.6333,318.1375,318.3074
21.6667,322.2949,322.3206
21.7000,326.4815,326.3206
21.7333,330.6946,330.7746
21.7667,334.9311,334.8882
21.8000,339.1883,338.9113
21.8333,343.4632,343.1405
21.8667,347.7528,347.7201
21.9000,352.0542,352.0128
21.9333,356.3646,356.5572
21.9667,360.6808,360.7654
22.0000,365.0000,364.9019
22.0333,369.3192,369.1133
22.0667,373.6354,373.4061
22.1000,377.9458,378.0068
22.1333,382.2472,382.2938
22.1667,386.5368,386.5057
22.2000,390.8117,390.9248
22.2333,395.0689,394.9815
22.2667,399.3054,398.9815
22.3000,403.5185,403.4386
22.3333,407.7051,407.6750
22.3667,411.8625,411.6750
22.4000,415.9878,415.6724
22.4333,420.0781,419.9592
22.4667,424.1307,423.9592
22.5000,428.1428,427.9592
22.5333,432.1115,431.9732
22.5667,436.0343,435.9732
22.6000,439.9084,439.7832
22.6333,443.7312,443.5665
22.6667,447.5000,447.1300
22.7000,451.2123,451.1300
22.7333,454.8654,455.0472
22.7667,458.4570,458.6724
22.8000,461.9846,461.9971
22.8333,465.4456,465.3231
22.8667,468.8379,469.0472
22.9000,472.1589,472.1505
22.9333,475.4066,475.4457
22.9667,478.5785,478.6960
23.0000,481.6726,481.4321
23.0333,484.6868,484.6960
23.0667,487.6189,487.4405
23.1000,490.4670,490.5956
23.1333,493.2291,492.9271
23.1667,495.9033,495.7024
23.2000,498.4878,498.5881
23.2333,500.9808,500.9299
23.2667,503.3806,503.4405
23.3000,505.6856,505.5920
23.3333,507.8942,507.8539
23.3667,510.0048,509.8539
23.4000,512.0161,511.8507
23.4333,513.9266,513.8539
23.4667,515.7350,515.5877
23.5000,517.4401,517.2555
23.5333,519.0408,519.0703
23.5667,520.5358,520.6064
23.6000,521.9243,521.8539
23.6333,523.2053,523.1840
23.6667,524.3778,524.4168
23.7000,525.4410,525.3793
23.7333,526.3944,526.3612
23.7667,527.2371,527.0589
23.8000,527.9686,527.9730
23.8333,528.5884,528.7756
23.8667,529.0961,529.3078
23.9000,529.4914,529.6322
23.9333,529.7739,529.6876
23.9667,529.9435,529.8282
24.0000,530.0000,529.8282
24.0333,529.9749,529.7932
24.0667,529.8995,529.7618
24.1000,529.7739,529.7341
24.1333,529.5981,529.5778
24.1667,529.3721,529.4305
24.2000,529.0961,529.2878
24.2333,528.7701,529.0312
24.2667,528.3942,528.6565
24.3000,527.9686,527.9730
24.3333,527.4933,527.4389
24.3667,526.9685,526.9151
24.4000,526.3944,526.4072
24.4333,525.7711,525.4964
24.4667,525.0988,524.9804
24.5000,524.3778,524.4072
24.5333,523.6082,523.4746
24.5667,522.7903,522.7279
24.6000,521.9243,521.6692
24.6333,521.0106,520.9507
24.6667,520.0493,519.6071
24.7000,519.0408,518.8266
24.7333,517.9853,517.5782
24.7667,516.8833,516.8665
24.8000,515.7350,515.5782
24.8333,514.5408,514.7436
24.8667,513.3010,513.0373
24.9000,512.0161,512.0007
24.9333,510.6864,510.7267
24.9667,509.3123,509.0215
25.0000,507.8942,507.5782
25.0333,506.4326,506.4897
25.0667,504.9279,504.8979
25.1000,503.3806,503.2786
25.1333,501.7912,501.4673
25.1667,500.1601,500.0007
25.2000,498.4878,498.5855
25.2333,496.7749,496.9286
25.2667,495.0218,494.9286
25.3000,493.2291,492.9286
25.3333,491.3973,491.1868
25.3667,489.5271,489.1868
25.4000,487.6189,487.4171
25.4333,485.6734,485.6436
25.4667,483.6911,483.6436
25.5000,481.6726,481.6101
25.5333,479.6186,479.4913
25.5667,477.5297,477.1868
25.6000,475.4066,475.1868
25.6333,473.2497,473.1052
25.6667,471.0600,471.1052
25.7000,468.8379,468.8194
25.7333,466.5841,466.8194
25.7667,464.2995,464.3586
25.8000,461.9846,461.7084
25.8333,459.6401,459.4628
25.8667,457.2668,457.1052
25.9000,454.8654,454.8194
25.9333,452.4367,452.3573
25.9667,449.9813,449.6872
26.0000,447.5000,447.2846
26.0333,444.9936,444.8998
26.0667,442.4628,442.3335
26.1000,439.9084,439.7084
26.1333,437.3312,437.2008
26.1667,434.7320,434.8191
26.2000,432.1115,432.0039
26.2333,429.4706,429.2846
26.2667,426.8101,426.7386
26.3000,424.1307,424.2522
26.3333,421.4333,421.2846
26.3667,418.7187,418.7386
26.4000,415.9878,415.6258
26.4333,413.2413,413.1412
26.4667,410.4802,410.7386
26.5000,407.7051,407.6041
26.5333,404.9171,404.7386
26.5667,402.1169,402.2522
26.6000,399.3054,399.2909
26.6333,396.4835,396.7386
26.6667,393.6519,393.4662
26.7000,390.8117,391.0466
26.7333,387.9636,387.9457
26.7667,385.1084,385.0466
26.8000,382.2472,382.1244
26.8333,379.3807,379.2000
26.8667,376.5098,376.6014
26.9000,373.6354,373.4692
26.9333,370.7584,370.7774
26.9667,367.8796,367.8348
27.0000,365.0000,364.9649
27.0333,362.1204,362.2522
27.0667,359.2416,359.0041
27.1000,356.3646,356.2522
27.1333,353.4902,353.2956
27.1667,350.6193,350.5905
27.2000,347.7528,347.4692
27.2333,344.8916,345.1278
27.2667,342.0364,341.8539
27.3000,339.1883,338.9943
27.3333,336.3481,336.3848
27.3667,333.5165,333.3882
27.4000,330.6946,330.7779
27.4333,327.8831,328.0725
27.4667,325.0829,324.9692
27.5000,322.2949,322.3954
27.5333,319.5198,319.3229
27.5667,316.7587,316.7774
27.6000,314.0122,313.8382
27.6333,311.2813,310.9692
27.6667,308.5667,308.5734
27.7000,305.8693,305.5590
27.7333,303.1899,302.9692
27.7667,300.5294,300.5734
27.8000,297.8885,297.5940
27.8333,295.2680,295.1331
27.8667,292.6688,292.7608
27.9000,290.0916,289.8301
27.9333,287.5372,287.3229
27.9667,285.0064,284.9362
28.0000,282.5000,282.4964
28.0333,280.0187,279.8382
28.0667,277.5633,277.3469
28.1000,275.1346,274.9692
28.1333,272.7332,272.5916
28.1667,270.3599,270.4661
28.2000,268.0154,267.8382
28.2333,265.7005,265.3325
28.2667,263.4159,262.9692
28.3000,261.1621,260.9692
28.3333,258.9400,258.9692
28.3667,256.7503,256.7182
28.4000,254.5934,254.5870
28.4333,252.4703,252.6087
28.4667,250.3814,250.6087
28.5000,248.3274,248.6118
28.5333,246.3089,246.6118
28.5667,244.3266,244.6118
28.6000,242.3811,242.6118
28.6333,240.4729,240.6118
28.6667,238.6027,238.6118
28.7000,236.7709,236.9692
28.7333,234.9782,234.9692
28.7667,233.2251,232.9692
28.8000,231.5122,231.3469
28.8333,229.8399,229.3469
28.8667,228.2088,227.9722
28.9000,226.6194,226.7869
28.9333,225.0721,224.9919
28.9667,223.5674,223.2509
29.0000,222.1058,222.1359
29.0333,220.6877,220.5703
29.0667,219.3136,219.1532
29.1000,217.9839,218.1389
29.1333,216.6990,216.7670
29.1667,215.4592,215.3469
29.2000,214.2650,214.1359
29.2333,213.1167,212.9692
29.2667,212.0147,212.1068
29.3000,210.9592,211.0352
29.3333,209.9507,210.1068
29.3667,208.9894,209.0352
29.4000,208.0757,208.0338
29.4333,207.2097,207.0352
29.4667,206.3918,206.5480
29.5000,205.6222,205.4370
29.5333,204.9012,205.0352
29.5667,204.2289,204.5480
29.6000,203.6056,203.5084
29.6333,203.0315,203.0352
29.6667,202.5067,202.6852
29.7000,202.0314,202.1061
29.7333,201.6058,201.4370
29.7667,201.2299,201.1876
29.8000,200.9039,200.9260
29.8333,200.6279,200.6566
29.8667,200.4019,200.5012
29.9000,200.2261,200.2856
29.9333,200.1005,200.2212
29.9667,200.0251,200.4097
30.0000,200.0000,199.7175
30.0333,200.0565,200.0248
30.0667,200.2261,200.2970
30.1000,200.5086,200.5736
30.1333,200.9039,201.0074
30.1667,201.4116,201.4603
30.2000,202.0314,202.0000
30.2333,202.7629,202.5614
30.2667,203.6056,203.4531
30.3000,204.5590,204.5614
30.3333,205.6222,205.4709
30.3667,206.7947,206.6399
30.4000,208.0757,208.0339
30.4333,209.4642,209.3148
30.4667,210.9592,211.0057
30.5000,212.5599,212.5614
30.5333,214.2650,214.0545
30.5667,216.0734,216.0351
30.6000,217.9839,218.0351
30.6333,219.9952,220.0312
30.6667,222.1058,222.0312
30.7000,224.3144,224.5110
30.7333,226.6194,226.8271
30.7667,229.0192,228.8271
30.8000,231.5122,231.2279
30.8333,234.0967,233.9186
30.8667,236.7709,236.8271
30.9000,239.5330,239.3057
30.9333,242.3811,242.4028
30.9667,245.3132,244.8443
31.0000,248.3274,248.3084
31.0333,251.4215,251.2360
31.0667,254.5934,254.7773
31.1000,257.8411,257.6207
31.1333,261.1621,260.9718
31.1667,264.5544,264.7616
31.2000,268.0154,267.9078
31.2333,271.5430,271.3628
31.2667,275.1346,274.9718
31.3000,278.7877,278.7843
31.3333,282.5000,282.5736
31.3667,286.2688,286.3276
31.4000,290.0916,290.0140
31.4333,293.9657,294.0080
31.4667,297.8885,298.0080
31.5000,301.8572,301.8270
31.5333,305.8693,305.8538
31.5667,309.9219,309.8952
31.6000,314.0122,313.9286
31.6333,318.1375,318.3074
31.6667,322.2949,322.3206
31.7000,326.4815,326.3206
31.7333,330.6946,330.7746
31.7667,334.9311,334.8882
31.8000,339.1883,338.9113
31.8333,343.4632,343.1405
31.8667,347.7528,347.7201
31.9000,352.0542,352.0128
31.9333,356.3646,356.5572
31.9667,360.6808,360.7654
32.0000,365.0000,364.9019
32.0333,369.3192,369.1133
32.0667,373.6354,373.4061
32.1000,377.9458,378.0068
32.1333,382.2472,382.2938
32.1667,386.5368,386.5057
32.2000,390.8117,390.9248
32.2333,395.0689,394.9815
32.2667,399.3054,398.9815
32.3000,403.5185,403.4386
32.3333,407.7051,407.6750
32.3667,411.8625,411.6750
32.4000,415.9878,415.6724
32.4333,420.0781,419.9592
32.4667,424.1307,423.9592
32.5000,428.1428,427.9592
32.5333,432.1115,431.9732
32.5667,436.0343,435.9732
32.6000,439.9084,439.7832
32.6333,443.7312,443.5665
32.6667,447.5000,447.1300
32.7000,451.2123,451.1300
32.7333,454.8654,455.0472
32.7667,458.4570,458.6724
32.8000,461.9846,461.9971
32.8333,465.4456,465.3231
32.8667,468.8379,469.0472
32.9000,472.1589,472.1505
32.9333,475.4066,475.4457
32.9667,478.5785,478.6960
33.0000,481.6726,481.4321
33.0333,484.6868,484.6960
33.0667,487.6189,487.4405
33.1000,490.4670,490.5956
33.1333,493.2291,492.9271
33.1667,495.9033,495.7024
33.2000,498.4878,498.5881
33.2333,500.9808,500.9299
33.2667,503.3806,503.4405
33.3000,505.6856,505.5920
33.3333,507.8942,507.8539
33.3667,510.0048,509.8539
33.4000,512.0161,511.8507
33.4333,513.9266,513.8539
33.4667,515.7350,515.5877
33.5000,517.4401,517.2555
33.5333,519.0408,519.0703
33.5667,520.5358,520.6064
33.6000,521.9243,521.8539
33.6333,523.2053,523.1840
33.6667,524.3778,524.4168
33.7000,525.4410,525.3793
33.7333,526.3944,526.3612
33.7667,527.2371,527.0589
33.8000,527.9686,527.9730
33.8333,528.5884,528.7756
33.8667,529.0961,529.3078
33.9000,529.4914,529.6322
33.9333,529.7739,529.6876
33.9667,529.9435,529.8282
34.0000,530.0000,529.8282
34.0333,529.9749,529.7932
34.0667,529.8995,529.7618
34.1000,529.7739,529.7341
34.1333,529.5981,529.5778
34.1667,529.3721,529.4305
34.2000,529.0961,529.2878
34.2333,528.7701,529.0312
34.2667,528.3942,528.6565
34.3000,527.9686,527.9730
34.3333,527.4933,527.4389
34.3667,526.9685,526.9151
34.4000,526.3944,526.4072
34.4333,525.7711,525.4964
34.4667,525.0988,524.9804
34.5000,524.3778,524.4072
34.5333,523.6082,523.4746
34.5667,522.7903,522.7279
34.6000,521.9243,521.6692
34.6333,521.0106,520.9507
34.6667,520.0493,519.6071
34.7000,519.0408,518.8266
34.7333,517.9853,517.5782
34.7667,516.8833,516.8665
34.8000,515.7350,515.5782
34.8333,514.5408,514.7436
34.8667,513.3010,513.0373
34.9000,512.0161,512.0007
34.9333,510.6864,510.7267
34.9667,509.3123,509.0215
35.0000,507.8942,507.5782
35.0333,506.4326,506.4897
35.0667,504.9279,504.8979
35.1000,503.3806,503.2786
35.1333,501.7912,501.4673
35.1667,500.1601,500.0007
35.2000,498.4878,498.5855
35.2333,496.7749,496.9286
35.2667,495.0218,494.9286
35.3000,493.2291,492.9286
35.3333,491.3973,491.1868
35.3667,489.5271,489.1868
35.4000,487.6189,487.4171
35.4333,485.6734,485.6436
35.4667,483.6911,483.6436
35.5000,481.6726,481.6101
35.5333,479.6186,479.4913
35.5667,477.5297,477.1868
35.6000,475.4066,475.1868
35.6333,473.2497,473.1052
35.6667,471.0600,471.1052
35.7000,468.8379,468.8194
35.7333,466.5841,466.8194
35.7667,464.2995,464.3586
35.8000,461.9846,461.7084
35.8333,459.6401,459.4628
35.8667,457.2668,457.1052
35.9000,454.8654,454.8194
35.9333,452.4367,452.3573
35.9667,449.9813,449.6872
36.0000,447.5000,447.2846
36.0333,444.9936,444.8998
36.0667,442.4628,442.3335
36.1000,439.9084,439.7084
36.1333,437.3312,437.2008
36.1667,434.7320,434.8191
36.2000,432.1115,432.0039
36.2333,429.4706,429.2846
36.2667,426.8101,426.7386
36.3000,424.1307,424.2522
36.3333,421.4333,421.2846
36.3667,418.7187,418.7386
36.4000,415.9878,415.6258
36.4333,413.2413,413.1412
36.4667,410.4802,410.7386
36.5000,407.7051,407.6041
36.5333,404.9171,404.7386
36.5667,402.1169,402.2522
36.6000,399.3054,399.2909
36.6333,396.4835,396.7386
36.6667,393.6519,393.4662
36.7000,390.8117,391.0466
36.7333,387.9636,387.9457
36.7667,385.1084,385.0466
36.8000,382.2472,382.1244
36.8333,379.3807,379.2000
36.8667,376.5098,376.6014
36.9000,373.6354,373.4692
36.9333,370.7584,370.7774
36.9667,367.8796,367.8348
37.0000,365.0000,364.9649
37.0333,362.1204,362.2522
37.0667,359.2416,359.0041
37.1000,356.3646,356.2522
37.1333,353.4902,353.2956
37.1667,350.6193,350.5905
37.2000,347.7528,347.4692
37.2333,344.8916,345.1278
37.2667,342.0364,341.8539
37.3000,339.1883,338.9943
37.3333,336.3481,336.3848
37.3667,333.5165,333.3882
37.4000,330.6946,330.7779
37.4333,327.8831,328.0725
37.4667,325.0829,324.9692
37.5000,322.2949,322.3954
37.5333,319.5198,319.3229
37.5667,316.7587,316.7774
37.6000,314.0122,313.8382
37.6333,311.2813,310.9692
37.6667,308.5667,308.5734
37.7000,305.8693,305.5590
37.7333,303.1899,302.9692
37.7667,300.5294,300.5734
37.8000,297.8885,297.5940
37.8333,295.2680,295.1331
37.8667,292.6688,292.7608
37.9000,290.0916,289.8301
37.9333,287.5372,287.3229
37.9667,285.0064,284.9362
38.0000,282.5000,282.4964
38.0333,280.0187,279.8382
38.0667,277.5633,277.3469
38.1000,275.1346,274.9692
38.1333,272.7332,272.5916
38.1667,270.3599,270.4661
38.2000,268.0154,267.8382
38.2333,265.7005,265.3325
38.2667,263.4159,262.9692
38.3000,261.1621,260.9692
38.3333,258.9400,258.9692
38.3667,256.7503,256.7182
38.4000,254.5934,254.5870
38.4333,252.4703,252.6087
38.4667,250.3814,250.6087
38.5000,248.3274,248.6118
38.5333,246.3089,246.6118
38.5667,244.3266,244.6118
38.6000,242.3811,242.6118
38.6333,240.4729,240.6118
38.6667,238.6027,238.6118
38.7000,236.7709,236.9692
38.7333,234.9782,234.9692
38.7667,233.2251,232.9692
38.8000,231.5122,231.3469
38.8333,229.8399,229.3469
38.8667,228.2088,227.9722
38.9000,226.6194,226.7869
38.9333,225.0721,224.9919
38.9667,223.5674,223.2509
39.0000,222.1058,222.1359
39.0333,220.6877,220.5703
39.0667,219.3136,219.1532
39.1000,217.9839,218.1389
39.1333,216.6990,216.7670
39.1667,215.4592,215.3469
39.2000,214.2650,214.1359
39.2333,213.1167,212.9692
39.2667,212.0147,212.1068
39.3000,210.9592,211.0352
39.3333,209.9507,210.1068
39.3667,208.9894,209.0352
39.4000,208.0757,208.0338
39.4333,207.2097,207.0352
39.4667,206.3918,206.5480
39.5000,205.6222,205.4370
39.5333,204.9012,205.0352
39.5667,204.2289,204.5480
39.6000,203.6056,203.5084
39.6333,203.0315,203.0352
39.6667,202.5067,202.6852
39.7000,202.0314,202.1061
39.7333,201.6058,201.4370
39.7667,201.2299,201.1876
39.8000,200.9039,200.9260
39.8333,200.6279,200.6566
39.8667,200.4019,200.5012
39.9000,200.2261,200.2856
39.9333,200.1005,200.2212
39.9667,200.0251,200.4097
40.0000,200.0000,199.7175
40.0333,200.0565,200.0248
40.0667,200.2261,200.2970
40.1000,200.5086,200.5736
40.1333,200.9039,201.0074
40.1667,201.4116,201.4603
40.2000,202.0314,202.0000
40.2333,202.7629,202.5614
40.2667,203.6056,203.4531
40.3000,204.5590,204.5614
40.3333,205.6222,205.4709
40.3667,206.7947,206.6399
40.4000,208.0757,208.0339
40.4333,209.4642,209.3148
40.4667,210.9592,211.0057
40.5000,212.5599,212.5614
40.5333,214.2650,214.0545
40.5667,216.0734,216.0351
40.6000,217.9839,218.0351
40.6333,219.9952,220.0312
40.6667,222.1058,222.0312
40.7000,224.3144,224.5110
40.7333,226.6194,226.8271
40.7667,229.0192,228.8271
40.8000,231.5122,231.2279
40.8333,234.0967,233.9186
40.8667,236.7709,236.8271
40.9000,239.5330,239.3057
40.9333,242.3811,242.4028
40.9667,245.3132,244.8443
41.0000,248.3274,248.3084
41.0333,251.4215,251.2360
41.0667,254.5934,254.7773
41.1000,257.8411,257.6207
41.1333,261.1621,260.9718
41.1667,264.5544,264.7616
41.2000,268.0154,267.9078
41.2333,271.5430,271.3628
41.2667,275.1346,274.9718
41.3000,278.7877,278.7843
41.3333,282.5000,282.5736
41.3667,286.2688,286.3276
41.4000,290.0916,290.0140
41.4333,293.9657,294.0080
41.4667,297.8885,298.0080
41.5000,301.8572,301.8270
41.5333,305.8693,305.8538
41.5667,309.9219,309.8952
41.6000,314.0122,313.9286
41.6333,318.1375,318.3074
41.6667,322.2949,322.3206
41.7000,326.4815,326.3206
41.7333,330.6946,330.7746
41.7667,334.9311,334.8882
41.8000,339.1883,338.9113
41.8333,343.4632,343.1405
41.8667,347.7528,347.7201
41.9000,352.0542,352.0128
41.9333,356.3646,356.5572
41.9667,360.6808,360.7654
42.0000,365.0000,364.9019
42.0333,369.3192,369.1133
42.0667,373.6354,373.4061
42.1000,377.9458,378.0068
42.1333,382.2472,382.2938
42.1667,386.5368,386.5057
42.2000,390.8117,390.9248
42.2333,395.0689,394.9815
42.2667,399.3054,398.9815
42.3000,403.5185,403.4386
42.3333,407.7051,407.6750
42.3667,411.8625,411.6750
42.4000,415.9878,415.6724
42.4333,420.0781,419.9592
42.4667,424.1307,423.9592
42.5000,428.1428,427.9592
42.5333,432.1115,431.9732
42.5667,436.0343,435.9732
42.6000,439.9084,439.7832
42.6333,443.7312,443.5665
42.6667,447.5000,447.1300
42.7000,451.2123,451.1300
42.7333,454.8654,455.0472
42.7667,458.4570,458.6724
42.8000,461.9846,461.9971
42.8333,465.4456,465.3231
42.8667,468.8379,469.0472
42.9000,472.1589,472.1505
42.9333,475.4066,475.4457
42.9667,478.5785,478.6960
43.0000,481.6726,481.4321
43.0333,484.6868,484.6960
43.0667,487.6189,487.4405
43.1000,490.4670,490.5956
43.1333,493.2291,492.9271
43.1667,495.9033,495.7024
43.2000,498.4878,498.5881
43.2333,500.9808,500.9299
43.2667,503.3806,503.4405
43.3000,505.6856,505.5920
43.3333,507.8942,507.8539
43.3667,510.0048,509.8539
43.4000,512.0161,511.8507
43.4333,513.9266,513.8539
43.4667,515.7350,515.5877
43.5000,517.4401,517.2555
43.5333,519.0408,519.0703
43.5667,520.5358,520.6064
43.6000,521.9243,521.8539
43.6333,523.2053,523.1840
43.6667,524.3778,524.4168
43.7000,525.4410,525.3793
43.7333,526.3944,526.3612
43.7667,527.2371,527.0589
43.8000,527.9686,527.9730
43.8333,528.5884,528.7756
43.8667,529.0961,529.3078
43.9000,529.4914,529.6322
43.9333,529.7739,529.6876
43.9667,529.9435,529.8282
44.0000,530.0000,529.8282
44.0333,529.9749,529.7932
44.0667,529.8995,529.7618
44.1000,529.7739,529.7341
44.1333,529.5981,529.5778
44.1667,529.3721,529.4305
44.2000,529.0961,529.2878
44.2333,528.7701,529.0312
44.2667,528.3942,528.6565
44.3000,527.9686,527.9730
44.3333,527.4933,527.4389
44.3667,526.9685,526.9151
44.4000,526.3944,526.4072
44.4333,525.7711,525.4964
44.4667,525.0988,524.9804
44.5000,524.3778,524.4072
44.5333,523.6082,523.4746
44.5667,522.7903,522.7279
44.6000,521.9243,521.6692
44.6333,521.0106,520.9507
44.6667,520.0493,519.6071
44.7000,519.0408,518.8266
44.7333,517.9853,517.5782
44.7667,516.8833,516.8665
44.8000,515.7350,515.5782
44.8333,514.5408,514.7436
44.8667,513.3010,513.0373
44.9000,512.0161,512.0007
44.9333,510.6864,510.7267
44.9667,509.3123,509.0215
45.0000,507.8942,507.5782
45.0333,506.4326,506.4897
45.0667,504.9279,504.8979
45.1000,503.3806,503.2786
45.1333,501.7912,501.4673
45.1667,500.1601,500.0007
45.2000,498.4878,498.5855
45.2333,496.7749,496.9286
45.2667,495.0218,494.9286
45.3000,493.2291,492.9286
45.3333,491.3973,491.1868
45.3667,489.5271,489.1868
45.4000,487.6189,487.4171
45.4333,485.6734,485.6436
45.4667,483.6911,483.6436
45.5000,481.6726,481.6101
45.5333,479.6186,479.4913
45.5667,477.5297,477.1868
45.6000,475.4066,475.1868
45.6333,473.2497,473.1052
45.6667,471.0600,471.1052
45.7000,468.8379,468.8194
45.7333,466.5841,466.8194
45.7667,464.2995,464.3586
45.8000,461.9846,461.7084
45.8333,459.6401,459.4628
45.8667,457.2668,457.1052
45.9000,454.8654,454.8194
45.9333,452.4367,452.3573
45.9667,449.9813,449.6872
46.0000,447.5000,447.2846
46.0333,444.9936,444.8998
46.0667,442.4628,442.3335
46.1000,439.9084,439.7084
46.1333,437.3312,437.2008
46.1667,434.7320,434.8191
46.2000,432.1115,432.0039
46.2333,429.4706,429.2846
46.2667,426.8101,426.7386
46.3000,424.1307,424.2522
46.3333,421.4333,421.2846
46.3667,418.7187,418.7386
46.4000,415.9878,415.6258
46.4333,413.2413,413.1412
46.4667,410.4802,410.7386
46.5000,407.7051,407.6041
46.5333,404.9171,404.7386
46.5667,402.1169,402.2522
46.6000,399.3054,399.2909
46.6333,396.4835,396.7386
46.6667,393.6519,393.4662
46.7000,390.8117,391.0466
46.7333,387.9636,387.9457
46.7667,385.1084,385.0466
46.8000,382.2472,382.1244
46.8333,379.3807,379.2000
46.8667,376.5098,376.6014
46.9000,373.6354,373.4692
46.9333,370.7584,370.7774
46.9667,367.8796,367.8348
47.0000,365.0000,364.9649
47.0333,362.1204,362.2522
47.0667,359.2416,359.0041
47.1000,356.3646,356.2522
47.1333,353.4902,353.2956
47.1667,350.6193,350.5905
47.2000,347.7528,347.4692
47.2333,344.8916,345.1278
47.2667,342.0364,341.8539
47.3000,339.1883,338.9943
47.3333,336.3481,336.3848
47.3667,333.5165,333.3882
47.4000,330.6946,330.7779
47.4333,327.8831,328.0725
47.4667,325.0829,324.9692
47.5000,322.2949,322.3954
47.5333,319.5198,319.3229
47.5667,316.7587,316.7774
47.6000,314.0122,313.8382
47.6333,311.2813,310.9692
47.6667,308.5667,308.5734
47.7000,305.8693,305.5590
47.7333,303.1899,302.9692
47.7667,300.5294,300.5734
47.8000,297.8885,297.5940
47.8333,295.2680,295.1331
47.8667,292.6688,292.7608
47.9000,290.0916,289.8301
47.9333,287.5372,287.3229
47.9667,285.0064,284.9362
48.0000,282.5000,282.4964
48.0333,280.0187,279.8382
48.0667,277.5633,277.3469
48.1000,275.1346,274.9692
48.1333,272.7332,272.5916
48.1667,270.3599,270.4661
48.2000,268.0154,267.8382
48.2333,265.7005,265.3325
48.2667,263.4159,262.9692
48.3000,261.1621,260.9692
48.3333,258.9400,258.9692
48.3667,256.7503,256.7182
48.4000,254.5934,254.5870
48.4333,252.4703,252.6087
48.4667,250.3814,250.6087
48.5000,248.3274,248.6118
48.5333,246.3089,246.6118
48.5667,244.3266,244.6118
48.6000,242.3811,242.6118
48.6333,240.4729,240.6118
48.6667,238.6027,238.6118
48.7000,236.7709,236.9692
48.7333,234.9782,234.9692
48.7667,233.2251,232.9692
48.8000,231.5122,231.3469
48.8333,229.8399,229.3469
48.8667,228.2088,227.9722
48.9000,226.6194,226.7869
48.9333,225.0721,224.9919
48.9667,223.5674,223.2509
49.0000,222.1058,222.1359
49.0333,220.6877,220.5703
49.0667,219.3136,219.1532
49.1000,217.9839,218.1389
49.1333,216.6990,216.7670
49.1667,215.4592,215.3469
49.2000,214.2650,214.1359
49.2333,213.1167,212.9692
49.2667,212.0147,212.1068
49.3000,210.9592,211.0352
49.3333,209.9507,210.1068
49.3667,208.9894,209.0352
49.4000,208.0757,208.0338
49.4333,207.2097,207.0352
49.4667,206.3918,206.5480
49.5000,205.6222,205.4370
49.5333,204.9012,205.0352
49.5667,204.2289,204.5480
49.6000,203.6056,203.5084
49.6333,203.0315,203.0352
49.6667,202.5067,202.6852
49.7000,202.0314,202.1061
49.7333,201.6058,201.4370
49.7667,201.2299,201.1876
49.8000,200.9039,200.9260
49.8333,200.6279,200.6566
49.8667,200.4019,200.5012
49.9000,200.2261,200.2856
49.9333,200.1005,200.2212
49.9667,200.0251,200.4097
50.0000,200.0000,199.7175
50.0333,200.0565,200.0248
50.0667,200.2261,200.2970
50.1000,200.5086,200.5736
50.1333,200.9039,201.0074
50.1667,201.4116,201.4603
50.2000,202.0314,202.0000
50.2333,202.7629,202.5614
50.2667,203.6056,203.4531
50.3000,204.5590,204.5614
50.3333,205.6222,205.4709
50.3667,206.7947,206.6399
50.4000,208.0757,208.0339
50.4333,209.4642,209.3148
50.4667,210.9592,211.0057
50.5000,212.5599,212.5614
50.5333,214.2650,214.0545
50.5667,216.0734,216.0351
50.6000,217.9839,218.0351
50.6333,219.9952,220.0312
50.6667,222.1058,222.0312
50.7000,224.3144,224.5110
50.7333,226.6194,226.8271
50.7667,229.0192,228.8271
50.8000,231.5122,231.2279
50.8333,234.0967,233.9186
50.8667,236.7709,236.8271
50.9000,239.5330,239.3057
50.9333,242.3811,242.4028
50.9667,245.3132,244.8443
51.0000,248.3274,248.3084
51.0333,251.4215,251.2360
51.0667,254.5934,254.7773
51.1000,257.8411,257.6207
51.1333,261.1621,260.9718
51.1667,264.5544,264.7616
51.2000,268.0154,267.9078
51.2333,271.5430,271.3628
51.2667,275.1346,274.9718
51.3000,278.7877,278.7843
51.3333,282.5000,282.5736
51.3667,286.2688,286.3276
51.4000,290.0916,290.0140
51.4333,293.9657,294.0080
51.4667,297.8885,298.0080
51.5000,301.8572,301.8270
51.5333,305.8693,305.8538
51.5667,309.9219,309.8952
51.6000,314.0122,313.9286
51.6333,318.1375,318.3074
51.6667,322.2949,322.3206
51.7000,326.4815,326.3206
51.7333,330.6946,330.7746
51.7667,334.9311,334.8882
51.8000,339.1883,338.9113
51.8333,343.4632,343.1405
51.8667,347.7528,347.7201
51.9000,352.0542,352.0128
51.9333,356.3646,356.5572
51.9667,360.6808,360.7654
52.0000,365.0000,364.9019
52.0333,369.3192,369.1133
52.0667,373.6354,373.4061
52.1000,377.9458,378.0068
52.1333,382.2472,382.2938
52.1667,386.5368,386.5057
52.2000,390.8117,390.9248
52.2333,395.0689,394.9815
52.2667,399.3054,398.9815
52.3000,403.5185,403.4386
52.3333,407.7051,407.6750
52.3667,411.8625,411.6750
52.4000,415.9878,415.6724
52.4333,420.0781,419.9592
52.4667,424.1307,423.9592
52.5000,428.1428,427.9592
52.5333,432.1115,431.9732
52.5667,436.0343,435.9732
52.6000,439.9084,439.7832
52.6333,443.7312,443.5665
52.6667,447.5000,447.1300
52.7000,451.2123,451.1300
52.7333,454.8654,455.0472
52.7667,458.4570,458.6724
52.8000,461.9846,461.9971
52.8333,465.4456,465.3231
52.8667,468.8379,469.0472
52.9000,472.1589,472.1505
52.9333,475.4066,475.4457
52.9667,478.5785,478.6960
53.0000,481.6726,481.4321
53.0333,484.6868,484.6960
53.0667,487.6189,487.4405
53.1000,490.4670,490.5956
53.1333,493.2291,492.9271
53.1667,495.9033,495.7024
53.2000,498.4878,498.5881
53.2333,500.9808,500.9299
53.2667,503.3806,503.4405
53.3000,505.6856,505.5920
53.3333,507.8942,507.8539
53.3667,510.0048,509.8539
53.4000,512.0161,511.8507
53.4333,513.9266,513.8539
53.4667,515.7350,515.5877
53.5000,517.4401,517.2555
53.5333,519.0408,519.0703
53.5667,520.5358,520.6064
53.6000,521.9243,521.8539
53.6333,523.2053,523.1840
53.6667,524.3778,524.4168
53.7000,525.4410,525.3793
53.7333,526.3944,526.3612
53.7667,527.2371,527.0589
53.8000,527.9686,527.9730
53.8333,528.5884,528.7756
53.8667,529.0961,529.3078
53.9000,529.4914,529.6322
53.9333,529.7739,529.6876
53.9667,529.9435,529.8282
54.0000,530.0000,529.8282
54.0333,529.9749,529.7932
54.0667,529.8995,529.7618
54.1000,529.7739,529.7341
54.1333,529.5981,529.5778
54.1667,529.3721,529.4305
54.2000,529.0961,529.2878
54.2333,528.7701,529.0312
54.2667,528.3942,528.6565
54.3000,527.9686,527.9730
54.3333,527.4933,527.4389
54.3667,526.9685,526.9151
54.4000,526.3944,526.4072
54.4333,525.7711,525.4964
54.4667,525.0988,524.9804
54.5000,524.3778,524.4072
54.5333,523.6082,523.4746
54.5667,522.7903,522.7279
54.6000,521.9243,521.6692
54.6333,521.0106,520.9507
54.6667,520.0493,519.6071
54.7000,519.0408,518.8266
54.7333,517.9853,517.5782
54.7667,516.8833,516.8665
54.8000,515.7350,515.5782
54.8333,514.5408,514.7436
54.8667,513.3010,513.0373
54.9000,512.0161,512.0007
54.9333,510.6864,510.7267
54.9667,509.3123,509.0215
55.0000,507.8942,507.5782
55.0333,506.4326,506.4897
55.0667,504.9279,504.8979
55.1000,503.3806,503.2786
55.1333,501.7912,501.4673
55.1667,500.1601,500.0007
55.2000,498.4878,498.5855
55.2333,496.7749,496.9286
55.2667,495.0218,494.9286
55.3000,493.2291,492.9286
55.3333,491.3973,491.1868
55.3667,489.5271,489.1868
55.4000,487.6189,487.4171
55.4333,485.6734,485.6436
55.4667,483.6911,483.6436
55.5000,481.6726,481.6101
55.5333,479.6186,479.4913
55.5667,477.5297,477.1868
55.6000,475.4066,475.1868
55.6333,473.2497,473.1052
55.6667,471.0600,471.1052
55.7000,468.8379,468.8194
55.7333,466.5841,466.8194
55.7667,464.2995,464.3586
55.8000,461.9846,461.7084
55.8333,459.6401,459.4628
55.8667,457.2668,457.1052
55.9000,454.8654,454.8194
55.9333,452.4367,452.3573
55.9667,449.9813,449.6872
56.0000,447.5000,447.2846
56.0333,444.9936,444.8998
56.0667,442.4628,442.3335
56.1000,439.9084,439.7084
56.1333,437.3312,437.2008
56.1667,434.7320,434.8191
56.2000,432.1115,432.0039
56.2333,429.4706,429.2846
56.2667,426.8101,426.7386
56.3000,424.1307,424.2522
56.3333,421.4333,421.2846
56.3667,418.7187,418.7386
56.4000,415.9878,415.6258
56.4333,413.2413,413.1412
56.4667,410.4802,410.7386
56.5000,407.7051,407.6041
56.5333,404.9171,404.7386
56.5667,402.1169,402.2522
56.6000,399.3054,399.2909
56.6333,396.4835,396.7386
56.6667,393.6519,393.4662
56.7000,390.8117,391.0466
56.7333,387.9636,387.9457
56.7667,385.1084,385.0466
56.8000,382.2472,382.1244
56.8333,379.3807,379.2000
56.8667,376.5098,376.6014
56.9000,373.6354,373.4692
56.9333,370.7584,370.7774
56.9667,367.8796,367.8348
57.0000,365.0000,364.9649
57.0333,362.1204,362.2522
57.0667,359.2416,359.0041
57.1000,356.3646,356.2522
57.1333,353.4902,353.2956
57.1667,350.6193,350.5905
57.2000,347.7528,347.4692
57.2333,344.8916,345.1278
57.2667,342.0364,341.8539
57.3000,339.1883,338.9943
57.3333,336.3481,336.3848
57.3667,333.5165,333.3882
57.4000,330.6946,330.7779
57.4333,327.8831,328.0725
57.4667,325.0829,324.9692
57.5000,322.2949,322.3954
57.5333,319.5198,319.3229
57.5667,316.7587,316.7774
57.6000,314.0122,313.8382
57.6333,311.2813,310.9692
57.6667,308.5667,308.5734
57.7000,305.8693,305.5590
57.7333,303.1899,302.9692
57.7667,300.5294,300.5734
57.8000,297.8885,297.5940
57.8333,295.2680,295.1331
57.8667,292.6688,292.7608
57.9000,290.0916,289.8301
57.9333,287.5372,287.3229
57.9667,285.0064,284.9362
58.0000,282.5000,282.4964
58.0333,280.0187,279.8382
58.0667,277.5633,277.3469
58.1000,275.1346,274.9692
58.1333,272.7332,272.5916
58.1667,270.3599,270.4661
58.2000,268.0154,267.8382
58.2333,265.7005,265.3325
58.2667,263.4159,262.9692
58.3000,261.1621,260.9692
58.3333,258.9400,258.9692
58.3667,256.7503,256.7182
58.4000,254.5934,254.5870
58.4333,252.4703,252.6087
58.4667,250.3814,250.6087
58.5000,248.3274,248.6118
58.5333,246.3089,246.6118
58.5667,244.3266,244.6118
58.6000,242.3811,242.6118
58.6333,240.4729,240.6118
58.6667,238.6027,238.6118
58.7000,236.7709,236.9692
58.7333,234.9782,234.9692
58.7667,233.2251,232.9692
58.8000,231.5122,231.3469
58.8333,229.8399,229.3469
58.8667,228.2088,227.9722
58.9000,226.6194,226.7869
58.9333,225.0721,224.9919
58.9667,223.5674,223.2509
59.0000,222.1058,222.1359
59.0333,220.6877,220.5703
59.0667,219.3136,219.1532
59.1000,217.9839,218.1389
59.1333,216.6990,216.7670
59.1667,215.4592,215.3469
59.2000,214.2650,214.1359
59.2333,213.1167,212.9692
59.2667,212.0147,212.1068
59.3000,210.9592,211.0352
59.3333,209.9507,210.1068
59.3667,208.9894,209.0352
59.4000,208.0757,208.0338
59.4333,207.2097,207.0352
59.4667,206.3918,206.5480
59.5000,205.6222,205.4370
59.5333,204.9012,205.0352
59.5667,204.2289,204.5480
59.6000,203.6056,203.5084
59.6333,203.0315,203.0352
59.6667,202.5067,202.6852
59.7000,202.0314,202.1061
59.7333,201.6058,201.4370
59.7667,201.2299,201.1876
59.8000,200.9039,200.9260
59.8333,200.6279,200.6566
59.8667,200.4019,200.5012
59.9000,200.2261,200.2856
59.9333,200.1005,200.2212
59.9667,200.0251,200.4097
60.0000,200.0000,199.7175
60.0333,200.0565,200.0248
60.0667,200.2261,200.2970
60.1000,200.5086,200.5736
60.1333,200.9039,201.0074
60.1667,201.4116,201.4603
60.2000,202.0314,202.0000
60.2333,202.7629,202.5614
60.2667,203.6056,203.4531
60.3000,204.5590,204.5614
60.3333,205.6222,205.4709
60.3667,206.7947,206.6399
60.4000,208.0757,208.0339
60.4333,209.4642,209.3148
60.4667,210.9592,211.0057
60.5000,212.5599,212.5614
60.5333,214.2650,214.0545
60.5667,216.0734,216.0351
60.6000,217.9839,218.0351
60.6333,219.9952,220.0312
60.6667,222.1058,222.0312
60.7000,224.3144,224.5110
60.7333,226.6194,226.8271
60.7667,229.0192,228.8271
60.8000,231.5122,231.2279
60.8333,234.0967,233.9186
60.8667,236.7709,236.8271
60.9000,239.5330,239.3057
60.9333,242.3811,242.4028
60.9667,245.3132,244.8443
61.0000,248.3274,248.3084
61.0333,251.4215,251.2360
61.0667,254.5934,254.7773
61.1000,257.8411,257.6207
61.1333,261.1621,260.9718
61.1667,264.5544,264.7616
61.2000,268.0154,267.9078
61.2333,271.5430,271.3628
61.2667,275.1346,274.9718
61.3000,278.7877,278.7843
61.3333,282.5000,282.5736
61.3667,286.2688,286.3276
61.4000,290.0916,290.0140
61.4333,293.9657,294.0080
61.4667,297.8885,298.0080
61.5000,301.8572,301.8270
61.5333,305.8693,305.8538
61.5667,309.9219,309.8952
61.6000,314.0122,313.9286
61.6333,318.1375,318.3074
61.6667,322.2949,322.3206
61.7000,326.4815,326.3206
61.7333,330.6946,330.7746
61.7667,334.9311,334.8882
61.8000,339.1883,338.9113
61.8333,343.4632,343.1405
61.8667,347.7528,347.7201
61.9000,352.0542,352.0128
61.9333,356.3646,356.5572
61.9667,360.6808,360.7654
62.0000,365.0000,364.9019
62.0333,369.3192,369.1133
62.0667,373.6354,373.4061
62.1000,377.9458,378.0068
62.1333,382.2472,382.2938
62.1667,386.5368,386.5057
62.2000,390.8117,390.9248
62.2333,395.0689,394.9815
62.2667,399.3054,398.9815
62.3000,403.5185,403.4386
62.3333,407.7051,407.6750
62.3667,411.8625,411.6750
62.4000,415.9878,415.6724
62.4333,420.0781,419.9592
62.4667,424.1307,423.9592
62.5000,428.1428,427.9592
62.5333,432.1115,431.9732
62.5667,436.0343,435.9732
62.6000,439.9084,439.7832
62.6333,443.7312,443.5665
62.6667,447.5000,447.1300
62.7000,451.2123,451.1300
62.7333,454.8654,455.0472
62.7667,458.4570,458.6724
62.8000,461.9846,461.9971
62.8333,465.4456,465.3231
62.8667,468.8379,469.0472
62.9000,472.1589,472.1505
62.9333,475.4066,475.4457
62.9667,478.5785,478.6960
63.0000,481.6726,481.4321
63.0333,484.6868,484.6960
63.0667,487.6189,487.4405
63.1000,490.4670,490.5956
63.1333,493.2291,492.9271
63.1667,495.9033,495.7024
63.2000,498.4878,498.5881
63.2333,500.9808,500.9299
63.2667,503.3806,503.4405
63.3000,505.6856,505.5920
63.3333,507.8942,507.8539
63.3667,510.0048,509.8539
63.4000,512.0161,511.8507
63.4333,513.9266,513.8539
63.4667,515.7350,515.5877
63.5000,517.4401,517.2555
63.5333,519.0408,519.0703
63.5667,520.5358,520.6064
63.6000,521.9243,521.8539
63.6333,523.2053,523.1840
63.6667,524.3778,524.4168
63.7000,525.4410,525.3793
63.7333,526.3944,526.3612
63.7667,527.2371,527.0589
63.8000,527.9686,527.9730
63.8333,528.5884,528.7756
63.8667,529.0961,529.3078
63.9000,529.4914,529.6322
63.9333,529.7739,529.6876
63.9667,529.9435,529.8282
64.0000,530.0000,529.8282
64.0333,529.9749,529.7932
64.0667,529.8995,529.7618
64.1000,529.7739,529.7341
64.1333,529.5981,529.5778
64.1667,529.3721,529.4305
64.2000,529.0961,529.2878
64.2333,528.7701,529.0312
64.2667,528.3942,528.6565
64.3000,527.9686,527.9730
64.3333,527.4933,527.4389
64.3667,526.9685,526.9151
64.4000,526.3944,526.4072
64.4333,525.7711,525.4964
64.4667,525.0988,524.9804
64.5000,524.3778,524.4072
64.5333,523.6082,523.4746
64.5667,522.7903,522.7279
64.6000,521.9243,521.6692
64.6333,521.0106,520.9507
64.6667,520.0493,519.6071
64.7000,519.0408,518.8266
64.7333,517.9853,517.5782
64.7667,516.8833,516.8665
64.8000,515.7350,515.5782
64.8333,514.5408,514.7436
64.8667,513.3010,513.0373
64.9000,512.0161,512.0007
64.9333,510.6864,510.7267
64.9667,509.3123,509.0215
65.0000,507.8942,507.5782
65.0333,506.4326,506.4897
65.0667,504.9279,504.8979
65.1000,503.3806,503.2786
65.1333,501.7912,501.4673
65.1667,500.1601,500.0007
65.2000,498.4878,498.5855
65.2333,496.7749,496.9286
65.2667,495.0218,494.9286
65.3000,493.2291,492.9286
65.3333,491.3973,491.1868
65.3667,489.5271,489.1868
65.4000,487.6189,487.4171
65.4333,485.6734,485.6436
65.4667,483.6911,483.6436
65.5000,481.6726,481.6101
65.5333,479.6186,479.4913
65.5667,477.5297,477.1868
65.6000,475.4066,475.1868
65.6333,473.2497,473.1052
65.6667,471.0600,471.1052
65.7000,468.8379,468.8194
65.7333,466.5841,466.8194
65.7667,464.2995,464.3586
65.8000,461.9846,461.7084
65.8333,459.6401,459.4628
65.8667,457.2668,457.1052
65.9000,454.8654,454.8194
65.9333,452.4367,452.3573
65.9667,449.9813,449.6872
66.0000,447.5000,447.2846
66.0333,444.9936,444.8998
66.0667,442.4628,442.3335
66.1000,439.9084,439.7084
66.1333,437.3312,437.2008
66.1667,434.7320,434.8191
66.2000,432.1115,432.0039
66.2333,429.4706,429.2846
66.2667,426.8101,426.7386
66.3000,424.1307,424.2522
66.3333,421.4333,421.2846
66.3667,418.7187,418.7386
66.4000,415.9878,415.6258
66.4333,413.2413,413.1412
66.4667,410.4802,410.7386
66.5000,407.7051,407.6041
66.5333,404.9171,404.7386
66.5667,402.1169,402.2522
66.6000,399.3054,399.2909
66.6333,396.4835,396.7386
66.6667,393.6519,393.4662
66.7000,390.8117,391.0466
66.7333,387.9636,387.9457
66.7667,385.1084,385.0466
66.8000,382.2472,382.1244
66.8333,379.3807,379.2000
66.8667,376.5098,376.6014
66.9000,373.6354,373.4692
66.9333,370.7584,370.7774
66.9667,367.8796,367.8348
67.0000,365.0000,364.9649
67.0333,362.1204,362.2522
67.0667,359.2416,359.0041
67.1000,356.3646,356.2522
67.1333,353.4902,353.2956
67.1667,350.6193,350.5905
67.2000,347.7528,347.4692
67.2333,344.8916,345.1278
67.2667,342.0364,341.8539
67.3000,339.1883,338.9943
67.3333,336.3481,336.3848
67.3667,333.5165,333.3882
67.4000,330.6946,330.7779
67.4333,327.8831,328.0725
67.4667,325.0829,324.9692
67.5000,322.2949,322.3954
67.5333,319.5198,319.3229
67.5667,316.7587,316.7774
67.6000,314.0122,313.8382
67.6333,311.2813,310.9692
67.6667,308.5667,308.5734
67.7000,305.8693,305.5590
67.7333,303.1899,302.9692
67.7667,300.5294,300.5734
67.8000,297.8885,297.5940
67.8333,295.2680,295.1331
67.8667,292.6688,292.7608
67.9000,290.0916,289.8301
67.9333,287.5372,287.3229
67.9667,285.0064,284.9362
68.0000,282.5000,282.4964
68.0333,280.0187,279.8382
68.0667,277.5633,277.3469
68.1000,275.1346,274.9692
68.1333,272.7332,272.5916
68.1667,270.3599,270.4661
68.2000,268.0154,267.8382
68.2333,265.7005,265.3325
68.2667,263.4159,262.9692
68.3000,261.1621,260.9692
68.3333,258.9400,258.9692
68.3667,256.7503,256.7182
68.4000,254.5934,254.5870
68.4333,252.4703,252.6087
68.4667,250.3814,250.6087
68.5000,248.3274,248.6118
68.5333,246.3089,246.6118
68.5667,244.3266,244.6118
68.6000,242.3811,242.6118
68.6333,240.4729,240.6118
68.6667,238.6027,238.6118
68.7000,236.7709,236.9692
68.7333,234.9782,234.9692
68.7667,233.2251,232.9692
68.8000,231.5122,231.3469
68.8333,229.8399,229.3469
68.8667,228.2088,227.9722
68.9000,226.6194,226.7869
68.9333,225.0721,224.9919
68.9667,223.5674,223.2509
69.0000,222.1058,222.1359
69.0333,220.6877,220.5703
69.0667,219.3136,219.1532
69.1000,217.9839,218.1389
69.1333,216.6990,216.7670
69.1667,215.4592,215.3469
69.2000,214.2650,214.1359
69.2333,213.1167,212.9692
69.2667,212.0147,212.1068
69.3000,210.9592,211.0352
69.3333,209.9507,210.1068
69.3667,208.9894,209.0352
69.4000,208.0757,208.0338
69.4333,207.2097,207.0352
69.4667,206.3918,206.5480
69.5000,205.6222,205.4370
69.5333,204.9012,205.0352
69.5667,204.2289,204.5480
69.6000,203.6056,203.5084
69.6333,203.0315,203.0352
69.6667,202.5067,202.6852
69.7000,202.0314,202.1061
69.7333,201.6058,201.4370
69.7667,201.2299,201.1876
69.8000,200.9039,200.9260
69.8333,200.6279,200.6566
69.8667,200.4019,200.5012
69.9000,200.2261,200.2856
69.9333,200.1005,200.2212
69.9667,200.0251,200.4097
70.0000,200.0000,199.7175
70.0333,200.0565,200.0248
70.0667,200.2261,200.2970
70.1000,200.5086,200.5736
70.1333,200.9039,201.0074
70.1667,201.4116,201.4603
70.2000,202.0314,202.0000
70.2333,202.7629,202.5614
70.2667,203.6056,203.4531
70.3000,204.5590,204.5614
70.3333,205.6222,205.4709
70.3667,206.7947,206.6399
70.4000,208.0757,208.0339
70.4333,209.4642,209.3148
70.4667,210.9592,211.0057
70.5000,212.5599,212.5614
70.5333,214.2650,214.0545
70.5667,216.0734,216.0351
70.6000,217.9839,218.0351
70.6333,219.9952,220.0312
70.6667,222.1058,222.0312
70.7000,224.3144,224.5110
70.7333,226.6194,226.8271
70.7667,229.0192,228.8271
70.8000,231.5122,231.2279
70.8333,234.0967,233.9186
70.8667,236.7709,236.8271
70.9000,239.5330,239.3057
70.9333,242.3811,242.4028
70.9667,245.3132,244.8443
71.0000,248.3274,248.3084
71.0333,251.4215,251.2360
71.0667,254.5934,254.7773
71.1000,257.8411,257.6207
71.1333,261.1621,260.9718
71.1667,264.5544,264.7616
71.2000,268.0154,267.9078
71.2333,271.5430,271.3628
71.2667,275.1346,274.9718
71.3000,278.7877,278.7843
71.3333,282.5000,282.5736
71.3667,286.2688,286.3276
71.4000,290.0916,290.0140
71.4333,293.9657,294.0080
71.4667,297.8885,298.0080
71.5000,301.8572,301.8270
71.5333,305.8693,305.8538
71.5667,309.9219,309.8952
71.6000,314.0122,313.9286
71.6333,318.1375,318.3074
71.6667,322.2949,322.3206
71.7000,326.4815,326.3206
71.7333,330.6946,330.7746
71.7667,334.9311,334.8882
71.8000,339.1883,338.9113
71.8333,343.4632,343.1405
71.8667,347.7528,347.7201
71.9000,352.0542,352.0128
71.9333,356.3646,356.5572
71.9667,360.6808,360.7654
72.0000,365.0000,364.9019
72.0333,369.3192,369.1133
72.0667,373.6354,373.4061
72.1000,377.9458,378.0068
72.1333,382.2472,382.2938
72.1667,386.5368,386.5057
72.2000,390.8117,390.9248
72.2333,395.0689,394.9815
72.2667,399.3054,398.9815
72.3000,403.5185,403.4386
72.3333,407.7051,407.6750
72.3667,411.8625,411.6750
72.4000,415.9878,415.6724
72.4333,420.0781,419.9592
72.4667,424.1307,423.9592
72.5000,428.1428,427.9592
72.5333,432.1115,431.9732
72.5667,436.0343,435.9732
72.6000,439.9084,439.7832
72.6333,443.7312,443.5665
72.6667,447.5000,447.1300
72.7000,451.2123,451.1300
72.7333,454.8654,455.0472
72.7667,458.4570,458.6724
72.8000,461.9846,461.9971
72.8333,465.4456,465.3231
72.8667,468.8379,469.0472
72.9000,472.1589,472.1505
72.9333,475.4066,475.4457
72.9667,478.5785,478.6960
73.0000,481.6726,481.4321
73.0333,484.6868,484.6960
73.0667,487.6189,487.4405
73.1000,490.4670,490.5956
73.1333,493.2291,492.9271
73.1667,495.9033,495.7024
73.2000,498.4878,498.5881
73.2333,500.9808,500.9299
73.2667,503.3806,503.4405
73.3000,505.6856,505.5920
73.3333,507.8942,507.8539
73.3667,510.0048,509.8539
73.4000,512.0161,511.8507
73.4333,513.9266,513.8539
73.4667,515.7350,515.5877
73.5000,517.4401,517.2555
73.5333,519.0408,519.0703
73.5667,520.5358,520.6064
73.6000,521.9243,521.8539
73.6333,523.2053,523.1840
73.6667,524.3778,524.4168
73.7000,525.4410,525.3793
73.7333,526.3944,526.3612
73.7667,527.2371,527.0589
73.8000,527.9686,527.9730
73.8333,528.5884,528.7756
73.8667,529.0961,529.3078
73.9000,529.4914,529.6322
73.9333,529.7739,529.6876
73.9667,529.9435,529.8282
74.0000,530.0000,529.8282
74.0333,529.9749,529.7932
74.0667,529.8995,529.7618
74.1000,529.7739,529.7341
74.1333,529.5981,529.5778
74.1667,529.3721,529.4305
74.2000,529.0961,529.2878
74.2333,528.7701,529.0312
74.2667,528.3942,528.6565
74.3000,527.9686,527.9730
74.3333,527.4933,527.4389
74.3667,526.9685,526.9151
74.4000,526.3944,526.4072
74.4333,525.7711,525.4964
74.4667,525.0988,524.9804
74.5000,524.3778,524.4072
74.5333,523.6082,523.4746
74.5667,522.7903,522.7279
74.6000,521.9243,521.6692
74.6333,521.0106,520.9507
74.6667,520.0493,519.6071
74.7000,519.0408,518.8266
74.7333,517.9853,517.5782
74.7667,516.8833,516.8665
74.8000,515.7350,515.5782
74.8333,514.5408,514.7436
74.8667,513.3010,513.0373
74.9000,512.0161,512.0007
74.9333,510.6864,510.7267
74.9667,509.3123,509.0215
75.0000,507.8942,507.5782
75.0333,506.4326,506.4897
75.0667,504.9279,504.8979
75.1000,503.3806,503.2786
75.1333,501.7912,501.4673
75.1667,500.1601,500.0007
75.2000,498.4878,498.5855
75.2333,496.7749,496.9286
75.2667,495.0218,494.9286
75.3000,493.2291,492.9286
75.3333,491.3973,491.1868
75.3667,489.5271,489.1868
75.4000,487.6189,487.4171
75.4333,485.6734,485.6436
75.4667,483.6911,483.6436
75.5000,481.6726,481.6101
75.5333,479.6186,479.4913
75.5667,477.5297,477.1868
75.6000,475.4066,475.1868
75.6333,473.2497,473.1052
75.6667,471.0600,471.1052
75.7000,468.8379,468.8194
75.7333,466.5841,466.8194
75.7667,464.2995,464.3586
75.8000,461.9846,461.7084
75.8333,459.6401,459.4628
75.8667,457.2668,457.1052
75.9000,454.8654,454.8194
75.9333,452.4367,452.3573
75.9667,449.9813,449.6872
76.0000,447.5000,447.2846
76.0333,444.9936,444.8998
76.0667,442.4628,442.3335
76.1000,439.9084,439.7084
76.1333,437.3312,437.2008
76.1667,434.7320,434.8191
76.2000,432.1115,432.0039
76.2333,429.4706,429.2846
76.2667,426.8101,426.7386
76.3000,424.1307,424.2522
76.3333,421.4333,421.2846
76.3667,418.7187,418.7386
76.4000,415.9878,415.6258
76.4333,413.2413,413.1412
76.4667,410.4802,410.7386
76.5000,407.7051,407.6041
76.5333,404.9171,404.7386
76.5667,402.1169,402.2522
76.6000,399.3054,399.2909
76.6333,396.4835,396.7386
76.6667,393.6519,393.4662
76.7000,390.8117,391.0466
76.7333,387.9636,387.9457
76.7667,385.1084,385.0466
76.8000,382.2472,382.1244
76.8333,379.3807,379.2000
76.8667,376.5098,376.6014
76.9000,373.6354,373.4692
76.9333,370.7584,370.7774
76.9667,367.8796,367.8348
77.0000,365.0000,364.9649
77.0333,362.1204,362.2522
77.0667,359.2416,359.0041
77.1000,356.3646,356.2522
77.1333,353.4902,353.2956
77.1667,350.6193,350.5905
77.2000,347.7528,347.4692
77.2333,344.8916,345.1278
77.2667,342.0364,341.8539
77.3000,339.1883,338.9943
77.3333,336.3481,336.3848
77.3667,333.5165,333.3882
77.4000,330.6946,330.7779
77.4333,327.8831,328.0725
77.4667,325.0829,324.9692
77.5000,322.2949,322.3954
77.5333,319.5198,319.3229
77.5667,316.7587,316.7774
77.6000,314.0122,313.8382
77.6333,311.2813,310.9692
77.6667,308.5667,308.5734
77.7000,305.8693,305.5590
77.7333,303.1899,302.9692
77.7667,300.5294,300.5734
77.8000,297.8885,297.5940
77.8333,295.2680,295.1331
77.8667,292.6688,292.7608
77.9000,290.0916,289.8301
77.9333,287.5372,287.3229
77.9667,285.0064,284.9362
78.0000,282.5000,282.4964
78.0333,280.0187,279.8382
78.0667,277.5633,277.3469
78.1000,275.1346,274.9692
78.1333,272.7332,272.5916
78.1667,270.3599,270.4661
78.2000,268.0154,267.8382
78.2333,265.7005,265.3325
78.2667,263.4159,262.9692
78.3000,261.1621,260.9692
78.3333,258.9400,258.9692
78.3667,256.7503,256.7182
78.4000,254.5934,254.5870
78.4333,252.4703,252.6087
78.4667,250.3814,250.6087
78.5000,248.3274,248.6118
78.5333,246.3089,246.6118
78.5667,244.3266,244.6118
78.6000,242.3811,242.6118
78.6333,240.4729,240.6118
78.6667,238.6027,238.6118
78.7000,236.7709,236.9692
78.7333,234.9782,234.9692
78.7667,233.2251,232.9692
78.8000,231.5122,231.3469
78.8333,229.8399,229.3469
78.8667,228.2088,227.9722
78.9000,226.6194,226.7869
78.9333,225.0721,224.9919
78.9667,223.5674,223.2509
79.0000,222.1058,222.1359
79.0333,220.6877,220.5703
79.0667,219.3136,219.1532
79.1000,217.9839,218.1389
79.1333,216.6990,216.7670
79.1667,215.4592,215.3469
79.2000,214.2650,214.1359
79.2333,213.1167,212.9692
79.2667,212.0147,212.1068
79.3000,210.9592,211.0352
79.3333,209.9507,210.1068
79.3667,208.9894,209.0352
79.4000,208.0757,208.0338
79.4333,207.2097,207.0352
79.4667,206.3918,206.5480
79.5000,205.6222,205.4370
79.5333,204.9012,205.0352
79.5667,204.2289,204.5480
79.6000,203.6056,203.5084
79.6333,203.0315,203.0352
79.6667,202.5067,202.6852
79.7000,202.0314,202.1061
79.7333,201.6058,201.4370
79.7667,201.2299,201.1876
79.8000,200.9039,200.9260
79.8333,200.6279,200.6566
79.8667,200.4019,200.5012
79.9000,200.2261,200.2856
79.9333,200.1005,200.2212
79.9667,200.0251,200.4097
80.0000,200.0000,199.7175
80.0333,200.0565,200.0248
80.0667,200.2261,200.2970
80.1000,200.5086,200.5736
80.1333,200.9039,201.0074
80.1667,201.4116,201.4603
80.2000,202.0314,202.0000
80.2333,202.7629,202.5614
80.2667,203.6056,203.4531
80.3000,204.5590,204.5614
80.3333,205.6222,205.4709
80.3667,206.7947,206.6399
80.4000,208.0757,208.0339
80.4333,209.4642,209.3148
80.4667,210.9592,211.0057
80.5000,212.5599,212.5614
80.5333,214.2650,214.0545
80.5667,216.0734,216.0351
80.6000,217.9839,218.0351
80.6333,219.9952,220.0312
80.6667,222.1058,222.0312
80.7000,224.3144,224.5110
80.7333,226.6194,226.8271
80.7667,229.0192,228.8271
80.8000,231.5122,231.2279
80.8333,234.0967,233.9186
80.8667,236.7709,236.8271
80.9000,239.5330,239.3057
80.9333,242.3811,242.4028
80.9667,245.3132,244.8443
81.0000,248.3274,248.3084
81.0333,251.4215,251.2360
81.0667,254.5934,254.7773
81.1000,257.8411,257.6207
81.1333,261.1621,260.9718
81.1667,264.5544,264.7616
81.2000,268.0154,267.9078
81.2333,271.5430,271.3628
81.2667,275.1346,274.9718
81.3000,278.7877,278.7843
81.3333,282.5000,282.5736
81.3667,286.2688,286.3276
81.4000,290.0916,290.0140
81.4333,293.9657,294.0080
81.4667,297.8885,298.0080
81.5000,301.8572,301.8270
81.5333,305.8693,305.8538
81.5667,309.9219,309.8952
81.6000,314.0122,313.9286
81.6333,318.1375,318.3074
81.6667,322.2949,322.3206
81.7000,326.4815,326.3206
81.7333,330.6946,330.7746
81.7667,334.9311,334.8882
81.8000,339.1883,338.9113
81.8333,343.4632,343.1405
81.8667,347.7528,347.7201
81.9000,352.0542,352.0128
81.9333,356.3646,356.5572
81.9667,360.6808,360.7654
82.0000,365.0000,364.9019
82.0333,369.3192,369.1133
82.0667,373.6354,373.4061
82.1000,377.9458,378.0068
82.1333,382.2472,382.2938
82.1667,386.5368,386.5057
82.2000,390.8117,390.9248
82.2333,395.0689,394.9815
82.2667,399.3054,398.9815
82.3000,403.5185,403.4386
82.3333,407.7051,407.6750
82.3667,411.8625,411.6750
82.4000,415.9878,415.6724
82.4333,420.0781,419.9592
82.4667,424.1307,423.9592
82.5000,428.1428,427.9592
82.5333,432.1115,431.9732
82.5667,436.0343,435.9732
82.6000,439.9084,439.7832
82.6333,443.7312,443.5665
82.6667,447.5000,447.1300
82.7000,451.2123,451.1300
82.7333,454.8654,455.0472
82.7667,458.4570,458.6724
82.8000,461.9846,461.9971
82.8333,465.4456,465.3231
82.8667,468.8379,469.0472
82.9000,472.1589,472.1505
82.9333,475.4066,475.4457
82.9667,478.5785,478.6960
83.0000,481.6726,481.4321
83.0333,484.6868,484.6960
83.0667,487.6189,487.4405
83.1000,490.4670,490.5956
83.1333,493.2291,492.9271
83.1667,495.9033,495.7024
83.2000,498.4878,498.5881
83.2333,500.9808,500.9299
83.2667,503.3806,503.4405
83.3000,505.6856,505.5920
83.3333,507.8942,507.8539
83.3667,510.0048,509.8539
83.4000,512.0161,511.8507
83.4333,513.9266,513.8539
83.4667,515.7350,515.5877
83.5000,517.4401,517.2555
83.5333,519.0408,519.0703
83.5667,520.5358,520.6064
83.6000,521.9243,521.8539
83.6333,523.2053,523.1840
83.6667,524.3778,524.4168
83.7000,525.4410,525.3793
83.7333,526.3944,526.3612
83.7667,527.2371,527.0589
83.8000,527.9686,527.9730
83.8333,528.5884,528.7756
83.8667,529.0961,529.3078
83.9000,529.4914,529.6322
83.9333,529.7739,529.6876
83.9667,529.9435,529.8282
84.0000,530.0000,529.8282
84.0333,529.9749,529.7932
84.0667,529.8995,529.7618
84.1000,529.7739,529.7341
84.1333,529.5981,529.5778
84.1667,529.3721,529.4305
84.2000,529.0961,529.2878
84.2333,528.7701,529.0312
84.2667,528.3942,528.6565
84.3000,527.9686,527.9730
84.3333,527.4933,527.4389
84.3667,526.9685,526.9151
84.4000,526.3944,526.4072
84.4333,525.7711,525.4964
84.4667,525.0988,524.9804
84.5000,524.3778,524.4072
84.5333,523.6082,523.4746
84.5667,522.7903,522.7279
84.6000,521.9243,521.6692
84.6333,521.0106,520.9507
84.6667,520.0493,519.6071
84.7000,519.0408,518.8266
84.7333,517.9853,517.5782
84.7667,516.8833,516.8665
84.8000,515.7350,515.5782
84.8333,514.5408,514.7436
84.8667,513.3010,513.0373
84.9000,512.0161,512.0007
84.9333,510.6864,510.7267
84.9667,509.3123,509.0215
85.0000,507.8942,507.5782
85.0333,506.4326,506.4897
85.0667,504.9279,504.8979
85.1000,503.3806,503.2786
85.1333,501.7912,501.4673
85.1667,500.1601,500.0007
85.2000,498.4878,498.5855
85.2333,496.7749,496.9286
85.2667,495.0218,494.9286
85.3000,493.2291,492.9286
85.3333,491.3973,491.1868
85.3667,489.5271,489.1868
85.4000,487.6189,487.4171
85.4333,485.6734,485.6436
85.4667,483.6911,483.6436
85.5000,481.6726,481.6101
85.5333,479.6186,479.4913
85.5667,477.5297,477.1868
85.6000,475.4066,475.1868
85.6333,473.2497,473.1052
85.6667,471.0600,471.1052
85.7000,468.8379,468.8194
85.7333,466.5841,466.8194
85.7667,464.2995,464.3586
85.8000,461.9846,461.7084
85.8333,459.6401,459.4628
85.8667,457.2668,457.1052
85.9000,454.8654,454.8194
85.9333,452.4367,452.3573
85.9667,449.9813,449.6872
86.0000,447.5000,447.2846
86.0333,444.9936,444.8998
86.0667,442.4628,442.3335
86.1000,439.9084,439.7084
86.1333,437.3312,437.2008
86.1667,434.7320,434.8191
86.2000,432.1115,432.0039
86.2333,429.4706,429.2846
86.2667,426.8101,426.7386
86.3000,424.1307,424.2522
86.3333,421.4333,421.2846
86.3667,418.7187,418.7386
86.4000,415.9878,415.6258
86.4333,413.2413,413.1412
86.4667,410.4802,410.7386
86.5000,407.7051,407.6041
86.5333,404.9171,404.7386
86.5667,402.1169,402.2522
86.6000,399.3054,399.2909
86.6333,396.4835,396.7386
86.6667,393.6519,393.4662
86.7000,390.8117,391.0466
86.7333,387.9636,387.9457
86.7667,385.1084,385.0466
86.8000,382.2472,382.1244
86.8333,379.3807,379.2000
86.8667,376.5098,376.6014
86.9000,373.6354,373.4692
86.9333,370.7584,370.7774
86.9667,367.8796,367.8348
87.0000,365.0000,364.9649
87.0333,362.1204,362.2522
87.0667,359.2416,359.0041
87.1000,356.3646,356.2522
87.1333,353.4902,353.2956
87.1667,350.6193,350.5905
87.2000,347.7528,347.4692
87.2333,344.8916,345.1278
87.2667,342.0364,341.8539
87.3000,339.1883,338.9943
87.3333,336.3481,336.3848
87.3667,333.5165,333.3882
87.4000,330.6946,330.7779
87.4333,327.8831,328.0725
87.4667,325.0829,324.9692
87.5000,322.2949,322.3954
87.5333,319.5198,319.3229
87.5667,316.7587,316.7774
87.6000,314.0122,313.8382
87.6333,311.2813,310.9692
87.6667,308.5667,308.5734
87.7000,305.8693,305.5590
87.7333,303.1899,302.9692
87.7667,300.5294,300.5734
87.8000,297.8885,297.5940
87.8333,295.2680,295.1331
87.8667,292.6688,292.7608
87.9000,290.0916,289.8301
87.9333,287.5372,287.3229
87.9667,285.0064,284.9362
88.0000,282.5000,282.4964
88.0333,280.0187,279.8382
88.0667,277.5633,277.3469
88.1000,275.1346,274.9692
88.1333,272.7332,272.5916
88.1667,270.3599,270.4661
88.2000,268.0154,267.8382
88.2333,265.7005,265.3325
88.2667,263.4159,262.9692
88.3000,261.1621,260.9692
88.3333,258.9400,258.9692
88.3667,256.7503,256.7182
88.4000,254.5934,254.5870
88.4333,252.4703,252.6087
88.4667,250.3814,250.6087
88.5000,248.3274,248.6118
88.5333,246.3089,246.6118
88.5667,244.3266,244.6118
88.6000,242.3811,242.6118
88.6333,240.4729,240.6118
88.6667,238.6027,238.6118
88.7000,236.7709,236.9692
88.7333,234.9782,234.9692
88.7667,233.2251,232.9692
88.8000,231.5122,231.3469
88.8333,229.8399,229.3469
88.8667,228.2088,227.9722
88.9000,226.6194,226.7869
88.9333,225.0721,224.9919
88.9667,223.5674,223.2509
89.0000,222.1058,222.1359
89.0333,220.6877,220.5703
89.0667,219.3136,219.1532
89.1000,217.9839,218.1389
89.1333,216.6990,216.7670
89.1667,215.4592,215.3469
89.2000,214.2650,214.1359
89.2333,213.1167,212.9692
89.2667,212.0147,212.1068
89.3000,210.9592,211.0352
89.3333,209.9507,210.1068
89.3667,208.9894,209.0352
89.4000,208.0757,208.0338
89.4333,207.2097,207.0352
89.4667,206.3918,206.5480
89.5000,205.6222,205.4370
89.5333,204.9012,205.0352
89.5667,204.2289,204.5480
89.6000,203.6056,203.5084
89.6333,203.0315,203.0352
89.6667,202.5067,202.6852
89.7000,202.0314,202.1061
89.7333,201.6058,201.4370
89.7667,201.2299,201.1876
89.8000,200.9039,200.9260
89.8333,200.6279,200.6566
89.8667,200.4019,200.5012
89.9000,200.2261,200.2856
89.9333,200.1005,200.2212
89.9667,200.0251,200.4097
90.0000,200.0000,199.7175
90.0333,200.0565,200.0248
90.0667,200.2261,200.2970
90.1000,200.5086,200.5736
90.1333,200.9039,201.0074
90.1667,201.4116,201.4603
90.2000,202.0314,202.0000
90.2333,202.7629,202.5614
90.2667,203.6056,203.4531
90.3000,204.5590,204.5614
90.3333,205.6222,205.4709
90.3667,206.7947,206.6399
90.4000,208.0757,208.0339
90.4333,209.4642,209.3148
90.4667,210.9592,211.0057
90.5000,212.5599,212.5614
90.5333,214.2650,214.0545
90.5667,216.0734,216.0351
90.6000,217.9839,218.0351
90.6333,219.9952,220.0312
90.6667,222.1058,222.0312
90.7000,224.3144,224.5110
90.7333,226.6194,226.8271
90.7667,229.0192,228.8271
90.8000,231.5122,231.2279
90.8333,234.0967,233.9186
90.8667,236.7709,236.8271
90.9000,239.5330,239.3057
90.9333,242.3811,242.4028
90.9667,245.3132,244.8443
91.0000,248.3274,248.3084
91.0333,251.4215,251.2360
91.0667,254.5934,254.7773
91.1000,257.8411,257.6207
91.1333,261.1621,260.9718
91.1667,264.5544,264.7616
91.2000,268.0154,267.9078
91.2333,271.5430,271.3628
91.2667,275.1346,274.9718
91.3000,278.7877,278.7843
91.3333,282.5000,282.5736
91.3667,286.2688,286.3276
91.4000,290.0916,290.0140
91.4333,293.9657,294.0080
91.4667,297.8885,298.0080
91.5000,301.8572,301.8270
91.5333,305.8693,305.8538
91.5667,309.9219,309.8952
91.6000,314.0122,313.9286
91.6333,318.1375,318.3074
91.6667,322.2949,322.3206
91.7000,326.4815,326.3206
91.7333,330.6946,330.7746
91.7667,334.9311,334.8882
91.8000,339.1883,338.9113
91.8333,343.4632,343.1405
91.8667,347.7528,347.7201
91.9000,352.0542,352.0128
91.9333,356.3646,356.5572
91.9667,360.6808,360.7654
92.0000,365.0000,364.9019
92.0333,369.3192,369.1133
92.0667,373.6354,373.4061
92.1000,377.9458,378.0068
92.1333,382.2472,382.2938
92.1667,386.5368,386.5057
92.2000,390.8117,390.9248
92.2333,395.0689,394.9815
92.2667,399.3054,398.9815
92.3000,403.5185,403.4386
92.3333,407.7051,407.6750
92.3667,411.8625,411.6750
92.4000,415.9878,415.6724
92.4333,420.0781,419.9592
92.4667,424.1307,423.9592
92.5000,428.1428,427.9592
92.5333,432.1115,431.9732
92.5667,436.0343,435.9732
92.6000,439.9084,439.7832
92.6333,443.7312,443.5665
92.6667,447.5000,447.1300
92.7000,451.2123,451.1300
92.7333,454.8654,455.0472
92.7667,458.4570,458.6724
92.8000,461.9846,461.9971
92.8333,465.4456,465.3231
92.8667,468.8379,469.0472
92.9000,472.1589,472.1505
92.9333,475.4066,475.4457
92.9667,478.5785,478.6960
93.0000,481.6726,481.4321
93.0333,484.6868,484.6960
93.0667,487.6189,487.4405
93.1000,490.4670,490.5956
93.1333,493.2291,492.9271
93.1667,495.9033,495.7024
93.2000,498.4878,498.5881
93.2333,500.9808,500.9299
93.2667,503.3806,503.4405
93.3000,505.6856,505.5920
93.3333,507.8942,507.8539
93.3667,510.0048,509.8539
93.4000,512.0161,511.8507
93.4333,513.9266,513.8539
93.4667,515.7350,515.5877
93.5000,517.4401,517.2555
93.5333,519.0408,519.0703
93.5667,520.5358,520.6064
93.6000,521.9243,521.8539
93.6333,523.2053,523.1840
93.6667,524.3778,524.4168
93.7000,525.4410,525.3793
93.7333,526.3944,526.3612
93.7667,527.2371,527.0589
93.8000,527.9686,527.9730
93.8333,528.5884,528.7756
93.8667,529.0961,529.3078
93.9000,529.4914,529.6322
93.9333,529.7739,529.6876
93.9667,529.9435,529.8282
94.0000,530.0000,529.8282
94.0333,529.9749,529.7932
94.0667,529.8995,529.7618
94.1000,529.7739,529.7341
94.1333,529.5981,529.5778
94.1667,529.3721,529.4305
94.2000,529.0961,529.2878
94.2333,528.7701,529.0312
94.2667,528.3942,528.6565
94.3000,527.9686,527.9730
94.3333,527.4933,527.4389
94.3667,526.9685,526.9151
94.4000,526.3944,526.4072
94.4333,525.7711,525.4964
94.4667,525.0988,524.9804
94.5000,524.3778,524.4072
94.5333,523.6082,523.4746
94.5667,522.7903,522.7279
94.6000,521.9243,521.6692
94.6333,521.0106,520.9507
94.6667,520.0493,519.6071
94.7000,519.0408,518.8266
94.7333,517.9853,517.5782
94.7667,516.8833,516.8665
94.8000,515.7350,515.5782
94.8333,514.5408,514.7436
94.8667,513.3010,513.0373
94.9000,512.0161,512.0007
94.9333,510.6864,510.7267
94.9667,509.3123,509.0215
95.0000,507.8942,507.5782
95.0333,506.4326,506.4897
95.0667,504.9279,504.8979
95.1000,503.3806,503.2786
95.1333,501.7912,501.4673
95.1667,500.1601,500.0007
95.2000,498.4878,498.5855
95.2333,496.7749,496.9286
95.2667,495.0218,494.9286
95.3000,493.2291,492.9286
95.3333,491.3973,491.1868
95.3667,489.5271,489.1868
95.4000,487.6189,487.4171
95.4333,485.6734,485.6436
95.4667,483.6911,483.6436
95.5000,481.6726,481.6101
95.5333,479.6186,479.4913
95.5667,477.5297,477.1868
95.6000,475.4066,475.1868
95.6333,473.2497,473.1052
95.6667,471.0600,471.1052
95.7000,468.8379,468.8194
95.7333,466.5841,466.8194
95.7667,464.2995,464.3586
95.8000,461.9846,461.7084
95.8333,459.6401,459.4628
95.8667,457.2668,457.1052
95.9000,454.8654,454.8194
95.9333,452.4367,452.3573
95.9667,449.9813,449.6872
96.0000,447.5000,447.2846
96.0333,444.9936,444.8998
96.0667,442.4628,442.3335
96.1000,439.9084,439.7084
96.1333,437.3312,437.2008
96.1667,434.7320,434.8191
96.2000,432.1115,432.0039
96.2333,429.4706,429.2846
96.2667,426.8101,426.7386
96.3000,424.1307,424.2522
96.3333,421.4333,421.2846
96.3667,418.7187,418.7386
96.4000,415.9878,415.6258
96.4333,413.2413,413.1412
96.4667,410.4802,410.7386
96.5000,407.7051,407.6041
96.5333,404.9171,404.7386
96.5667,402.1169,402.2522
96.6000,399.3054,399.2909
96.6333,396.4835,396.7386
96.6667,393.6519,393.4662
96.7000,390.8117,391.0466
96.7333,387.9636,387.9457
96.7667,385.1084,385.0466
96.8000,382.2472,382.1244
96.8333,379.3807,379.2000
96.8667,376.5098,376.6014
96.9000,373.6354,373.4692
96.9333,370.7584,370.7774
96.9667,367.8796,367.8348
97.0000,365.0000,364.9649
97.0333,362.1204,362.2522
97.0667,359.2416,359.0041
97.1000,356.3646,356.2522
97.1333,353.4902,353.2956
97.1667,350.6193,350.5905
97.2000,347.7528,347.4692
97.2333,344.8916,345.1278
97.2667,342.0364,341.8539
97.3000,339.1883,338.9943
97.3333,336.3481,336.3848
97.3667,333.5165,333.3882
97.4000,330.6946,330.7779
97.4333,327.8831,328.0725
97.4667,325.0829,324.9692
97.5000,322.2949,322.3954
97.5333,319.5198,319.3229
97.5667,316.7587,316.7774
97.6000,314.0122,313.8382
97.6333,311.2813,310.9692
97.6667,308.5667,308.5734
97.7000,305.8693,305.5590
97.7333,303.1899,302.9692
97.7667,300.5294,300.5734
97.8000,297.8885,297.5940
97.8333,295.2680,295.1331
97.8667,292.6688,292.7608
97.9000,290.0916,289.8301
97.9333,287.5372,287.3229
97.9667,285.0064,284.9362
98.0000,282.5000,282.4964
98.0333,280.0187,279.8382
98.0667,277.5633,277.3469
98.1000,275.1346,274.9692
98.1333,272.7332,272.5916
98.1667,270.3599,270.4661
98.2000,268.0154,267.8382
98.2333,265.7005,265.3325
98.2667,263.4159,262.9692
98.3000,261.1621,260.9692
98.3333,258.9400,258.9692
98.3667,256.7503,256.7182
98.4000,254.5934,254.5870
98.4333,252.4703,252.6087
98.4667,250.3814,250.6087
98.5000,248.3274,248.6118
98.5333,246.3089,246.6118
98.5667,244.3266,244.6118
98.6000,242.3811,242.6118
98.6333,240.4729,240.6118
98.6667,238.6027,238.6118
98.7000,236.7709,236.9692
98.7333,234.9782,234.9692
98.7667,233.2251,232.9692
98.8000,231.5122,231.3469
98.8333,229.8399,229.3469
98.8667,228.2088,227.9722
98.9000,226.6194,226.7869
98.9333,225.0721,224.9919
98.9667,223.5674,223.2509
99.0000,222.1058,222.1359
99.0333,220.6877,220.5703
99.0667,219.3136,219.1532
99.1000,217.9839,218.1389
99.1333,216.6990,216.7670
99.1667,215.4592,215.3469
99.2000,214.2650,214.1359
99.2333,213.1167,212.9692
99.2667,212.0147,212.1068
99.3000,210.9592,211.0352
99.3333,209.9507,210.1068
99.3667,208.9894,209.0352
99.4000,208.0757,208.0338
99.4333,207.2097,207.0352
99.4667,206.3918,206.5480
99.5000,205.6222,205.4370
99.5333,204.9012,205.0352
99.5667,204.2289,204.5480
99.6000,203.6056,203.5084
99.6333,203.0315,203.0352
99.6667,202.5067,202.6852
99.7000,202.0314,202.1061
99.7333,201.6058,201.4370
99.7667,201.2299,201.1876
99.8000,200.9039,200.9260
99.8333,200.6279,200.6566
99.8667,200.4019,200.5012
99.9000,200.2261,200.2856
99.9333,200.1005,200.2212
99.9667,200.0251,200.4097
100.0000,200.0000,199.7175
100.0333,200.0565,200.0248
100.0667,200.2261,200.2970
100.1000,200.5086,200.5736
100.1333,200.9039,201.0074
100.1667,201.4116,201.4603
100.2000,202.0314,202.0000
100.2333,202.7629,202.5614
100.2667,203.6056,203.4531
100.3000,204.5590,204.5614
100.3333,205.6222,205.4709
100.3667,206.7947,206.6399
100.4000,208.0757,208.0339
100.4333,209.4642,209.3148
100.4667,210.9592,211.0057
100.5000,212.5599,212.5614
100.5333,214.2650,214.0545
100.5667,216.0734,216.0351
100.6000,217.9839,218.0351
100.6333,219.9952,220.0312
100.6667,222.1058,222.0312
100.7000,224.3144,224.5110
100.7333,226.6194,226.8271
100.7667,229.0192,228.8271
100.8000,231.5122,231.2279
100.8333,234.0967,233.9186
100.8667,236.7709,236.8271
100.9000,239.5330,239.3057
100.9333,242.3811,242.4028
100.9667,245.3132,244.8443
101.0000,248.3274,248.3084
101.0333,251.4215,251.2360
101.0667,254.5934,254.7773
101.1000,257.8411,257.6207
101.1333,261.1621,260.9718
101.1667,264.5544,264.7616
101.2000,268.0154,267.9078
101.2333,271.5430,271.3628
101.2667,275.1346,274.9718
101.3000,278.7877,278.7843
101.3333,282.5000,282.5736
101.3667,286.2688,286.3276
101.4000,290.0916,290.0140
101.4333,293.9657,294.0080
101.4667,297.8885,298.0080
101.5000,301.8572,301.8270
101.5333,305.8693,305.8538
101.5667,309.9219,309.8952
101.6000,314.0122,313.9286
101.6333,318.1375,318.3074
101.6667,322.2949,322.3206
101.7000,326.4815,326.3206
101.7333,330.6946,330.7746
101.7667,334.9311,334.8882
101.8000,339.1883,338.9113
101.8333,343.4632,343.1405
101.8667,347.7528,347.7201
101.9000,352.0542,352.0128
101.9333,356.3646,356.5572
101.9667,360.6808,360.7654
102.0000,365.0000,364.9019
102.0333,369.3192,369.1133
102.0667,373.6354,373.4061
102.1000,377.9458,378.0068
102.1333,382.2472,382.2938
102.1667,386.5368,386.5057
102.2000,390.8117,390.9248
102.2333,395.0689,394.9815
102.2667,399.3054,398.9815
102.3000,403.5185,403.4386
102.3333,407.7051,407.6750
102.3667,411.8625,411.6750
102.4000,415.9878,415.6724
102.4333,420.0781,419.9592
102.4667,424.1307,423.9592
102.5000,428.1428,427.9592
102.5333,432.1115,431.9732
102.5667,436.0343,435.9732
102.6000,439.9084,439.7832
102.6333,443.7312,443.5665
102.6667,447.5000,447.1300
102.7000,451.2123,451.1300
102.7333,454.8654,455.0472
102.7667,458.4570,458.6724
102.8000,461.9846,461.9971
102.8333,465.4456,465.3231
102.8667,468.8379,469.0472
102.9000,472.1589,472.1505
102.9333,475.4066,475.4457
102.9667,478.5785,478.6960
103.0000,481.6726,481.4321
103.0333,484.6868,484.6960
103.0667,487.6189,487.4405
103.1000,490.4670,490.5956
103.1333,493.2291,492.9271
103.1667,495.9033,495.7024
103.2000,498.4878,498.5881
103.2333,500.9808,500.9299
103.2667,503.3806,503.4405
103.3000,505.6856,505.5920
103.3333,507.8942,507.8539
103.3667,510.0048,509.8539
103.4000,512.0161,511.8507
103.4333,513.9266,513.8539
103.4667,515.7350,515.5877
103.5000,517.4401,517.2555
103.5333,519.0408,519.0703
103.5667,520.5358,520.6064
103.6000,521.9243,521.8539
103.6333,523.2053,523.1840
103.6667,524.3778,524.4168
103.7000,525.4410,525.3793
103.7333,526.3944,526.3612
103.7667,527.2371,527.0589
103.8000,527.9686,527.9730
103.8333,528.5884,528.7756
103.8667,529.0961,529.3078
103.9000,529.4914,529.6322
103.9333,529.7739,529.6876
103.9667,529.9435,529.8282
104.0000,530.0000,529.8282
104.0333,529.9749,529.7932
104.0667,529.8995,529.7618
104.1000,529.7739,529.7341
104.1333,529.5981,529.5778
104.1667,529.3721,529.4305
104.2000,529.0961,529.2878
104.2333,528.7701,529.0312
104.2667,528.3942,528.6565
104.3000,527.9686,527.9730
104.3333,527.4933,527.4389
104.3667,526.9685,526.9151
104.4000,526.3944,526.4072
104.4333,525.7711,525.4964
104.4667,525.0988,524.9804
104.5000,524.3778,524.4072
104.5333,523.6082,523.4746
104.5667,522.7903,522.7279
104.6000,521.9243,521.6692
104.6333,521.0106,520.9507
104.6667,520.0493,519.6071
104.7000,519.0408,518.8266
104.7333,517.9853,517.5782
104.7667,516.8833,516.8665
104.8000,515.7350,515.5782
104.8333,514.5408,514.7436
104.8667,513.3010,513.0373
104.9000,512.0161,512.0007
104.9333,510.6864,510.7267
104.9667,509.3123,509.0215
105.0000,507.8942,507.5782
105.0333,506.4326,506.4897
105.0667,504.9279,504.8979
105.1000,503.3806,503.2786
105.1333,501.7912,501.4673
105.1667,500.1601,500.0007
105.2000,498.4878,498.5855
105.2333,496.7749,496.9286
105.2667,495.0218,494.9286
105.3000,493.2291,492.9286
105.3333,491.3973,491.1868
105.3667,489.5271,489.1868
105.4000,487.6189,487.4171
105.4333,485.6734,485.6436
105.4667,483.6911,483.6436
105.5000,481.6726,481.6101
105.5333,479.6186,479.4913
105.5667,477.5297,477.1868
105.6000,475.4066,475.1868
105.6333,473.2497,473.1052
105.6667,471.0600,471.1052
105.7000,468.8379,468.8194
105.7333,466.5841,466.8194
105.7667,464.2995,464.3586
105.8000,461.9846,461.7084
105.8333,459.6401,459.4628
105.8667,457.2668,457.1052
105.9000,454.8654,454.8194
105.9333,452.4367,452.3573
105.9667,449.9813,449.6872
106.0000,447.5000,447.2846
106.0333,444.9936,444.8998
106.0667,442.4628,442.3335
106.1000,439.9084,439.7084
106.1333,437.3312,437.2008
106.1667,434.7320,434.8191
106.2000,432.1115,432.0039
106.2333,429.4706,429.2846
106.2667,426.8101,426.7386
106.3000,424.1307,424.2522
106.3333,421.4333,421.2846
106.3667,418.7187,418.7386
106.4000,415.9878,415.6258
106.4333,413.2413,413.1412
106.4667,410.4802,410.7386
106.5000,407.7051,407.6041
106.5333,404.9171,404.7386
106.5667,402.1169,402.2522
106.6000,399.3054,399.2909
106.6333,396.4835,396.7386
106.6667,393.6519,393.4662
106.7000,390.8117,391.0466
106.7333,387.9636,387.9457
106.7667,385.1084,385.0466
106.8000,382.2472,382.1244
106.8333,379.3807,379.2000
106.8667,376.5098,376.6014
106.9000,373.6354,373.4692
106.9333,370.7584,370.7774
106.9667,367.8796,367.8348
107.0000,365.0000,364.9649
107.0333,362.1204,362.2522
107.0667,359.2416,359.0041
107.1000,356.3646,356.2522
107.1333,353.4902,353.2956
107.1667,350.6193,350.5905
107.2000,347.7528,347.4692
107.2333,344.8916,345.1278
107.2667,342.0364,341.8539
107.3000,339.1883,338.9943
107.3333,336.3481,336.3848
107.3667,333.5165,333.3882
107.4000,330.6946,330.7779
107.4333,327.8831,328.0725
107.4667,325.0829,324.9692
107.5000,322.2949,322.3954
107.5333,319.5198,319.3229
107.5667,316.7587,316.7774
107.6000,314.0122,313.8382
107.6333,311.2813,310.9692
107.6667,308.5667,308.5734
107.7000,305.8693,305.5590
107.7333,303.1899,302.9692
107.7667,300.5294,300.5734
107.8000,297.8885,297.5940
107.8333,295.2680,295.1331
107.8667,292.6688,292.7608
107.9000,290.0916,289.8301
107.9333,287.5372,287.3229
107.9667,285.0064,284.9362
108.0000,282.5000,282.4964
108.0333,280.0187,279.8382
108.0667,277.5633,277.3469
108.1000,275.1346,274.9692
108.1333,272.7332,272.5916
108.1667,270.3599,270.4661
108.2000,268.0154,267.8382
108.2333,265.7005,265.3325
108.2667,263.4159,262.9692
108.3000,261.1621,260.9692
108.3333,258.9400,258.9692
108.3667,256.7503,256.7182
108.4000,254.5934,254.5870
108.4333,252.4703,252.6087
108.4667,250.3814,250.6087
108.5000,248.3274,248.6118
108.5333,246.3089,246.6118
108.5667,244.3266,244.6118
108.6000,242.3811,242.6118
108.6333,240.4729,240.6118
108.6667,238.6027,238.6118
108.7000,236.7709,236.9692
108.7333,234.9782,234.9692
108.7667,233.2251,232.9692
108.8000,231.5122,231.3469
108.8333,229.8399,229.3469
108.8667,228.2088,227.9722
108.9000,226.6194,226.7869
108.9333,225.0721,224.9919
108.9667,223.5674,223.2509
109.0000,222.1058,222.1359
109.0333,220.6877,220.5703
109.0667,219.3136,219.1532
109.1000,217.9839,218.1389
109.1333,216.6990,216.7670
109.1667,215.4592,215.3469
109.2000,214.2650,214.1359
109.2333,213.1167,212.9692
109.2667,212.0147,212.1068
109.3000,210.9592,211.0352
109.3333,209.9507,210.1068
109.3667,208.9894,209.0352
109.4000,208.0757,208.0338
109.4333,207.2097,207.0352
109.4667,206.3918,206.5480
109.5000,205.6222,205.4370
109.5333,204.9012,205.0352
109.5667,204.2289,204.5480
109.6000,203.6056,203.5084
109.6333,203.0315,203.0352
109.6667,202.5067,202.6852
109.7000,202.0314,202.1061
109.7333,201.6058,201.4370
109.7667,201.2299,201.1876
109.8000,200.9039,200.9260
109.8333,200.6279,200.6566
109.8667,200.4019,200.5012
109.9000,200.2261,200.2856
109.9333,200.1005,200.2212
109.9667,200.0251,200.4097
110.0000,200.0000,199.7175
110.0333,200.0565,200.0248
110.0667,200.2261,200.2970
110.1000,200.5086,200.5736
110.1333,200.9039,201.0074
110.1667,201.4116,201.4603
110.2000,202.0314,202.0000
110.2333,202.7629,202.5614
110.2667,203.6056,203.4531
110.3000,204.5590,204.5614
110.3333,205.6222,205.4709
110.3667,206.7947,206.6399
110.4000,208.0757,208.0339
110.4333,209.4642,209.3148
110.4667,210.9592,211.0057
110.5000,212.5599,212.5614
110.5333,214.2650,214.0545
110.5667,216.0734,216.0351
110.6000,217.9839,218.0351
110.6333,219.9952,220.0312
110.6667,222.1058,222.0312
110.7000,224.3144,224.5110
110.7333,226.6194,226.8271
110.7667,229.0192,228.8271
110.8000,231.5122,231.2279
110.8333,234.0967,233.9186
110.8667,236.7709,236.8271
110.9000,239.5330,239.3057
110.9333,242.3811,242.4028
110.9667,245.3132,244.8443
111.0000,248.3274,248.3084
111.0333,251.4215,251.2360
111.0667,254.5934,254.7773
111.1000,257.8411,257.6207
111.1333,261.1621,260.9718
111.1667,264.5544,264.7616
111.2000,268.0154,267.9078
111.2333,271.5430,271.3628
111.2667,275.1346,274.9718
111.3000,278.7877,278.7843
111.3333,282.5000,282.5736
111.3667,286.2688,286.3276
111.4000,290.0916,290.0140
111.4333,293.9657,294.0080
111.4667,297.8885,298.0080
111.5000,301.8572,301.8270
111.5333,305.8693,305.8538
111.5667,309.9219,309.8952
111.6000,314.0122,313.9286
111.6333,318.1375,318.3074
111.6667,322.2949,322.3206
111.7000,326.4815,326.3206
111.7333,330.6946,330.7746
111.7667,334.9311,334.8882
111.8000,339.1883,338.9113
111.8333,343.4632,343.1405
111.8667,347.7528,347.7201
111.9000,352.0542,352.0128
111.9333,356.3646,356.5572
111.9667,360.6808,360.7654
112.0000,365.0000,364.9019
112.0333,369.3192,369.1133
112.0667,373.6354,373.4061
112.1000,377.9458,378.0068
112.1333,382.2472,382.2938
112.1667,386.5368,386.5057
112.2000,390.8117,390.9248
112.2333,395.0689,394.9815
112.2667,399.3054,398.9815
112.3000,403.5185,403.4386
112.3333,407.7051,407.6750
112.3667,411.8625,411.6750
112.4000,415.9878,415.6724
112.4333,420.0781,419.9592
112.4667,424.1307,423.9592
112.5000,428.1428,427.9592
112.5333,432.1115,431.9732
112.5667,436.0343,435.9732
112.6000,439.9084,439.7832
112.6333,443.7312,443.5665
112.6667,447.5000,447.1300
112.7000,451.2123,451.1300
112.7333,454.8654,455.0472
112.7667,458.4570,458.6724
112.8000,461.9846,461.9971
112.8333,465.4456,465.3231
112.8667,468.8379,469.0472
112.9000,472.1589,472.1505
112.9333,475.4066,475.4457
112.9667,478.5785,478.6960
113.0000,481.6726,481.4321
113.0333,484.6868,484.6960
113.0667,487.6189,487.4405
113.1000,490.4670,490.5956
113.1333,493.2291,492.9271
113.1667,495.9033,495.7024
113.2000,498.4878,498.5881
113.2333,500.9808,500.9299
113.2667,503.3806,503.4405
113.3000,505.6856,505.5920
113.3333,507.8942,507.8539
113.3667,510.0048,509.8539
113.4000,512.0161,511.8507
113.4333,513.9266,513.8539
113.4667,515.7350,515.5877
113.5000,517.4401,517.2555
113.5333,519.0408,519.0703
113.5667,520.5358,520.6064
113.6000,521.9243,521.8539
113.6333,523.2053,523.1840
113.6667,524.3778,524.4168
113.7000,525.4410,525.3793
113.7333,526.3944,526.3612
113.7667,527.2371,527.0589
113.8000,527.9686,527.9730
113.8333,528.5884,528.7756
113.8667,529.0961,529.3078
113.9000,529.4914,529.6322
113.9333,529.7739,529.6876
113.9667,529.9435,529.8282
114.0000,530.0000,529.8282
114.0333,529.9749,529.7932
114.0667,529.8995,529.7618
114.1000,529.7739,529.7341
114.1333,529.5981,529.5778
114.1667,529.3721,529.4305
114.2000,529.0961,529.2878
114.2333,528.7701,529.0312
114.2667,528.3942,528.6565
114.3000,527.9686,527.9730
114.3333,527.4933,527.4389
114.3667,526.9685,526.9151
114.4000,526.3944,526.4072
114.4333,525.7711,525.4964
114.4667,525.0988,524.9804
114.5000,524.3778,524.4072
114.5333,523.6082,523.4746
114.5667,522.7903,522.7279
114.6000,521.9243,521.6692
114.6333,521.0106,520.9507
114.6667,520.0493,519.6071
114.7000,519.0408,518.8266
114.7333,517.9853,517.5782
114.7667,516.8833,516.8665
114.8000,515.7350,515.5782
114.8333,514.5408,514.7436
114.8667,513.3010,513.0373
114.9000,512.0161,512.0007
114.9333,510.6864,510.7267
114.9667,509.3123,509.0215
115.0000,507.8942,507.5782
115.0333,506.4326,506.4897
115.0667,504.9279,504.8979
115.1000,503.3806,503.2786
115.1333,501.7912,501.4673
115.1667,500.1601,500.0007
115.2000,498.4878,498.5855
115.2333,496.7749,496.9286
115.2667,495.0218,494.9286
115.3000,493.2291,492.9286
115.3333,491.3973,491.1868
115.3667,489.5271,489.1868
115.4000,487.6189,487.4171
115.4333,485.6734,485.6436
115.4667,483.6911,483.6436
115.5000,481.6726,481.6101
115.5333,479.6186,479.4913
115.5667,477.5297,477.1868
115.6000,475.4066,475.1868
115.6333,473.2497,473.1052
115.6667,471.0600,471.1052
115.7000,468.8379,468.8194
115.7333,466.5841,466.8194
115.7667,464.2995,464.3586
115.8000,461.9846,461.7084
115.8333,459.6401,459.4628
115.8667,457.2668,457.1052
115.9000,454.8654,454.8194
115.9333,452.4367,452.3573
115.9667,449.9813,449.6872
116.0000,447.5000,447.2846
116.0333,444.9936,444.8998
116.0667,442.4628,442.3335
116.1000,439.9084,439.7084
116.1333,437.3312,437.2008
116.1667,434.7320,434.8191
116.2000,432.1115,432.0039
116.2333,429.4706,429.2846
116.2667,426.8101,426.7386
116.3000,424.1307,424.2522
116.3333,421.4333,421.2846
116.3667,418.7187,418.7386
116.4000,415.9878,415.6258
116.4333,413.2413,413.1412
116.4667,410.4802,410.7386
116.5000,407.7051,407.6041
116.5333,404.9171,404.7386
116.5667,402.1169,402.2522
116.6000,399.3054,399.2909
116.6333,396.4835,396.7386
116.6667,393.6519,393.4662
116.7000,390.8117,391.0466
116.7333,387.9636,387.9457
116.7667,385.1084,385.0466
116.8000,382.2472,382.1244
116.8333,379.3807,379.2000
116.8667,376.5098,376.6014
116.9000,373.6354,373.4692
116.9333,370.7584,370.7774
116.9667,367.8796,367.8348
117.0000,365.0000,364.9649
117.0333,362.1204,362.2522
117.0667,359.2416,359.0041
117.1000,356.3646,356.2522
117.1333,353.4902,353.2956
117.1667,350.6193,350.5905
117.2000,347.7528,347.4692
117.2333,344.8916,345.1278
117.2667,342.0364,341.8539
117.3000,339.1883,338.9943
117.3333,336.3481,336.3848
117.3667,333.5165,333.3882
117.4000,330.6946,330.7779
117.4333,327.8831,328.0725
117.4667,325.0829,324.9692
117.5000,322.2949,322.3954
117.5333,319.5198,319.3229
117.5667,316.7587,316.7774
117.6000,314.0122,313.8382
117.6333,311.2813,310.9692
117.6667,308.5667,308.5734
117.7000,305.8693,305.5590
117.7333,303.1899,302.9692
117.7667,300.5294,300.5734
117.8000,297.8885,297.5940
117.8333,295.2680,295.1331
117.8667,292.6688,292.7608
117.9000,290.0916,289.8301
117.9333,287.5372,287.3229
117.9667,285.0064,284.9362
118.0000,282.5000,282.4964
118.0333,280.0187,279.8382
118.0667,277.5633,277.3469
118.1000,275.1346,274.9692
118.1333,272.7332,272.5916
118.1667,270.3599,270.4661
118.2000,268.0154,267.8382
118.2333,265.7005,265.3325
118.2667,263.4159,262.9692
118.3000,261.1621,260.9692
118.3333,258.9400,258.9692
118.3667,256.7503,256.7182
118.4000,254.5934,254.5870
118.4333,252.4703,252.6087
118.4667,250.3814,250.6087
118.5000,248.3274,248.6118
118.5333,246.3089,246.6118
118.5667,244.3266,244.6118
118.6000,242.3811,242.6118
118.6333,240.4729,240.6118
118.6667,238.6027,238.6118
118.7000,236.7709,236.9692
118.7333,234.9782,234.9692
118.7667,233.2251,232.9692
118.8000,231.5122,231.3469
118.8333,229.8399,229.3469
118.8667,228.2088,227.9722
118.9000,226.6194,226.7869
118.9333,225.0721,224.9919
118.9667,223.5674,223.2509
119.0000,222.1058,222.1359
119.0333,220.6877,220.5703
119.0667,219.3136,219.1532
119.1000,217.9839,218.1389
119.1333,216.6990,216.7670
119.1667,215.4592,215.3469
119.2000,214.2650,214.1359
119.2333,213.1167,212.9692
119.2667,212.0147,212.1068
119.3000,210.9592,211.0352
119.3333,209.9507,210.1068
119.3667,208.9894,209.0352
119.4000,208.0757,208.0338
119.4333,207.2097,207.0352
119.4667,206.3918,206.5480
119.5000,205.6222,205.4370
119.5333,204.9012,205.0352
119.5667,204.2289,204.5480
119.6000,203.6056,203.5084
119.6333,203.0315,203.0352
119.6667,202.5067,202.6852
119.7000,202.0314,202.1061
119.7333,201.6058,201.4370
119.7667,201.2299,201.1876
119.8000,200.9039,200.9260
119.8333,200.6279,200.6566
119.8667,200.4019,200.5012
119.9000,200.2261,200.2856
119.9333,200.1005,200.2212
119.9667,200.0251,200.4097
120.0000,200.0000,199.7175
120.0333,200.0565,200.0248
120.0667,200.2261,200.2970
120.1000,200.5086,200.5736
120.1333,200.9039,201.0074
120.1667,201.4116,201.4603
120.2000,202.0314,202.0000
120.2333,202.7629,202.5614
120.2667,203.6056,203.4531
120.3000,204.5590,204.5614
120.3333,205.6222,205.4709
120.3667,206.7947,206.6399
120.4000,208.0757,208.0339
120.4333,209.4642,209.3148
120.4667,210.9592,211.0057
120.5000,212.5599,212.5614
120.5333,214.2650,214.0545
120.5667,216.0734,216.0351
120.6000,217.9839,218.0351
120.6333,219.9952,220.0312
120.6667,222.1058,222.0312
120.7000,224.3144,224.5110
120.7333,226.6194,226.8271
120.7667,229.0192,228.8271
120.8000,231.5122,231.2279
120.8333,234.0967,233.9186
120.8667,236.7709,236.8271
120.9000,239.5330,239.3057
120.9333,242.3811,242.4028
120.9667,245.3132,244.8443
121.0000,248.3274,248.3084
121.0333,251.4215,251.2360
121.0667,254.5934,254.7773
121.1000,257.8411,257.6207
121.1333,261.1621,260.9718
121.1667,264.5544,264.7616
121.2000,268.0154,267.9078
121.2333,271.5430,271.3628
121.2667,275.1346,274.9718
121.3000,278.7877,278.7843
121.3333,282.5000,282.5736
121.3667,286.2688,286.3276
121.4000,290.0916,290.0140
121.4333,293.9657,294.0080
121.4667,297.8885,298.0080
121.5000,301.8572,301.8270
121.5333,305.8693,305.8538
121.5667,309.9219,309.8952
121.6000,314.0122,313.9286
121.6333,318.1375,318.3074
121.6667,322.2949,322.3206
121.7000,326.4815,326.3206
121.7333,330.6946,330.7746
121.7667,334.9311,334.8882
121.8000,339.1883,338.9113
121.8333,343.4632,343.1405
121.8667,347.7528,347.7201
121.9000,352.0542,352.0128
121.9333,356.3646,356.5572
121.9667,360.6808,360.7654
122.0000,365.0000,364.9019
122.0333,369.3192,369.1133
122.0667,373.6354,373.4061
122.1000,377.9458,378.0068
122.1333,382.2472,382.2938
122.1667,386.5368,386.5057
122.2000,390.8117,390.9248
122.2333,395.0689,394.9815
122.2667,399.3054,398.9815
122.3000,403.5185,403.4386
122.3333,407.7051,407.6750
122.3667,411.8625,411.6750
122.4000,415.9878,415.6724
122.4333,420.0781,419.9592
122.4667,424.1307,423.9592
122.5000,428.1428,427.9592
122.5333,432.1115,431.9732
122.5667,436.0343,435.9732
122.6000,439.9084,439.7832
122.6333,443.7312,443.5665
122.6667,447.5000,447.1300
122.7000,451.2123,451.1300
122.7333,454.8654,455.0472
122.7667,458.4570,458.6724
122.8000,461.9846,461.9971
122.8333,465.4456,465.3231
122.8667,468.8379,469.0472
122.9000,472.1589,472.1505
122.9333,475.4066,475.4457
122.9667,478.5785,478.6960
123.0000,481.6726,481.4321
123.0333,484.6868,484.6960
123.0667,487.6189,487.4405
123.1000,490.4670,490.5956
123.1333,493.2291,492.9271
123.1667,495.9033,495.7024
123.2000,498.4878,498.5881
123.2333,500.9808,500.9299
123.2667,503.3806,503.4405
123.3000,505.6856,505.5920
123.3333,507.8942,507.8539
123.3667,510.0048,509.8539
123.4000,512.0161,511.8507
123.4333,513.9266,513.8539
123.4667,515.7350,515.5877
123.5000,517.4401,517.2555
123.5333,519.0408,519.0703
123.5667,520.5358,520.6064
123.6000,521.9243,521.8539
123.6333,523.2053,523.1840
123.6667,524.3778,524.4168
123.7000,525.4410,525.3793
123.7333,526.3944,526.3612
123.7667,527.2371,527.0589
123.8000,527.9686,527.9730
123.8333,528.5884,528.7756
123.8667,529.0961,529.3078
123.9000,529.4914,529.6322
123.9333,529.7739,529.6876
123.9667,529.9435,529.8282
124.0000,530.0000,529.8282
124.0333,529.9749,529.7932
124.0667,529.8995,529.7618
124.1000,529.7739,529.7341
124.1333,529.5981,529.5778
124.1667,529.3721,529.4305
124.2000,529.0961,529.2878
124.2333,528.7701,529.0312
124.2667,528.3942,528.6565
124.3000,527.9686,527.9730
124.3333,527.4933,527.4389
124.3667,526.9685,526.9151
124.4000,526.3944,526.4072
124.4333,525.7711,525.4964
124.4667,525.0988,524.9804
124.5000,524.3778,524.4072
124.5333,523.6082,523.4746
124.5667,522.7903,522.7279
124.6000,521.9243,521.6692
124.6333,521.0106,520.9507
124.6667,520.0493,519.6071
124.7000,519.0408,518.8266
124.7333,517.9853,517.5782
124.7667,516.8833,516.8665
124.8000,515.7350,515.5782
124.8333,514.5408,514.7436
124.8667,513.3010,513.0373
124.9000,512.0161,512.0007
124.9333,510.6864,510.7267
124.9667,509.3123,509.0215
125.0000,507.8942,507.5782
125.0333,506.4326,506.4897
125.0667,504.9279,504.8979
125.1000,503.3806,503.2786
125.1333,501.7912,501.4673
125.1667,500.1601,500.0007
125.2000,498.4878,498.5855
125.2333,496.7749,496.9286
125.2667,495.0218,494.9286
125.3000,493.2291,492.9286
125.3333,491.3973,491.1868
125.3667,489.5271,489.1868
125.4000,487.6189,487.4171
125.4333,485.6734,485.6436
125.4667,483.6911,483.6436
125.5000,481.6726,481.6101
125.5333,479.6186,479.4913
125.5667,477.5297,477.1868
125.6000,475.4066,475.1868
125.6333,473.2497,473.1052
125.6667,471.0600,471.1052
125.7000,468.8379,468.8194
125.7333,466.5841,466.8194
125.7667,464.2995,464.3586
125.8000,461.9846,461.7084
125.8333,459.6401,459.4628
125.8667,457.2668,457.1052
125.9000,454.8654,454.8194
125.9333,452.4367,452.3573
125.9667,449.9813,449.6872
126.0000,447.5000,447.2846
126.0333,444.9936,444.8998
126.0667,442.4628,442.3335
126.1000,439.9084,439.7084
126.1333,437.3312,437.2008
126.1667,434.7320,434.8191
126.2000,432.1115,432.0039
126.2333,429.4706,429.2846
126.2667,426.8101,426.7386
126.3000,424.1307,424.2522
126.3333,421.4333,421.2846
126.3667,418.7187,418.7386
126.4000,415.9878,415.6258
126.4333,413.2413,413.1412
126.4667,410.4802,410.7386
126.5000,407.7051,407.6041
126.5333,404.9171,404.7386
126.5667,402.1169,402.2522
126.6000,399.3054,399.2909
126.6333,396.4835,396.7386
126.6667,393.6519,393.4662
126.7000,390.8117,391.0466
126.7333,387.9636,387.9457
126.7667,385.1084,385.0466
126.8000,382.2472,382.1244
126.8333,379.3807,379.2000
126.8667,376.5098,376.6014
126.9000,373.6354,373.4692
126.9333,370.7584,370.7774
126.9667,367.8796,367.8348
127.0000,365.0000,364.9649
127.0333,362.1204,362.2522
127.0667,359.2416,359.0041
127.1000,356.3646,356.2522
127.1333,353.4902,353.2956
127.1667,350.6193,350.5905
127.2000,347.7528,347.4692
127.2333,344.8916,345.1278
127.2667,342.0364,341.8539
127.3000,339.1883,338.9943
127.3333,336.3481,336.3848
127.3667,333.5165,333.3882
127.4000,330.6946,330.7779
127.4333,327.8831,328.0725
127.4667,325.0829,324.9692
127.5000,322.2949,322.3954
127.5333,319.5198,319.3229
127.5667,316.7587,316.7774
127.6000,314.0122,313.8382
127.6333,311.2813,310.9692
127.6667,308.5667,308.5734
127.7000,305.8693,305.5590
127.7333,303.1899,302.9692
127.7667,300.5294,300.5734
127.8000,297.8885,297.5940
127.8333,295.2680,295.1331
127.8667,292.6688,292.7608
127.9000,290.0916,289.8301
127.9333,287.5372,287.3229
127.9667,285.0064,284.9362
128.0000,282.5000,282.4964
128.0333,280.0187,279.8382
128.0667,277.5633,277.3469
128.1000,275.1346,274.9692
128.1333,272.7332,272.5916
128.1667,270.3599,270.4661
128.2000,268.0154,267.8382
128.2333,265.7005,265.3325
128.2667,263.4159,262.9692
128.3000,261.1621,260.9692
128.3333,258.9400,258.9692
128.3667,256.7503,256.7182
128.4000,254.5934,254.5870
128.4333,252.4703,252.6087
128.4667,250.3814,250.6087
128.5000,248.3274,248.6118
128.5333,246.3089,246.6118
128.5667,244.3266,244.6118
128.6000,242.3811,242.6118
128.6333,240.4729,240.6118
128.6667,238.6027,238.6118
128.7000,236.7709,236.9692
128.7333,234.9782,234.9692
128.7667,233.2251,232.9692
128.8000,231.5122,231.3469
128.8333,229.8399,229.3469
128.8667,228.2088,227.9722
128.9000,226.6194,226.7869
128.9333,225.0721,224.9919
128.9667,223.5674,223.2509
129.0000,222.1058,222.1359
129.0333,220.6877,220.5703
129.0667,219.3136,219.1532
129.1000,217.9839,218.1389
129.1333,216.6990,216.7670
129.1667,215.4592,215.3469
129.2000,214.2650,214.1359
129.2333,213.1167,212.9692
129.2667,212.0147,212.1068
129.3000,210.9592,211.0352
129.3333,209.9507,210.1068
129.3667,208.9894,209.0352
129.4000,208.0757,208.0338
129.4333,207.2097,207.0352
129.4667,206.3918,206.5480
129.5000,205.6222,205.4370
129.5333,204.9012,205.0352
129.5667,204.2289,204.5480
129.6000,203.6056,203.5084
129.6333,203.0315,203.0352
129.6667,202.5067,202.6852
129.7000,202.0314,202.1061
129.7333,201.6058,201.4370
129.7667,201.2299,201.1876
129.8000,200.9039,200.9260
129.8333,200.6279,200.6566
129.8667,200.4019,200.5012
129.9000,200.2261,200.2856
129.9333,200.1005,200.2212
129.9667,200.0251,200.4097
130.0000,200.0000,199.7175
130.0333,200.0565,200.0248
130.0667,200.2261,200.2970
130.1000,200.5086,200.5736
130.1333,200.9039,201.0074
130.1667,201.4116,201.4603
130.2000,202.0314,202.0000
130.2333,202.7629,202.5614
130.2667,203.6056,203.4531
130.3000,204.5590,204.5614
130.3333,205.6222,205.4709
130.3667,206.7947,206.6399
130.4000,208.0757,208.0339
130.4333,209.4642,209.3148
130.4667,210.9592,211.0057
130.5000,212.5599,212.5614
130.5333,214.2650,214.0545
130.5667,216.0734,216.0351
130.6000,217.9839,218.0351
130.6333,219.9952,220.0312
130.6667,222.1058,222.0312
130.7000,224.3144,224.5110
130.7333,226.6194,226.8271
130.7667,229.0192,228.8271
130.8000,231.5122,231.2279
130.8333,234.0967,233.9186
130.8667,236.7709,236.8271
130.9000,239.5330,239.3057
130.9333,242.3811,242.4028
130.9667,245.3132,244.8443
131.0000,248.3274,248.3084
131.0333,251.4215,251.2360
131.0667,254.5934,254.7773
131.1000,257.8411,257.6207
131.1333,261.1621,260.9718
131.1667,264.5544,264.7616
131.2000,268.0154,267.9078
131.2333,271.5430,271.3628
131.2667,275.1346,274.9718
131.3000,278.7877,278.7843
131.3333,282.5000,282.5736
131.3667,286.2688,286.3276
131.4000,290.0916,290.0140
131.4333,293.9657,294.0080
131.4667,297.8885,298.0080
131.5000,301.8572,301.8270
131.5333,305.8693,305.8538
131.5667,309.9219,309.8952
131.6000,314.0122,313.9286
131.6333,318.1375,318.3074
131.6667,322.2949,322.3206
131.7000,326.4815,326.3206
131.7333,330.6946,330.7746
131.7667,334.9311,334.8882
131.8000,339.1883,338.9113
131.8333,343.4632,343.1405
131.8667,347.7528,347.7201
131.9000,352.0542,352.0128
131.9333,356.3646,356.5572
131.9667,360.6808,360.7654
132.0000,365.0000,364.9019
132.0333,369.3192,369.1133
132.0667,373.6354,373.4061
132.1000,377.9458,378.0068
132.1333,382.2472,382.2938
132.1667,386.5368,386.5057
132.2000,390.8117,390.9248
132.2333,395.0689,394.9815
132.2667,399.3054,398.9815
132.3000,403.5185,403.4386
132.3333,407.7051,407.6750
132.3667,411.8625,411.6750
132.4000,415.9878,415.6724
132.4333,420.0781,419.9592
132.4667,424.1307,423.9592
132.5000,428.1428,427.9592
132.5333,432.1115,431.9732
132.5667,436.0343,435.9732
132.6000,439.9084,439.7832
132.6333,443.7312,443.5665
132.6667,447.5000,447.1300
132.7000,451.2123,451.1300
132.7333,454.8654,455.0472
132.7667,458.4570,458.6724
132.8000,461.9846,461.9971
132.8333,465.4456,465.3231
132.8667,468.8379,469.0472
132.9000,472.1589,472.1505
132.9333,475.4066,475.4457
132.9667,478.5785,478.6960
133.0000,481.6726,481.4321
133.0333,484.6868,484.6960
133.0667,487.6189,487.4405
133.1000,490.4670,490.5956
133.1333,493.2291,492.9271
133.1667,495.9033,495.7024
133.2000,498.4878,498.5881
133.2333,500.9808,500.9299
133.2667,503.3806,503.4405
133.3000,505.6856,505.5920
133.3333,507.8942,507.8539
133.3667,510.0048,509.8539
133.4000,512.0161,511.8507
133.4333,513.9266,513.8539
133.4667,515.7350,515.5877
133.5000,517.4401,517.2555
133.5333,519.0408,519.0703
133.5667,520.5358,520.6064
133.6000,521.9243,521.8539
133.6333,523.2053,523.1840
133.6667,524.3778,524.4168
133.7000,525.4410,525.3793
133.7333,526.3944,526.3612
133.7667,527.2371,527.0589
133.8000,527.9686,527.9730
133.8333,528.5884,528.7756
133.8667,529.0961,529.3078
133.9000,529.4914,529.6322
133.9333,529.7739,529.6876
133.9667,529.9435,529.8282
134.0000,530.0000,529.8282
134.0333,529.9749,529.7932
134.0667,529.8995,529.7618
134.1000,529.7739,529.7341
134.1333,529.5981,529.5778
134.1667,529.3721,529.4305
134.2000,529.0961,529.2878
134.2333,528.7701,529.0312
134.2667,528.3942,528.6565
134.3000,527.9686,527.9730
134.3333,527.4933,527.4389
134.3667,526.9685,526.9151
134.4000,526.3944,526.4072
134.4333,525.7711,525.4964
134.4667,525.0988,524.9804
134.5000,524.3778,524.4072
134.5333,523.6082,523.4746
134.5667,522.7903,522.7279
134.6000,521.9243,521.6692
134.6333,521.0106,520.9507
134.6667,520.0493,519.6071
134.7000,519.0408,518.8266
134.7333,517.9853,517.5782
134.7667,516.8833,516.8665
134.8000,515.7350,515.5782
134.8333,514.5408,514.7436
134.8667,513.3010,513.0373
134.9000,512.0161,512.0007
134.9333,510.6864,510.7267
134.9667,509.3123,509.0215
135.0000,507.8942,507.5782
135.0333,506.4326,506.4897
135.0667,504.9279,504.8979
135.1000,503.3806,503.2786
135.1333,501.7912,501.4673
135.1667,500.1601,500.0007
135.2000,498.4878,498.5855
135.2333,496.7749,496.9286
135.2667,495.0218,494.9286
135.3000,493.2291,492.9286
135.3333,491.3973,491.1868
135.3667,489.5271,489.1868
135.4000,487.6189,487.4171
135.4333,485.6734,485.6436
135.4667,483.6911,483.6436
135.5000,481.6726,481.6101
135.5333,479.6186,479.4913
135.5667,477.5297,477.1868
135.6000,475.4066,475.1868
135.6333,473.2497,473.1052
135.6667,471.0600,471.1052
135.7000,468.8379,468.8194
135.7333,466.5841,466.8194
135.7667,464.2995,464.3586
135.8000,461.9846,461.7084
135.8333,459.6401,459.4628
135.8667,457.2668,457.1052
135.9000,454.8654,454.8194
135.9333,452.4367,452.3573
135.9667,449.9813,449.6872
136.0000,447.5000,447.2846
136.0333,444.9936,444.8998
136.0667,442.4628,442.3335
136.1000,439.9084,439.7084
136.1333,437.3312,437.2008
136.1667,434.7320,434.8191
136.2000,432.1115,432.0039
136.2333,429.4706,429.2846
136.2667,426.8101,426.7386
136.3000,424.1307,424.2522
136.3333,421.4333,421.2846
136.3667,418.7187,418.7386
136.4000,415.9878,415.6258
136.4333,413.2413,413.1412
136.4667,410.4802,410.7386
136.5000,407.7051,407.6041
136.5333,404.9171,404.7386
136.5667,402.1169,402.2522
136.6000,399.3054,399.2909
136.6333,396.4835,396.7386
136.6667,393.6519,393.4662
136.7000,390.8117,391.0466
136.7333,387.9636,387.9457
136.7667,385.1084,385.0466
136.8000,382.2472,382.1244
136.8333,379.3807,379.2000
136.8667,376.5098,376.6014
136.9000,373.6354,373.4692
136.9333,370.7584,370.7774
136.9667,367.8796,367.8348
137.0000,365.0000,364.9649
137.0333,362.1204,362.2522
137.0667,359.2416,359.0041
137.1000,356.3646,356.2522
137.1333,353.4902,353.2956
137.1667,350.6193,350.5905
137.2000,347.7528,347.4692
137.2333,344.8916,345.1278
137.2667,342.0364,341.8539
137.3000,339.1883,338.9943
137.3333,336.3481,336.3848
137.3667,333.5165,333.3882
137.4000,330.6946,330.7779
137.4333,327.8831,328.0725
137.4667,325.0829,324.9692
137.5000,322.2949,322.3954
137.5333,319.5198,319.3229
137.5667,316.7587,316.7774
137.6000,314.0122,313.8382
137.6333,311.2813,310.9692
137.6667,308.5667,308.5734
137.7000,305.8693,305.5590
137.7333,303.1899,302.9692
137.7667,300.5294,300.5734
137.8000,297.8885,297.5940
137.8333,295.2680,295.1331
137.8667,292.6688,292.7608
137.9000,290.0916,289.8301
137.9333,287.5372,287.3229
137.9667,285.0064,284.9362
138.0000,282.5000,282.4964
138.0333,280.0187,279.8382
138.0667,277.5633,277.3469
138.1000,275.1346,274.9692
138.1333,272.7332,272.5916
138.1667,270.3599,270.4661
138.2000,268.0154,267.8382
138.2333,265.7005,265.3325
138.2667,263.4159,262.9692
138.3000,261.1621,260.9692
138.3333,258.9400,258.9692
138.3667,256.7503,256.7182
138.4000,254.5934,254.5870
138.4333,252.4703,252.6087
138.4667,250.3814,250.6087
138.5000,248.3274,248.6118
138.5333,246.3089,246.6118
138.5667,244.3266,244.6118
138.6000,242.3811,242.6118
138.6333,240.4729,240.6118
138.6667,238.6027,238.6118
138.7000,236.7709,236.9692
138.7333,234.9782,234.9692
138.7667,233.2251,232.9692
138.8000,231.5122,231.3469
138.8333,229.8399,229.3469
138.8667,228.2088,227.9722
138.9000,226.6194,226.7869
138.9333,225.0721,224.9919
138.9667,223.5674,223.2509
139.0000,222.1058,222.1359
139.0333,220.6877,220.5703
139.0667,219.3136,219.1532
139.1000,217.9839,218.1389
139.1333,216.6990,216.7670
139.1667,215.4592,215.3469
139.2000,214.2650,214.1359
139.2333,213.1167,212.9692
139.2667,212.0147,212.1068
139.3000,210.9592,211.0352
139.3333,209.9507,210.1068
139.3667,208.9894,209.0352
139.4000,208.0757,208.0338
139.4333,207.2097,207.0352
139.4667,206.3918,206.5480
139.5000,205.6222,205.4370
139.5333,204.9012,205.0352
139.5667,204.2289,204.5480
139.6000,203.6056,203.5084
139.6333,203.0315,203.0352
139.6667,202.5067,202.6852
139.7000,202.0314,202.1061
139.7333,201.6058,201.4370
139.7667,201.2299,201.1876
139.8000,200.9039,200.9260
139.8333,200.6279,200.6566
139.8667,200.4019,200.5012
139.9000,200.2261,200.2856
139.9333,200.1005,200.2212
139.9667,200.0251,200.4097
140.0000,200.0000,199.7175
140.0333,200.0565,200.0248
140.0667,200.2261,200.2970
140.1000,200.5086,200.5736
140.1333,200.9039,201.0074
140.1667,201.4116,201.4603
140.2000,202.0314,202.0000
140.2333,202.7629,202.5614
140.2667,203.6056,203.4531
140.3000,204.5590,204.5614
140.3333,205.6222,205.4709
140.3667,206.7947,206.6399
140.4000,208.0757,208.0339
140.4333,209.4642,209.3148
140.4667,210.9592,211.0057
140.5000,212.5599,212.5614
140.5333,214.2650,214.0545
140.5667,216.0734,216.0351
140.6000,217.9839,218.0351
140.6333,219.9952,220.0312
140.6667,222.1058,222.0312
140.7000,224.3144,224.5110
140.7333,226.6194,226.8271
140.7667,229.0192,228.8271
140.8000,231.5122,231.2279
140.8333,234.0967,233.9186
140.8667,236.7709,236.8271
140.9000,239.5330,239.3057
140.9333,242.3811,242.4028
140.9667,245.3132,244.8443
141.0000,248.3274,248.3084
141.0333,251.4215,251.2360
141.0667,254.5934,254.7773
141.1000,257.8411,257.6207
141.1333,261.1621,260.9718
141.1667,264.5544,264.7616
141.2000,268.0154,267.9078
141.2333,271.5430,271.3628
141.2667,275.1346,274.9718
141.3000,278.7877,278.7843
141.3333,282.5000,282.5736
141.3667,286.2688,286.3276
141.4000,290.0916,290.0140
141.4333,293.9657,294.0080
141.4667,297.8885,298.0080
141.5000,301.8572,301.8270
141.5333,305.8693,305.8538
141.5667,309.9219,309.8952
141.6000,314.0122,313.9286
141.6333,318.1375,318.3074
141.6667,322.2949,322.3206
141.7000,326.4815,326.3206
141.7333,330.6946,330.7746
141.7667,334.9311,334.8882
141.8000,339.1883,338.9113
141.8333,343.4632,343.1405
141.8667,347.7528,347.7201
141.9000,352.0542,352.0128
141.9333,356.3646,356.5572
141.9667,360.6808,360.7654
142.0000,365.0000,364.9019
142.0333,369.3192,369.1133
142.0667,373.6354,373.4061
142.1000,377.9458,378.0068
142.1333,382.2472,382.2938
142.1667,386.5368,386.5057
142.2000,390.8117,390.9248
142.2333,395.0689,394.9815
142.2667,399.3054,398.9815
142.3000,403.5185,403.4386
142.3333,407.7051,407.6750
142.3667,411.8625,411.6750
142.4000,415.9878,415.6724
142.4333,420.0781,419.9592
142.4667,424.1307,423.9592
142.5000,428.1428,427.9592
142.5333,432.1115,431.9732
142.5667,436.0343,435.9732
142.6000,439.9084,439.7832
142.6333,443.7312,443.5665
142.6667,447.5000,447.1300
142.7000,451.2123,451.1300
142.7333,454.8654,455.0472
142.7667,458.4570,458.6724
142.8000,461.9846,461.9971
142.8333,465.4456,465.3231
142.8667,468.8379,469.0472
142.9000,472.1589,472.1505
142.9333,475.4066,475.4457
142.9667,478.5785,478.6960
143.0000,481.6726,481.4321
143.0333,484.6868,484.6960
143.0667,487.6189,487.4405
143.1000,490.4670,490.5956
143.1333,493.2291,492.9271
143.1667,495.9033,495.7024
143.2000,498.4878,498.5881
143.2333,500.9808,500.9299
143.2667,503.3806,503.4405
143.3000,505.6856,505.5920
143.3333,507.8942,507.8539
143.3667,510.0048,509.8539
143.4000,512.0161,511.8507
143.4333,513.9266,513.8539
143.4667,515.7350,515.5877
143.5000,517.4401,517.2555
143.5333,519.0408,519.0703
143.5667,520.5358,520.6064
143.6000,521.9243,521.8539
143.6333,523.2053,523.1840
143.6667,524.3778,524.4168
143.7000,525.4410,525.3793
143.7333,526.3944,526.3612
143.7667,527.2371,527.0589
143.8000,527.9686,527.9730
143.8333,528.5884,528.7756
143.8667,529.0961,529.3078
143.9000,529.4914,529.6322
143.9333,529.7739,529.6876
143.9667,529.9435,529.8282
144.0000,530.0000,529.8282
144.0333,529.9749,529.7932
144.0667,529.8995,529.7618
144.1000,529.7739,529.7341
144.1333,529.5981,529.5778
144.1667,529.3721,529.4305
144.2000,529.0961,529.2878
144.2333,528.7701,529.0312
144.2667,528.3942,528.6565
144.3000,527.9686,527.9730
144.3333,527.4933,527.4389
144.3667,526.9685,526.9151
144.4000,526.3944,526.4072
144.4333,525.7711,525.4964
144.4667,525.0988,524.9804
144.5000,524.3778,524.4072
144.5333,523.6082,523.4746
144.5667,522.7903,522.7279
144.6000,521.9243,521.6692
144.6333,521.0106,520.9507
144.6667,520.0493,519.6071
144.7000,519.0408,518.8266
144.7333,517.9853,517.5782
144.7667,516.8833,516.8665
144.8000,515.7350,515.5782
144.8333,514.5408,514.7436
144.8667,513.3010,513.0373
144.9000,512.0161,512.0007
144.9333,510.6864,510.7267
144.9667,509.3123,509.0215
145.0000,507.8942,507.5782
145.0333,506.4326,506.4897
145.0667,504.9279,504.8979
145.1000,503.3806,503.2786
145.1333,501.7912,501.4673
145.1667,500.1601,500.0007
145.2000,498.4878,498.5855
145.2333,496.7749,496.9286
145.2667,495.0218,494.9286
145.3000,493.2291,492.9286
145.3333,491.3973,491.1868
145.3667,489.5271,489.1868
145.4000,487.6189,487.4171
145.4333,485.6734,485.6436
145.4667,483.6911,483.6436
145.5000,481.6726,481.6101
145.5333,479.6186,479.4913
145.5667,477.5297,477.1868
145.6000,475.4066,475.1868
145.6333,473.2497,473.1052
145.6667,471.0600,471.1052
145.7000,468.8379,468.8194
145.7333,466.5841,466.8194
145.7667,464.2995,464.3586
145.8000,461.9846,461.7084
145.8333,459.6401,459.4628
145.8667,457.2668,457.1052
145.9000,454.8654,454.8194
145.9333,452.4367,452.3573
145.9667,449.9813,449.6872
146.0000,447.5000,447.2846
146.0333,444.9936,444.8998
146.0667,442.4628,442.3335
146.1000,439.9084,439.7084
146.1333,437.3312,437.2008
146.1667,434.7320,434.8191
146.2000,432.1115,432.0039
146.2333,429.4706,429.2846
146.2667,426.8101,426.7386
146.3000,424.1307,424.2522
146.3333,421.4333,421.2846
146.3667,418.7187,418.7386
146.4000,415.9878,415.6258
146.4333,413.2413,413.1412
146.4667,410.4802,410.7386
146.5000,407.7051,407.6041
146.5333,404.9171,404.7386
146.5667,402.1169,402.2522
146.6000,399.3054,399.2909
146.6333,396.4835,396.7386
146.6667,393.6519,393.4662
146.7000,390.8117,391.0466
146.7333,387.9636,387.9457
146.7667,385.1084,385.0466
146.8000,382.2472,382.1244
146.8333,379.3807,379.2000
146.8667,376.5098,376.6014
146.9000,373.6354,373.4692
146.9333,370.7584,370.7774
146.9667,367.8796,367.8348
147.0000,365.0000,364.9649
147.0333,362.1204,362.2522
147.0667,359.2416,359.0041
147.1000,356.3646,356.2522
147.1333,353.4902,353.2956
147.1667,350.6193,350.5905
147.2000,347.7528,347.4692
147.2333,344.8916,345.1278
147.2667,342.0364,341.8539
147.3000,339.1883,338.9943
147.3333,336.3481,336.3848
147.3667,333.5165,333.3882
147.4000,330.6946,330.7779
147.4333,327.8831,328.0725
147.4667,325.0829,324.9692
147.5000,322.2949,322.3954
147.5333,319.5198,319.3229
147.5667,316.7587,316.7774
147.6000,314.0122,313.8382
147.6333,311.2813,310.9692
147.6667,308.5667,308.5734
147.7000,305.8693,305.5590
147.7333,303.1899,302.9692
147.7667,300.5294,300.5734
147.8000,297.8885,297.5940
147.8333,295.2680,295.1331
147.8667,292.6688,292.7608
147.9000,290.0916,289.8301
147.9333,287.5372,287.3229
147.9667,285.0064,284.9362
148.0000,282.5000,282.4964
148.0333,280.0187,279.8382
148.0667,277.5633,277.3469
148.1000,275.1346,274.9692
148.1333,272.7332,272.5916
148.1667,270.3599,270.4661
148.2000,268.0154,267.8382
148.2333,265.7005,265.3325
148.2667,263.4159,262.9692
148.3000,261.1621,260.9692
148.3333,258.9400,258.9692
148.3667,256.7503,256.7182
148.4000,254.5934,254.5870
148.4333,252.4703,252.6087
148.4667,250.3814,250.6087
148.5000,248.3274,248.6118
148.5333,246.3089,246.6118
148.5667,244.3266,244.6118
148.6000,242.3811,242.6118
148.6333,240.4729,240.6118
148.6667,238.6027,238.6118
148.7000,236.7709,236.9692
148.7333,234.9782,234.9692
148.7667,233.2251,232.9692
148.8000,231.5122,231.3469
148.8333,229.8399,229.3469
148.8667,228.2088,227.9722
148.9000,226.6194,226.7869
148.9333,225.0721,224.9919
148.9667,223.5674,223.2509
149.0000,222.1058,222.1359
149.0333,220.6877,220.5703
149.0667,219.3136,219.1532
149.1000,217.9839,218.1389
149.1333,216.6990,216.7670
149.1667,215.4592,215.3469
149.2000,214.2650,214.1359
149.2333,213.1167,212.9692
149.2667,212.0147,212.1068
149.3000,210.9592,211.0352
149.3333,209.9507,210.1068
149.3667,208.9894,209.0352
149.4000,208.0757,208.0338
149.4333,207.2097,207.0352
149.4667,206.3918,206.5480
149.5000,205.6222,205.4370
149.5333,204.9012,205.0352
149.5667,204.2289,204.5480
149.6000,203.6056,203.5084
149.6333,203.0315,203.0352
149.6667,202.5067,202.6852
149.7000,202.0314,202.1061
149.7333,201.6058,201.4370
149.7667,201.2299,201.1876
149.8000,200.9039,200.9260
149.8333,200.6279,200.6566
149.8667,200.4019,200.5012
149.9000,200.2261,200.2856
149.9333,200.1005,200.2212
149.9667,200.0251,200.4097
150.0000,200.0000,199.7175
150.0333,200.0565,200.0248
150.0667,200.2261,200.2970
150.1000,200.5086,200.5736
150.1333,200.9039,201.0074
150.1667,201.4116,201.4603
150.2000,202.0314,202.0000
150.2333,202.7629,202.5614
150.2667,203.6056,203.4531
150.3000,204.5590,204.5614
150.3333,205.6222,205.4709
150.3667,206.7947,206.6399
150.4000,208.0757,208.0339
150.4333,209.4642,209.3148
150.4667,210.9592,211.0057
150.5000,212.5599,212.5614
150.5333,214.2650,214.0545
150.5667,216.0734,216.0351
150.6000,217.9839,218.0351
150.6333,219.9952,220.0312
150.6667,222.1058,222.0312
150.7000,224.3144,224.5110
150.7333,226.6194,226.8271
150.7667,229.0192,228.8271
150.8000,231.5122,231.2279
150.8333,234.0967,233.9186
150.8667,236.7709,236.8271
150.9000,239.5330,239.3057
150.9333,242.3811,242.4028
150.9667,245.3132,244.8443
151.0000,248.3274,248.3084
151.0333,251.4215,251.2360
151.0667,254.5934,254.7773
151.1000,257.8411,257.6207
151.1333,261.1621,260.9718
151.1667,264.5544,264.7616
151.2000,268.0154,267.9078
151.2333,271.5430,271.3628
151.2667,275.1346,274.9718
151.3000,278.7877,278.7843
151.3333,282.5000,282.5736
151.3667,286.2688,286.3276
151.4000,290.0916,290.0140
151.4333,293.9657,294.0080
151.4667,297.8885,298.0080
151.5000,301.8572,301.8270
151.5333,305.8693,305.8538
151.5667,309.9219,309.8952
151.6000,314.0122,313.9286
151.6333,318.1375,318.3074
151.6667,322.2949,322.3206
151.7000,326.4815,326.3206
151.7333,330.6946,330.7746
151.7667,334.9311,334.8882
151.8000,339.1883,338.9113
151.8333,343.4632,343.1405
151.8667,347.7528,347.7201
151.9000,352.0542,352.0128
151.9333,356.3646,356.5572
151.9667,360.6808,360.7654
152.0000,365.0000,364.9019
152.0333,369.3192,369.1133
152.0667,373.6354,373.4061
152.1000,377.9458,378.0068
152.1333,382.2472,382.2938
152.1667,386.5368,386.5057
152.2000,390.8117,390.9248
152.2333,395.0689,394.9815
152.2667,399.3054,398.9815
152.3000,403.5185,403.4386
152.3333,407.7051,407.6750
152.3667,411.8625,411.6750
152.4000,415.9878,415.6724
152.4333,420.0781,419.9592
152.4667,424.1307,423.9592
152.5000,428.1428,427.9592
152.5333,432.1115,431.9732
152.5667,436.0343,435.9732
152.6000,439.9084,439.7832
152.6333,443.7312,443.5665
152.6667,447.5000,447.1300
152.7000,451.2123,451.1300
152.7333,454.8654,455.0472
152.7667,458.4570,458.6724
152.8000,461.9846,461.9971
152.8333,465.4456,465.3231
152.8667,468.8379,469.0472
152.9000,472.1589,472.1505
152.9333,475.4066,475.4457
152.9667,478.5785,478.6960
153.0000,481.6726,481.4321
153.0333,484.6868,484.6960
153.0667,487.6189,487.4405
153.1000,490.4670,490.5956
153.1333,493.2291,492.9271
153.1667,495.9033,495.7024
153.2000,498.4878,498.5881
153.2333,500.9808,500.9299
153.2667,503.3806,503.4405
153.3000,505.6856,505.5920
153.3333,507.8942,507.8539
153.3667,510.0048,509.8539
153.4000,512.0161,511.8507
153.4333,513.9266,513.8539
153.4667,515.7350,515.5877
153.5000,517.4401,517.2555
153.5333,519.0408,519.0703
153.5667,520.5358,520.6064
153.6000,521.9243,521.8539
153.6333,523.2053,523.1840
153.6667,524.3778,524.4168
153.7000,525.4410,525.3793
153.7333,526.3944,526.3612
153.7667,527.2371,527.0589
153.8000,527.9686,527.9730
153.8333,528.5884,528.7756
153.8667,529.0961,529.3078
153.9000,529.4914,529.6322
153.9333,529.7739,529.6876
153.9667,529.9435,529.8282
154.0000,530.0000,529.8282
154.0333,529.9749,529.7932
154.0667,529.8995,529.7618
154.1000,529.7739,529.7341
154.1333,529.5981,529.5778
154.1667,529.3721,529.4305
154.2000,529.0961,529.2878
154.2333,528.7701,529.0312
154.2667,528.3942,528.6565
154.3000,527.9686,527.9730
154.3333,527.4933,527.4389
154.3667,526.9685,526.9151
154.4000,526.3944,526.4072
154.4333,525.7711,525.4964
154.4667,525.0988,524.9804
154.5000,524.3778,524.4072
154.5333,523.6082,523.4746
154.5667,522.7903,522.7279
154.6000,521.9243,521.6692
154.6333,521.0106,520.9507
154.6667,520.0493,519.6071
154.7000,519.0408,518.8266
154.7333,517.9853,517.5782
154.7667,516.8833,516.8665
154.8000,515.7350,515.5782
154.8333,514.5408,514.7436
154.8667,513.3010,513.0373
154.9000,512.0161,512.0007
154.9333,510.6864,510.7267
154.9667,509.3123,509.0215
155.0000,507.8942,507.5782
155.0333,506.4326,506.4897
155.0667,504.9279,504.8979
155.1000,503.3806,503.2786
155.1333,501.7912,501.4673
155.1667,500.1601,500.0007
155.2000,498.4878,498.5855
155.2333,496.7749,496.9286
155.2667,495.0218,494.9286
155.3000,493.2291,492.9286
155.3333,491.3973,491.1868
155.3667,489.5271,489.1868
155.4000,487.6189,487.4171
155.4333,485.6734,485.6436
155.4667,483.6911,483.6436
155.5000,481.6726,481.6101
155.5333,479.6186,479.4913
155.5667,477.5297,477.1868
155.6000,475.4066,475.1868
155.6333,473.2497,473.1052
155.6667,471.0600,471.1052
155.7000,468.8379,468.8194
155.7333,466.5841,466.8194
155.7667,464.2995,464.3586
155.8000,461.9846,461.7084
155.8333,459.6401,459.4628
155.8667,457.2668,457.1052
155.9000,454.8654,454.8194
155.9333,452.4367,452.3573
155.9667,449.9813,449.6872
156.0000,447.5000,447.2846
156.0333,444.9936,444.8998
156.0667,442.4628,442.3335
156.1000,439.9084,439.7084
156.1333,437.3312,437.2008
156.1667,434.7320,434.8191
156.2000,432.1115,432.0039
156.2333,429.4706,429.2846
156.2667,426.8101,426.7386
156.3000,424.1307,424.2522
156.3333,421.4333,421.2846
156.3667,418.7187,418.7386
156.4000,415.9878,415.6258
156.4333,413.2413,413.1412
156.4667,410.4802,410.7386
156.5000,407.7051,407.6041
156.5333,404.9171,404.7386
156.5667,402.1169,402.2522
156.6000,399.3054,399.2909
156.6333,396.4835,396.7386
156.6667,393.6519,393.4662
156.7000,390.8117,391.0466
156.7333,387.9636,387.9457
156.7667,385.1084,385.0466
156.8000,382.2472,382.1244
156.8333,379.3807,379.2000
156.8667,376.5098,376.6014
156.9000,373.6354,373.4692
156.9333,370.7584,370.7774
156.9667,367.8796,367.8348
157.0000,365.0000,364.9649
157.0333,362.1204,362.2522
157.0667,359.2416,359.0041
157.1000,356.3646,356.2522
157.1333,353.4902,353.2956
157.1667,350.6193,350.5905
157.2000,347.7528,347.4692
157.2333,344.8916,345.1278
157.2667,342.0364,341.8539
157.3000,339.1883,338.9943
157.3333,336.3481,336.3848
157.3667,333.5165,333.3882
157.4000,330.6946,330.7779
157.4333,327.8831,328.0725
157.4667,325.0829,324.9692
157.5000,322.2949,322.3954
157.5333,319.5198,319.3229
157.5667,316.7587,316.7774
157.6000,314.0122,313.8382
157.6333,311.2813,310.9692
157.6667,308.5667,308.5734
157.7000,305.8693,305.5590
157.7333,303.1899,302.9692
157.7667,300.5294,300.5734
157.8000,297.8885,297.5940
157.8333,295.2680,295.1331
157.8667,292.6688,292.7608
157.9000,290.0916,289.8301
157.9333,287.5372,287.3229
157.9667,285.0064,284.9362
158.0000,282.5000,282.4964
158.0333,280.0187,279.8382
158.0667,277.5633,277.3469
158.1000,275.1346,274.9692
158.1333,272.7332,272.5916
158.1667,270.3599,270.4661
158.2000,268.0154,267.8382
158.2333,265.7005,265.3325
158.2667,263.4159,262.9692
158.3000,261.1621,260.9692
158.3333,258.9400,258.9692
158.3667,256.7503,256.7182
158.4000,254.5934,254.5870
158.4333,252.4703,252.6087
158.4667,250.3814,250.6087
158.5000,248.3274,248.6118
158.5333,246.3089,246.6118
158.5667,244.3266,244.6118
158.6000,242.3811,242.6118
158.6333,240.4729,240.6118
158.6667,238.6027,238.6118
158.7000,236.7709,236.9692
158.7333,234.9782,234.9692
158.7667,233.2251,232.9692
158.8000,231.5122,231.3469
158.8333,229.8399,229.3469
158.8667,228.2088,227.9722
158.9000,226.6194,226.7869
158.9333,225.0721,224.9919
158.9667,223.5674,223.2509
159.0000,222.1058,222.1359
159.0333,220.6877,220.5703
159.0667,219.3136,219.1532
159.1000,217.9839,218.1389
159.1333,216.6990,216.7670
159.1667,215.4592,215.3469
159.2000,214.2650,214.1359
159.2333,213.1167,212.9692
159.2667,212.0147,212.1068
159.3000,210.9592,211.0352
159.3333,209.9507,210.1068
159.3667,208.9894,209.0352
159.4000,208.0757,208.0338
159.4333,207.2097,207.0352
159.4667,206.3918,206.5480
159.5000,205.6222,205.4370
159.5333,204.9012,205.0352
159.5667,204.2289,204.5480
159.6000,203.6056,203.5084
159.6333,203.0315,203.0352
159.6667,202.5067,202.6852
159.7000,202.0314,202.1061
159.7333,201.6058,201.4370
159.7667,201.2299,201.1876
159.8000,200.9039,200.9260
159.8333,200.6279,200.6566
159.8667,200.4019,200.5012
159.9000,200.2261,200.2856
159.9333,200.1005,200.2212
159.9667,200.0251,200.4097
160.0000,200.0000,199.7175
160.0333,200.0565,200.0248
160.0667,200.2261,200.2970
160.1000,200.5086,200.5736
160.1333,200.9039,201.0074
160.1667,201.4116,201.4603
160.2000,202.0314,202.0000
160.2333,202.7629,202.5614
160.2667,203.6056,203.4531
160.3000,204.5590,204.5614
160.3333,205.6222,205.4709
160.3667,206.7947,206.6399
160.4000,208.0757,208.0339
160.4333,209.4642,209.3148
160.4667,210.9592,211.0057
160.5000,212.5599,212.5614
160.5333,214.2650,214.0545
160.5667,216.0734,216.0351
160.6000,217.9839,218.0351
160.6333,219.9952,220.0312
160.6667,222.1058,222.0312
160.7000,224.3144,224.5110
160.7333,226.6194,226.8271
160.7667,229.0192,228.8271
160.8000,231.5122,231.2279
160.8333,234.0967,233.9186
160.8667,236.7709,236.8271
160.9000,239.5330,239.3057
160.9333,242.3811,242.4028
160.9667,245.3132,244.8443
161.0000,248.3274,248.3084
161.0333,251.4215,251.2360
161.0667,254.5934,254.7773
161.1000,257.8411,257.6207
161.1333,261.1621,260.9718
161.1667,264.5544,264.7616
161.2000,268.0154,267.9078
161.2333,271.5430,271.3628
161.2667,275.1346,274.9718
161.3000,278.7877,278.7843
161.3333,282.5000,282.5736
161.3667,286.2688,286.3276
161.4000,290.0916,290.0140
161.4333,293.9657,294.0080
161.4667,297.8885,298.0080
161.5000,301.8572,301.8270
161.5333,305.8693,305.8538
161.5667,309.9219,309.8952
161.6000,314.0122,313.9286
161.6333,318.1375,318.3074
161.6667,322.2949,322.3206
161.7000,326.4815,326.3206
161.7333,330.6946,330.7746
161.7667,334.9311,334.8882
161.8000,339.1883,338.9113
161.8333,343.4632,343.1405
161.8667,347.7528,347.7201
161.9000,352.0542,352.0128
161.9333,356.3646,356.5572
161.9667,360.6808,360.7654
162.0000,365.0000,364.9019
162.0333,369.3192,369.1133
162.0667,373.6354,373.4061
162.1000,377.9458,378.0068
162.1333,382.2472,382.2938
162.1667,386.5368,386.5057
162.2000,390.8117,390.9248
162.2333,395.0689,394.9815
162.2667,399.3054,398.9815
162.3000,403.5185,403.4386
162.3333,407.7051,407.6750
162.3667,411.8625,411.6750
162.4000,415.9878,415.6724
162.4333,420.0781,419.9592
162.4667,424.1307,423.9592
162.5000,428.1428,427.9592
162.5333,432.1115,431.9732
162.5667,436.0343,435.9732
162.6000,439.9084,439.7832
162.6333,443.7312,443.5665
162.6667,447.5000,447.1300
162.7000,451.2123,451.1300
162.7333,454.8654,455.0472
162.7667,458.4570,458.6724
162.8000,461.9846,461.9971
162.8333,465.4456,465.3231
162.8667,468.8379,469.0472
162.9000,472.1589,472.1505
162.9333,475.4066,475.4457
162.9667,478.5785,478.6960
163.0000,481.6726,481.4321
163.0333,484.6868,484.6960
163.0667,487.6189,487.4405
163.1000,490.4670,490.5956
163.1333,493.2291,492.9271
163.1667,495.9033,495.7024
163.2000,498.4878,498.5881
163.2333,500.9808,500.9299
163.2667,503.3806,503.4405
163.3000,505.6856,505.5920
163.3333,507.8942,507.8539
163.3667,510.0048,509.8539
163.4000,512.0161,511.8507
163.4333,513.9266,513.8539
163.4667,515.7350,515.5877
163.5000,517.4401,517.2555
163.5333,519.0408,519.0703
163.5667,520.5358,520.6064
163.6000,521.9243,521.8539
163.6333,523.2053,523.1840
163.6667,524.3778,524.4168
163.7000,525.4410,525.3793
163.7333,526.3944,526.3612
163.7667,527.2371,527.0589
163.8000,527.9686,527.9730
163.8333,528.5884,528.7756
163.8667,529.0961,529.3078
163.9000,529.4914,529.6322
163.9333,529.7739,529.6876
163.9667,529.9435,529.8282
164.0000,530.0000,529.8282
164.0333,529.9749,529.7932
164.0667,529.8995,529.7618
164.1000,529.7739,529.7341
164.1333,529.5981,529.5778
164.1667,529.3721,529.4305
164.2000,529.0961,529.2878
164.2333,528.7701,529.0312
164.2667,528.3942,528.6565
164.3000,527.9686,527.9730
164.3333,527.4933,527.4389
164.3667,526.9685,526.9151
164.4000,526.3944,526.4072
164.4333,525.7711,525.4964
164.4667,525.0988,524.9804
164.5000,524.3778,524.4072
164.5333,523.6082,523.4746
164.5667,522.7903,522.7279
164.6000,521.9243,521.6692
164.6333,521.0106,520.9507
164.6667,520.0493,519.6071
164.7000,519.0408,518.8266
164.7333,517.9853,517.5782
164.7667,516.8833,516.8665
164.8000,515.7350,515.5782
164.8333,514.5408,514.7436
164.8667,513.3010,513.0373
164.9000,512.0161,512.0007
164.9333,510.6864,510.7267
164.9667,509.3123,509.0215
165.0000,507.8942,507.5782
165.0333,506.4326,506.4897
165.0667,504.9279,504.8979
165.1000,503.3806,503.2786
165.1333,501.7912,501.4673
165.1667,500.1601,500.0007
165.2000,498.4878,498.5855
165.2333,496.7749,496.9286
165.2667,495.0218,494.9286
165.3000,493.2291,492.9286
165.3333,491.3973,491.1868
165.3667,489.5271,489.1868
165.4000,487.6189,487.4171
165.4333,485.6734,485.6436
165.4667,483.6911,483.6436
165.5000,481.6726,481.6101
165.5333,479.6186,479.4913
165.5667,477.5297,477.1868
165.6000,475.4066,475.1868
165.6333,473.2497,473.1052
165.6667,471.0600,471.1052
165.7000,468.8379,468.8194
165.7333,466.5841,466.8194
165.7667,464.2995,464.3586
165.8000,461.9846,461.7084
165.8333,459.6401,459.4628
165.8667,457.2668,457.1052
165.9000,454.8654,454.8194
165.9333,452.4367,452.3573
165.9667,449.9813,449.6872
166.0000,447.5000,447.2846
166.0333,444.9936,444.8998
166.0667,442.4628,442.3335
166.1000,439.9084,439.7084
166.1333,437.3312,437.2008
166.1667,434.7320,434.8191
166.2000,432.1115,432.0039
166.2333,429.4706,429.2846
166.2667,426.8101,426.7386
166.3000,424.1307,424.2522
166.3333,421.4333,421.2846
166.3667,418.7187,418.7386
166.4000,415.9878,415.6258
166.4333,413.2413,413.1412
166.4667,410.4802,410.7386
166.5000,407.7051,407.6041
166.5333,404.9171,404.7386
166.5667,402.1169,402.2522
166.6000,399.3054,399.2909
166.6333,396.4835,396.7386
166.6667,393.6519,393.4662
166.7000,390.8117,391.0466
166.7333,387.9636,387.9457
166.7667,385.1084,385.0466
166.8000,382.2472,382.1244
166.8333,379.3807,379.2000
166.8667,376.5098,376.6014
166.9000,373.6354,373.4692
166.9333,370.7584,370.7774
166.9667,367.8796,367.8348
167.0000,365.0000,364.9649
167.0333,362.1204,362.2522
167.0667,359.2416,359.0041
167.1000,356.3646,356.2522
167.1333,353.4902,353.2956
167.1667,350.6193,350.5905
167.2000,347.7528,347.4692
167.2333,344.8916,345.1278
167.2667,342.0364,341.8539
167.3000,339.1883,338.9943
167.3333,336.3481,336.3848
167.3667,333.5165,333.3882
167.4000,330.6946,330.7779
167.4333,327.8831,328.0725
167.4667,325.0829,324.9692
167.5000,322.2949,322.3954
167.5333,319.5198,319.3229
167.5667,316.7587,316.7774
167.6000,314.0122,313.8382
167.6333,311.2813,310.9692
167.6667,308.5667,308.5734
167.7000,305.8693,305.5590
167.7333,303.1899,302.9692
167.7667,300.5294,300.5734
167.8000,297.8885,297.5940
167.8333,295.2680,295.1331
167.8667,292.6688,292.7608
167.9000,290.0916,289.8301
167.9333,287.5372,287.3229
167.9667,285.0064,284.9362
168.0000,282.5000,282.4964
168.0333,280.0187,279.8382
168.0667,277.5633,277.3469
168.1000,275.1346,274.9692
168.1333,272.7332,272.5916
168.1667,270.3599,270.4661
168.2000,268.0154,267.8382
168.2333,265.7005,265.3325
168.2667,263.4159,262.9692
168.3000,261.1621,260.9692
168.3333,258.9400,258.9692
168.3667,256.7503,256.7182
168.4000,254.5934,254.5870
168.4333,252.4703,252.6087
168.4667,250.3814,250.6087
168.5000,248.3274,248.6118
168.5333,246.3089,246.6118
168.5667,244.3266,244.6118
168.6000,242.3811,242.6118
168.6333,240.4729,240.6118
168.6667,238.6027,238.6118
168.7000,236.7709,236.9692
168.7333,234.9782,234.9692
168.7667,233.2251,232.9692
168.8000,231.5122,231.3469
168.8333,229.8399,229.3469
168.8667,228.2088,227.9722
168.9000,226.6194,226.7869
168.9333,225.0721,224.9919
168.9667,223.5674,223.2509
169.0000,222.1058,222.1359
169.0333,220.6877,220.5703
169.0667,219.3136,219.1532
169.1000,217.9839,218.1389
169.1333,216.6990,216.7670
169.1667,215.4592,215.3469
169.2000,214.2650,214.1359
169.2333,213.1167,212.9692
169.2667,212.0147,212.1068
169.3000,210.9592,211.0352
169.3333,209.9507,210.1068
169.3667,208.9894,209.0352
169.4000,208.0757,208.0338
169.4333,207.2097,207.0352
169.4667,206.3918,206.5480
169.5000,205.6222,205.4370
169.5333,204.9012,205.0352
169.5667,204.2289,204.5480
169.6000,203.6056,203.5084
169.6333,203.0315,203.0352
169.6667,202.5067,202.6852
169.7000,202.0314,202.1061
169.7333,201.6058,201.4370
169.7667,201.2299,201.1876
169.8000,200.9039,200.9260
169.8333,200.6279,200.6566
169.8667,200.4019,200.5012
169.9000,200.2261,200.2856
169.9333,200.1005,200.2212
169.9667,200.0251,200.4097
170.0000,200.0000,199.7175
170.0333,200.0565,200.0248
170.0667,200.2261,200.2970
170.1000,200.5086,200.5736
170.1333,200.9039,201.0074
170.1667,201.4116,201.4603
170.2000,202.0314,202.0000
170.2333,202.7629,202.5614
170.2667,203.6056,203.4531
170.3000,204.5590,204.5614
170.3333,205.6222,205.4709
170.3667,206.7947,206.6399
170.4000,208.0757,208.0339
170.4333,209.4642,209.3148
170.4667,210.9592,211.0057
170.5000,212.5599,212.5614
170.5333,214.2650,214.0545
170.5667,216.0734,216.0351
170.6000,217.9839,218.0351
170.6333,219.9952,220.0312
170.6667,222.1058,222.0312
170.7000,224.3144,224.5110
170.7333,226.6194,226.8271
170.7667,229.0192,228.8271
170.8000,231.5122,231.2279
170.8333,234.0967,233.9186
170.8667,236.7709,236.8271
170.9000,239.5330,239.3057
170.9333,242.3811,242.4028
170.9667,245.3132,244.8443
171.0000,248.3274,248.3084
171.0333,251.4215,251.2360
171.0667,254.5934,254.7773
171.1000,257.8411,257.6207
171.1333,261.1621,260.9718
171.1667,264.5544,264.7616
171.2000,268.0154,267.9078
171.2333,271.5430,271.3628
171.2667,275.1346,274.9718
171.3000,278.7877,278.7843
171.3333,282.5000,282.5736
171.3667,286.2688,286.3276
171.4000,290.0916,290.0140
171.4333,293.9657,294.0080
171.4667,297.8885,298.0080
171.5000,301.8572,301.8270
171.5333,305.8693,305.8538
171.5667,309.9219,309.8952
171.6000,314.0122,313.9286
171.6333,318.1375,318.3074
171.6667,322.2949,322.3206
171.7000,326.4815,326.3206
171.7333,330.6946,330.7746
171.7667,334.9311,334.8882
171.8000,339.1883,338.9113
171.8333,343.4632,343.1405
171.8667,347.7528,347.7201
171.9000,352.0542,352.0128
171.9333,356.3646,356.5572
171.9667,360.6808,360.7654
172.0000,365.0000,364.9019
172.0333,369.3192,369.1133
172.0667,373.6354,373.4061
172.1000,377.9458,378.0068
172.1333,382.2472,382.2938
172.1667,386.5368,386.5057
172.2000,390.8117,390.9248
172.2333,395.0689,394.9815
172.2667,399.3054,398.9815
172.3000,403.5185,403.4386
172.3333,407.7051,407.6750
172.3667,411.8625,411.6750
172.4000,415.9878,415.6724
172.4333,420.0781,419.9592
172.4667,424.1307,423.9592
172.5000,428.1428,427.9592
172.5333,432.1115,431.9732
172.5667,436.0343,435.9732
172.6000,439.9084,439.7832
172.6333,443.7312,443.5665
172.6667,447.5000,447.1300
172.7000,451.2123,451.1300
172.7333,454.8654,455.0472
172.7667,458.4570,458.6724
172.8000,461.9846,461.9971
172.8333,465.4456,465.3231
172.8667,468.8379,469.0472
172.9000,472.1589,472.1505
172.9333,475.4066,475.4457
172.9667,478.5785,478.6960
173.0000,481.6726,481.4321
173.0333,484.6868,484.6960
173.0667,487.6189,487.4405
173.1000,490.4670,490.5956
173.1333,493.2291,492.9271
173.1667,495.9033,495.7024
173.2000,498.4878,498.5881
173.2333,500.9808,500.9299
173.2667,503.3806,503.4405
173.3000,505.6856,505.5920
173.3333,507.8942,507.8539
173.3667,510.0048,509.8539
173.4000,512.0161,511.8507
173.4333,513.9266,513.8539
173.4667,515.7350,515.5877
173.5000,517.4401,517.2555
173.5333,519.0408,519.0703
173.5667,520.5358,520.6064
173.6000,521.9243,521.8539
173.6333,523.2053,523.1840
173.6667,524.3778,524.4168
173.7000,525.4410,525.3793
173.7333,526.3944,526.3612
173.7667,527.2371,527.0589
173.8000,527.9686,527.9730
173.8333,528.5884,528.7756
173.8667,529.0961,529.3078
173.9000,529.4914,529.6322
173.9333,529.7739,529.6876
173.9667,529.9435,529.8282
174.0000,530.0000,529.8282
174.0333,529.9749,529.7932
174.0667,529.8995,529.7618
174.1000,529.7739,529.7341
174.1333,529.5981,529.5778
174.1667,529.3721,529.4305
174.2000,529.0961,529.2878
174.2333,528.7701,529.0312
174.2667,528.3942,528.6565
174.3000,527.9686,527.9730
174.3333,527.4933,527.4389
174.3667,526.9685,526.9151
174.4000,526.3944,526.4072
174.4333,525.7711,525.4964
174.4667,525.0988,524.9804
174.5000,524.3778,524.4072
174.5333,523.6082,523.4746
174.5667,522.7903,522.7279
174.6000,521.9243,521.6692
174.6333,521.0106,520.9507
174.6667,520.0493,519.6071
174.7000,519.0408,518.8266
174.7333,517.9853,517.5782
174.7667,516.8833,516.8665
174.8000,515.7350,515.5782
174.8333,514.5408,514.7436
174.8667,513.3010,513.0373
174.9000,512.0161,512.0007
174.9333,510.6864,510.7267
174.9667,509.3123,509.0215
175.0000,507.8942,507.5782
175.0333,506.4326,506.4897
175.0667,504.9279,504.8979
175.1000,503.3806,503.2786
175.1333,501.7912,501.4673
175.1667,500.1601,500.0007
175.2000,498.4878,498.5855
175.2333,496.7749,496.9286
175.2667,495.0218,494.9286
175.3000,493.2291,492.9286
175.3333,491.3973,491.1868
175.3667,489.5271,489.1868
175.4000,487.6189,487.4171
175.4333,485.6734,485.6436
175.4667,483.6911,483.6436
175.5000,481.6726,481.6101
175.5333,479.6186,479.4913
175.5667,477.5297,477.1868
175.6000,475.4066,475.1868
175.6333,473.2497,473.1052
175.6667,471.0600,471.1052
175.7000,468.8379,468.8194
175.7333,466.5841,466.8194
175.7667,464.2995,464.3586
175.8000,461.9846,461.7084
175.8333,459.6401,459.4628
175.8667,457.2668,457.1052
175.9000,454.8654,454.8194
175.9333,452.4367,452.3573
175.9667,449.9813,449.6872
176.0000,447.5000,447.2846
176.0333,444.9936,444.8998
176.0667,442.4628,442.3335
176.1000,439.9084,439.7084
176.1333,437.3312,437.2008
176.1667,434.7320,434.8191
176.2000,432.1115,432.0039
176.2333,429.4706,429.2846
176.2667,426.8101,426.7386
176.3000,424.1307,424.2522
176.3333,421.4333,421.2846
176.3667,418.7187,418.7386
176.4000,415.9878,415.6258
176.4333,413.2413,413.1412
176.4667,410.4802,410.7386
176.5000,407.7051,407.6041
176.5333,404.9171,404.7386
176.5667,402.1169,402.2522
176.6000,399.3054,399.2909
176.6333,396.4835,396.7386
176.6667,393.6519,393.4662
176.7000,390.8117,391.0466
176.7333,387.9636,387.9457
176.7667,385.1084,385.0466
176.8000,382.2472,382.1244
176.8333,379.3807,379.2000
176.8667,376.5098,376.6014
176.9000,373.6354,373.4692
176.9333,370.7584,370.7774
176.9667,367.8796,367.8348
177.0000,365.0000,364.9649
177.0333,362.1204,362.2522
177.0667,359.2416,359.0041
177.1000,356.3646,356.2522
177.1333,353.4902,353.2956
177.1667,350.6193,350.5905
177.2000,347.7528,347.4692
177.2333,344.8916,345.1278
177.2667,342.0364,341.8539
177.3000,339.1883,338.9943
177.3333,336.3481,336.3848
177.3667,333.5165,333.3882
177.4000,330.6946,330.7779
177.4333,327.8831,328.0725
177.4667,325.0829,324.9692
177.5000,322.2949,322.3954
177.5333,319.5198,319.3229
177.5667,316.7587,316.7774
177.6000,314.0122,313.8382
177.6333,311.2813,310.9692
177.6667,308.5667,308.5734
177.7000,305.8693,305.5590
177.7333,303.1899,302.9692
177.7667,300.5294,300.5734
177.8000,297.8885,297.5940
177.8333,295.2680,295.1331
177.8667,292.6688,292.7608
177.9000,290.0916,289.8301
177.9333,287.5372,287.3229
177.9667,285.0064,284.9362
178.0000,282.5000,282.4964
178.0333,280.0187,279.8382
178.0667,277.5633,277.3469
178.1000,275.1346,274.9692
178.1333,272.7332,272.5916
178.1667,270.3599,270.4661
178.2000,268.0154,267.8382
178.2333,265.7005,265.3325
178.2667,263.4159,262.9692
178.3000,261.1621,260.9692
178.3333,258.9400,258.9692
178.3667,256.7503,256.7182
178.4000,254.5934,254.5870
178.4333,252.4703,252.6087
178.4667,250.3814,250.6087
178.5000,248.3274,248.6118
178.5333,246.3089,246.6118
178.5667,244.3266,244.6118
178.6000,242.3811,242.6118
178.6333,240.4729,240.6118
178.6667,238.6027,238.6118
178.7000,236.7709,236.9692
178.7333,234.9782,234.9692
178.7667,233.2251,232.9692
178.8000,231.5122,231.3469
178.8333,229.8399,229.3469
178.8667,228.2088,227.9722
178.9000,226.6194,226.7869
178.9333,225.0721,224.9919
178.9667,223.5674,223.2509
179.0000,222.1058,222.1359
179.0333,220.6877,220.5703
179.0667,219.3136,219.1532
179.1000,217.9839,218.1389
179.1333,216.6990,216.7670
179.1667,215.4592,215.3469
179.2000,214.2650,214.1359
179.2333,213.1167,212.9692
179.2667,212.0147,212.1068
179.3000,210.9592,211.0352
179.3333,209.9507,210.1068
179.3667,208.9894,209.0352
179.4000,208.0757,208.0338
179.4333,207.2097,207.0352
179.4667,206.3918,206.5480
179.5000,205.6222,205.4370
179.5333,204.9012,205.0352
179.5667,204.2289,204.5480
179.6000,203.6056,203.5084
179.6333,203.0315,203.0352
179.6667,202.5067,202.6852
179.7000,202.0314,202.1061
179.7333,201.6058,201.4370
179.7667,201.2299,201.1876
179.8000,200.9039,200.9260
179.8333,200.6279,200.6566
179.8667,200.4019,200.5012
179.9000,200.2261,200.2856
179.9333,200.1005,200.2212
179.9667,200.0251,200.4097
180.0000,200.0000,199.7175
180.0333,200.0565,200.0248
180.0667,200.2261,200.2970
180.1000,200.5086,200.5736
180.1333,200.9039,201.0074
180.1667,201.4116,201.4603
180.2000,202.0314,202.0000
180.2333,202.7629,202.5614
180.2667,203.6056,203.4531
180.3000,204.5590,204.5614
180.3333,205.6222,205.4709
180.3667,206.7947,206.6399
180.4000,208.0757,208.0339
180.4333,209.4642,209.3148
180.4667,210.9592,211.0057
180.5000,212.5599,212.5614
180.5333,214.2650,214.0545
180.5667,216.0734,216.0351
180.6000,217.9839,218.0351
180.6333,219.9952,220.0312
180.6667,222.1058,222.0312
180.7000,224.3144,224.5110
180.7333,226.6194,226.8271
180.7667,229.0192,228.8271
180.8000,231.5122,231.2360
180.8333,234.0967,233.9186
180.8667,236.7709,236.8271
180.9000,239.5330,239.2259
180.9333,242.3811,242.3956
180.9667,245.3132,245.0450
181.0000,248.3274,248.3956
181.0333,251.4215,251.1599
181.0667,254.5934,254.5400
181.1000,257.8411,257.6573
181.1333,261.1621,260.9417
181.1667,264.5544,264.5400
181.2000,268.0154,268.0188
181.2333,271.5430,271.4336
181.2667,275.1346,274.9417
181.3000,278.7877,278.7468
181.3333,282.5000,282.5400
181.3667,286.2688,286.2895
181.4000,290.0916,290.0000
181.4333,293.9657,293.9860
181.4667,297.8885,297.6866
181.5000,301.8572,301.6597
181.5333,305.8693,305.6597
181.5667,309.9219,309.6866
181.6000,314.0122,313.6866
181.6333,318.1375,318.2653
181.6667,322.2949,322.2718
181.7000,326.4815,326.5127
181.7333,330.6946,330.7543
181.7667,334.9311,334.9375
181.8000,339.1883,339.1712
181.8333,343.4632,343.6483
181.8667,347.7528,347.6623
181.9000,352.0542,352.0882
181.9333,356.3646,356.5457
181.9667,360.6808,360.7543
182.0000,365.0000,364.9375
182.0333,369.3192,369.0000
182.0667,373.6354,373.4763
182.1000,377.9458,378.0370
182.1333,382.2472,381.8750
182.1667,386.5368,386.7055
182.2000,390.8117,390.9133
182.2333,395.0689,395.0804
182.2667,399.3054,399.0856
182.3000,403.5185,403.3869
182.3333,407.7051,407.5264
182.3667,411.8625,411.5264
182.4000,415.9878,415.8537
182.4333,420.0781,420.1622
182.4667,424.1307,424.1622
182.5000,428.1428,428.1622
182.5333,432.1115,432.1622
182.5667,436.0343,435.7940
182.6000,439.9084,439.7940
182.6333,443.7312,443.5400
182.6667,447.5000,447.2955
182.7000,451.2123,451.2955
182.7333,454.8654,454.9142
182.7667,458.4570,458.4238
182.8000,461.9846,461.8553
182.8333,465.4456,465.3117
182.8667,468.8379,468.9142
182.9000,472.1589,472.1602
182.9333,475.4066,475.2573
182.9667,478.5785,478.8299
183.0000,481.6726,481.3493
183.0333,484.6868,484.8299
183.0667,487.6189,487.2573
183.1000,490.4670,490.5530
183.1333,493.2291,493.1478
183.1667,495.9033,495.7062
183.2000,498.4878,498.3741
183.2333,500.9808,500.8564
183.2667,503.3806,503.2373
183.3000,505.6856,505.4820
183.3333,507.8942,507.7104
183.3667,510.0048,509.7104
183.4000,512.0161,511.7104
183.4333,513.9266,513.7104
183.4667,515.7350,515.7104
183.5000,517.4401,517.2373
183.5333,519.0408,519.0792
183.5667,520.5358,520.6085
183.6000,521.9243,521.7104
183.6333,523.2053,523.2373
183.6667,524.3778,524.3678
183.7000,525.4410,525.2373
183.7333,526.3944,526.1919
183.7667,527.2371,527.1445
183.8000,527.9686,527.8934
183.8333,528.5884,528.8944
183.8667,529.0961,529.2849
183.9000,529.4914,529.7195
183.9333,529.7739,529.9144
183.9667,529.9435,530.1419
184.0000,530.0000,530.3557
184.0333,529.9749,530.1267
184.0667,529.8995,529.8789
184.1000,529.7739,529.6643
184.1333,529.5981,529.6643
184.1667,529.3721,529.3296
184.2000,529.0961,529.1824
184.2333,528.7701,529.0502
184.2667,528.3942,528.5753
184.3000,527.9686,527.8934
184.3333,527.4933,527.3813
184.3667,526.9685,526.9249
184.4000,526.3944,526.4907
184.4333,525.7711,525.5954
184.4667,525.0988,525.1817
184.5000,524.3778,524.4793
184.5333,523.6082,523.4993
184.5667,522.7903,522.7912
184.6000,521.9243,521.4993
184.6333,521.0106,521.0923
184.6667,520.0493,519.7961
184.7000,519.0408,518.8648
184.7333,517.9853,518.2237
184.7667,516.8833,516.8672
184.8000,515.7350,515.5343
184.8333,514.5408,514.6958
184.8667,513.3010,513.0332
184.9000,512.0161,511.7989
184.9333,510.6864,510.7776
184.9667,509.3123,509.0824
185.0000,507.8942,507.7997
185.0333,506.4326,506.5880
185.0667,504.9279,504.9662
185.1000,503.3806,503.1603
185.1333,501.7912,501.8392
185.1667,500.1601,500.1317
185.2000,498.4878,498.6151
185.2333,496.7749,496.8159
185.2667,495.0218,495.0000
185.3000,493.2291,493.0000
185.3333,491.3973,491.1550
185.3667,489.5271,489.1550
185.4000,487.6189,487.1550
185.4333,485.6734,485.5947
185.4667,483.6911,483.5947
185.5000,481.6726,481.4561
185.5333,479.6186,479.2447
185.5667,477.5297,477.1550
185.6000,475.4066,475.1508
185.6333,473.2497,473.0697
185.6667,471.0600,470.8972
185.7000,468.8379,468.8972
185.7333,466.5841,466.7132
185.7667,464.2995,464.2553
185.8000,461.9846,461.6223
185.8333,459.6401,459.6223
185.8667,457.2668,457.0697
185.9000,454.8654,454.8972
185.9333,452.4367,452.4958
185.9667,449.9813,449.6223
186.0000,447.5000,447.2219
186.0333,444.9936,444.8972
186.0667,442.4628,442.4958
186.1000,439.9084,439.6223
186.1333,437.3312,437.2219
186.1667,434.7320,434.8604
186.2000,432.1115,432.0552
186.2333,429.4706,429.2219
186.2667,426.8101,426.8604
186.3000,424.1307,424.0552
186.3333,421.4333,421.2219
186.3667,418.7187,418.8604
186.4000,415.9878,415.7956
186.4333,413.2413,413.2208
186.4667,410.4802,410.6263
186.5000,407.7051,407.7796
186.5333,404.9171,404.8604
186.5667,402.1169,402.3856
186.6000,399.3054,399.0905
186.6333,396.4835,396.3856
186.6667,393.6519,393.4614
186.7000,390.8117,390.7987
186.7333,387.9636,387.6535
186.7667,385.1084,385.0500
186.8000,382.2472,382.2794
186.8333,379.3807,379.0500
186.8667,376.5098,376.6961
186.9000,373.6354,373.2431
186.9333,370.7584,370.6889
186.9667,367.8796,367.7420
187.0000,365.0000,365.0600
187.0333,362.1204,362.0769
187.0667,359.2416,359.0600
187.1000,356.3646,356.5865
187.1333,353.4902,353.1678
187.1667,350.6193,350.6573
187.2000,347.7528,347.5587
187.2333,344.8916,345.1220
187.2667,342.0364,342.1019
187.3000,339.1883,339.1220
187.3333,336.3481,336.4686
187.3667,333.5165,333.4612
187.4000,330.6946,330.6668
187.4333,327.8831,327.8266
187.4667,325.0829,325.0041
187.5000,322.2949,322.0970
187.5333,319.5198,319.3655
187.5667,316.7587,316.7921
187.6000,314.0122,313.9315
187.6333,311.2813,311.0041
187.6667,308.5667,308.6187
187.7000,305.8693,305.3958
187.7333,303.1899,303.0041
187.7667,300.5294,300.6187
187.8000,297.8885,297.3958
187.8333,295.2680,295.0041
187.8667,292.6688,292.6187
187.9000,290.0916,289.9315
187.9333,287.5372,287.3655
187.9667,285.0064,285.0041
188.0000,282.5000,282.5412
188.0333,280.0187,279.9315
188.0667,277.5633,277.3655
188.1000,275.1346,275.0041
188.1333,272.7332,272.6187
188.1667,270.3599,270.5075
188.2000,268.0154,267.9315
188.2333,265.7005,265.3994
188.2667,263.4159,263.0041
188.3000,261.1621,261.0041
188.3333,258.9400,259.0041
188.3667,256.7503,256.7748
188.4000,254.5934,254.7994
188.4333,252.4703,252.6061
188.4667,250.3814,250.6061
188.5000,248.3274,248.6061
188.5333,246.3089,246.5977
188.5667,244.3266,244.5977
188.6000,242.3811,242.5977
188.6333,240.4729,240.6288
188.6667,238.6027,238.6288
188.7000,236.7709,237.0041
188.7333,234.9782,235.0041
188.7667,233.2251,233.0041
188.8000,231.5122,231.1970
188.8333,229.8399,229.4492
188.8667,228.2088,228.0694
188.9000,226.6194,226.6275
188.9333,225.0721,224.9696
188.9667,223.5674,223.3482
189.0000,222.1058,222.1313
189.0333,220.6877,220.6345
189.0667,219.3136,219.0294
189.1000,217.9839,218.0454
189.1333,216.6990,216.6187
189.1667,215.4592,215.1970
189.2000,214.2650,214.1313
189.2333,213.1167,213.0041
189.2667,212.0147,212.1014
189.3000,210.9592,211.0041
189.3333,209.9507,209.9245
189.3667,208.9894,209.0041
189.4000,208.0757,207.9245
189.4333,207.2097,207.0041
189.4667,206.3918,206.5286
189.5000,205.6222,205.3830
189.5333,204.9012,204.9613
189.5667,204.2289,204.0202
189.6000,203.6056,203.3914
189.6333,203.0315,202.9941
189.6667,202.5067,202.5580
189.7000,202.0314,201.9245
189.7333,201.6058,201.5115
189.7667,201.2299,201.0041
189.8000,200.9039,201.0041
189.8333,200.6279,200.7824
189.8667,200.4019,200.4462
189.9000,200.2261,199.9245
189.9333,200.1005,199.9245
189.9667,200.0251,199.9245
190.0000,200.0000,199.6422
190.0333,200.0565,199.9057
190.0667,200.2261,200.2006
190.1000,200.5086,200.4698
190.1333,200.9039,200.8965
190.1667,201.4116,201.3709
190.2000,202.0314,201.9180
190.2333,202.7629,202.6921
190.2667,203.6056,203.4869
190.3000,204.5590,204.4856
190.3333,205.6222,205.3661
190.3667,206.7947,206.6003
190.4000,208.0757,207.9254
190.4333,209.4642,209.2288
190.4667,210.9592,210.9286
190.5000,212.5599,212.4856
190.5333,214.2650,214.2319
190.5667,216.0734,215.9254
190.6000,217.9839,217.9254
190.6333,219.9952,219.9254
190.6667,222.1058,221.9254
190.7000,224.3144,224.4505
190.7333,226.6194,226.6065
190.7667,229.0192,228.9902
190.8000,231.5122,231.4003
190.8333,234.0967,233.8799
190.8667,236.7709,236.9902
190.9000,239.5330,239.4003
190.9333,242.3811,242.6515
190.9667,245.3132,244.9903
191.0000,248.3274,248.3458
191.0333,251.4215,251.4003
191.0667,254.5934,254.8495
191.1000,257.8411,257.7664
191.1333,261.1621,260.9902
191.1667,264.5544,264.6065
191.2000,268.0154,267.9902
191.2333,271.5430,271.4210
191.2667,275.1346,275.0571
191.3000,278.7877,278.8595
191.3333,282.5000,282.6644
191.3667,286.2688,286.4212
191.4000,290.0916,290.1389
191.4333,293.9657,293.8000
191.4667,297.8885,297.8429
191.5000,301.8572,301.8429
191.5333,305.8693,305.8429
191.5667,309.9219,309.8429
191.6000,314.0122,313.8604
191.6333,318.1375,318.0880
191.6667,322.2949,322.4187
191.7000,326.4815,326.3917
191.7333,330.6946,330.9392
191.7667,334.9311,334.9576
191.8000,339.1883,338.9701
191.8333,343.4632,343.3379
191.8667,347.7528,347.8154
191.9000,352.0542,351.8574
191.9333,356.3646,356.5264
191.9667,360.6808,360.9714
192.0000,365.0000,364.9701
192.0333,369.3192,369.2612
192.0667,373.6354,373.4993
192.1000,377.9458,377.8276
192.1333,382.2472,382.4034
192.1667,386.5368,387.0174
192.2000,390.8117,391.0174
192.2333,395.0689,395.1667
192.2667,399.3054,399.1667
192.3000,403.5185,403.3931
192.3333,407.7051,407.6264
192.3667,411.8625,411.6264
192.4000,415.9878,415.9333
192.4333,420.0781,419.9070
192.4667,424.1307,423.9459
192.5000,428.1428,427.9459
192.5333,432.1115,431.9459
192.5667,436.0343,435.8400
192.6000,439.9084,439.8400
192.6333,443.7312,443.3615
192.6667,447.5000,447.3615
192.7000,451.2123,451.1748
192.7333,454.8654,454.9794
192.7667,458.4570,458.5123
192.8000,461.9846,461.9429
192.8333,465.4456,465.2826
192.8667,468.8379,468.6778
192.9000,472.1589,471.8178
192.9333,475.4066,475.4121
192.9667,478.5785,478.5038
193.0000,481.6726,481.3736
193.0333,484.6868,484.5038
193.0667,487.6189,487.3635
193.1000,490.4670,490.5038
193.1333,493.2291,493.0020
193.1667,495.9033,495.8710
193.2000,498.4878,498.4692
193.2333,500.9808,501.0420
193.2667,503.3806,503.3635
193.3000,505.6856,505.5939
193.3333,507.8942,507.7236
193.3667,510.0048,509.7236
193.4000,512.0161,511.7236
193.4333,513.9266,513.7236
193.4667,515.7350,515.6532
193.5000,517.4401,517.0258
193.5333,519.0408,519.0554
193.5667,520.5358,520.6167
193.6000,521.9243,521.7236
193.6333,523.2053,523.0953
193.6667,524.3778,524.2865
193.7000,525.4410,525.1877
193.7333,526.3944,526.4114
193.7667,527.2371,527.2110
193.8000,527.9686,528.2000
193.8333,528.5884,528.8985
193.8667,529.0961,529.2978
193.9000,529.4914,529.7377
193.9333,529.7739,529.9054
193.9667,529.9435,530.2846
194.0000,530.0000,530.4000
194.0333,529.9749,530.1748
194.0667,529.8995,529.9810
194.1000,529.7739,529.7897
194.1333,529.5981,529.5984
194.1667,529.3721,529.4398
194.2000,529.0961,529.2872
194.2333,528.7701,529.0828
194.2667,528.3942,528.7827
194.3000,527.9686,528.2000
194.3333,527.4933,527.5544
194.3667,526.9685,526.9666
194.4000,526.3944,526.3977
194.4333,525.7711,525.7251
194.4667,525.0988,525.0566
194.5000,524.3778,524.4221
194.5333,523.6082,523.3389
194.5667,522.7903,522.8021
194.6000,521.9243,522.0822
194.6333,521.0106,520.8903
194.6667,520.0493,520.0403
194.7000,519.0408,518.8903
194.7333,517.9853,518.0504
194.7667,516.8833,516.8903
194.8000,515.7350,515.4750
194.8333,514.5408,514.6375
194.8667,513.3010,513.0553
194.9000,512.0161,512.0152
194.9333,510.6864,510.7668
194.9667,509.3123,509.2393
195.0000,507.8942,507.7048
195.0333,506.4326,506.4753
195.0667,504.9279,504.8903
195.1000,503.3806,503.2730
195.1333,501.7912,501.7177
195.1667,500.1601,500.0068
195.2000,498.4878,498.4731
195.2333,496.7749,496.8903
195.2667,495.0218,494.8903
195.3000,493.2291,492.8903
195.3333,491.3973,491.3543
195.3667,489.5271,489.3543
195.4000,487.6189,487.4684
195.4333,485.6734,485.4684
195.4667,483.6911,483.4684
195.5000,481.6726,481.4684
195.5333,479.6186,479.4590
195.5667,477.5297,477.3456
195.6000,475.4066,475.3456
195.6333,473.2497,473.3456
195.6667,471.0600,471.0221
195.7000,468.8379,468.7457
195.7333,466.5841,466.7457
195.7667,464.2995,464.2625
195.8000,461.9846,461.8957
195.8333,459.6401,459.6229
195.8667,457.2668,457.0828
195.9000,454.8654,454.7393
195.9333,452.4367,452.5083
195.9667,449.9813,449.6986
196.0000,447.5000,447.2200
196.0333,444.9936,444.7393
196.0667,442.4628,442.6827
196.1000,439.9084,439.8957
196.1333,437.3312,437.2200
196.1667,434.7320,434.7393
196.2000,432.1115,431.6986
196.2333,429.4706,429.2200
196.2667,426.8101,426.7393
196.3000,424.1307,424.2826
196.3333,421.4333,421.2200
196.3667,418.7187,418.7393
196.4000,415.9878,415.9428
196.4333,413.2413,413.2155
196.4667,410.4802,410.7407
196.5000,407.7051,407.6207
196.5333,404.9171,404.7393
196.5667,402.1169,402.5261
196.6000,399.3054,399.0177
196.6333,396.4835,396.7309
196.6667,393.6519,393.4463
196.7000,390.8117,390.6502
196.7333,387.9636,387.7269
196.7667,385.1084,385.0217
196.8000,382.2472,382.0751
196.8333,379.3807,379.2148
196.8667,376.5098,376.6190
196.9000,373.6354,373.4463
196.9333,370.7584,371.0270
196.9667,367.8796,367.7269
197.0000,365.0000,365.0217
197.0333,362.1204,362.2803
197.0667,359.2416,359.0217
197.1000,356.3646,356.2803
197.1333,353.4902,353.3684
197.1667,350.6193,350.6123
197.2000,347.7528,347.4367
197.2333,344.8916,345.0217
197.2667,342.0364,342.2499
197.3000,339.1883,339.0217
197.3333,336.3481,336.5006
197.3667,333.5165,333.4318
197.4000,330.6946,330.7110
197.4333,327.8831,328.0165
197.4667,325.0829,325.0000
197.5000,322.2949,322.5006
197.5333,319.5198,319.1533
197.5667,316.7587,316.6978
197.6000,314.0122,313.7854
197.6333,311.2813,311.0684
197.6667,308.5667,308.7940
197.7000,305.8693,305.6066
197.7333,303.1899,303.1533
197.7667,300.5294,300.7940
197.8000,297.8885,297.6066
197.8333,295.2680,295.1533
197.8667,292.6688,292.7911
197.9000,290.0916,290.1796
197.9333,287.5372,287.1533
197.9667,285.0064,285.0684
198.0000,282.5000,282.6836
198.0333,280.0187,279.8512
198.0667,277.5633,277.1533
198.1000,275.1346,275.1533
198.1333,272.7332,272.7464
198.1667,270.3599,270.4376
198.2000,268.0154,267.8377
198.2333,265.7005,265.6066
198.2667,263.4159,263.1533
198.3000,261.1621,261.1533
198.3333,258.9400,258.9815
198.3667,256.7503,256.8006
198.4000,254.5934,254.7329
198.4333,252.4703,252.7329
198.4667,250.3814,250.2178
198.5000,248.3274,248.2178
198.5333,246.3089,246.2178
198.5667,244.3266,244.2288
198.6000,242.3811,242.2288
198.6333,240.4729,240.4653
198.6667,238.6027,238.7061
198.7000,236.7709,236.9264
198.7333,234.9782,234.9264
198.7667,233.2251,233.1282
198.8000,231.5122,231.1225
198.8333,229.8399,229.5773
198.8667,228.2088,228.2087
198.9000,226.6194,226.7061
198.9333,225.0721,225.0370
198.9667,223.5674,223.4032
199.0000,222.1058,222.2201
199.0333,220.6877,220.7061
199.0667,219.3136,219.1127
199.1000,217.9839,218.1392
199.1333,216.6990,216.7535
199.1667,215.4592,215.2174
199.2000,214.2650,214.2201
199.2333,213.1167,213.0113
199.2667,212.0147,211.7093
199.3000,210.9592,211.0154
199.3333,209.9507,209.7093
199.3667,208.9894,208.9304
199.4000,208.0757,207.8894
199.4333,207.2097,207.0333
199.4667,206.3918,206.5307
199.5000,205.6222,205.4864
199.5333,204.9012,204.9865
199.5667,204.2289,204.4900
199.6000,203.6056,203.4491
199.6333,203.0315,202.9865
199.6667,202.5067,202.6610
199.7000,202.0314,202.1111
199.7333,201.6058,201.4515
199.7667,201.2299,201.0554
199.8000,200.9039,200.8800
199.8333,200.6279,200.6025
199.8667,200.4019,200.3748
199.9000,200.2261,200.0394
199.9333,200.1005,200.0394
199.9667,200.0251,200.5947
200.0000,200.0000,199.7175
200.0333,200.0565,200.0248
200.0667,200.2261,200.2970
200.1000,200.5086,200.5736
200.1333,200.9039,201.0074
200.1667,201.4116,201.4603
200.2000,202.0314,202.0000
200.2333,202.7629,202.5614
200.2667,203.6056,203.4531
200.3000,204.5590,204.5614
200.3333,205.6222,205.4709
200.3667,206.7947,206.6399
200.4000,208.0757,208.0339
200.4333,209.4642,209.3148
200.4667,210.9592,211.0057
200.5000,212.5599,212.5614
200.5333,214.2650,214.0545
200.5667,216.0734,216.0351
200.6000,217.9839,218.0351
200.6333,219.9952,220.0312
200.6667,222.1058,222.0312
200.7000,224.3144,224.5110
200.7333,226.6194,226.8271
200.7667,229.0192,228.8271
200.8000,231.5122,231.2279
200.8333,234.0967,233.9186
200.8667,236.7709,236.8271
200.9000,239.5330,239.3057
200.9333,242.3811,242.4028
200.9667,245.3132,244.8443
201.0000,248.3274,248.3084
201.0333,251.4215,251.2360
201.0667,254.5934,254.7773
201.1000,257.8411,257.6207
201.1333,261.1621,260.9718
201.1667,264.5544,264.7616
201.2000,268.0154,267.9078
201.2333,271.5430,271.3628
201.2667,275.1346,274.9718
201.3000,278.7877,278.7843
201.3333,282.5000,282.5736
201.3667,286.2688,286.3276
201.4000,290.0916,290.0140
201.4333,293.9657,294.0080
201.4667,297.8885,298.0080
201.5000,301.8572,301.8270
201.5333,305.8693,305.8538
201.5667,309.9219,309.8952
201.6000,314.0122,313.9286
201.6333,318.1375,318.3074
201.6667,322.2949,322.3206
201.7000,326.4815,326.3206
201.7333,330.6946,330.7746
201.7667,334.9311,334.8882
201.8000,339.1883,338.9113
201.8333,343.4632,343.1405
201.8667,347.7528,347.7201
201.9000,352.0542,352.0128
201.9333,356.3646,356.5572
201.9667,360.6808,360.7654
202.0000,365.0000,364.9019
202.0333,369.3192,369.1133
202.0667,373.6354,373.4061
202.1000,377.9458,378.0068
202.1333,382.2472,382.2938
202.1667,386.5368,386.5057
202.2000,390.8117,390.9248
202.2333,395.0689,394.9815
202.2667,399.3054,398.9815
202.3000,403.5185,403.4386
202.3333,407.7051,407.6750
202.3667,411.8625,411.6750
202.4000,415.9878,415.6724
202.4333,420.0781,419.9592
202.4667,424.1307,423.9592
202.5000,428.1428,427.9592
202.5333,432.1115,431.9732
202.5667,436.0343,435.9732
202.6000,439.9084,439.7832
202.6333,443.7312,443.5665
202.6667,447.5000,447.1300
202.7000,451.2123,451.1300
202.7333,454.8654,455.0472
202.7667,458.4570,458.6724
202.8000,461.9846,461.9971
202.8333,465.4456,465.3231
202.8667,468.8379,469.0472
202.9000,472.1589,472.1505
202.9333,475.4066,475.4457
202.9667,478.5785,478.6960
203.0000,481.6726,481.4321
203.0333,484.6868,484.6960
203.0667,487.6189,487.4405
203.1000,490.4670,490.5956
203.1333,493.2291,492.9271
203.1667,495.9033,495.7024
203.2000,498.4878,498.5881
203.2333,500.9808,500.9299
203.2667,503.3806,503.4405
203.3000,505.6856,505.5920
203.3333,507.8942,507.8539
203.3667,510.0048,509.8539
203.4000,512.0161,511.8507
203.4333,513.9266,513.8539
203.4667,515.7350,515.5877
203.5000,517.4401,517.2555
203.5333,519.0408,519.0703
203.5667,520.5358,520.6064
203.6000,521.9243,521.8539
203.6333,523.2053,523.1840
203.6667,524.3778,524.4168
203.7000,525.4410,525.3793
203.7333,526.3944,526.3612
203.7667,527.2371,527.0589
203.8000,527.9686,527.9730
203.8333,528.5884,528.7756
203.8667,529.0961,529.3078
203.9000,529.4914,529.6322
203.9333,529.7739,529.6876
203.9667,529.9435,529.8282
204.0000,530.0000,529.8282
204.0333,529.9749,529.7932
204.0667,529.8995,529.7618
204.1000,529.7739,529.7341
204.1333,529.5981,529.5778
204.1667,529.3721,529.4305
204.2000,529.0961,529.2878
204.2333,528.7701,529.0312
204.2667,528.3942,528.6565
204.3000,527.9686,527.9730
204.3333,527.4933,527.4389
204.3667,526.9685,526.9151
204.4000,526.3944,526.4072
204.4333,525.7711,525.4964
204.4667,525.0988,524.9804
204.5000,524.3778,524.4072
204.5333,523.6082,523.4746
204.5667,522.7903,522.7279
204.6000,521.9243,521.6692
204.6333,521.0106,520.9507
204.6667,520.0493,519.6071
204.7000,519.0408,518.8266
204.7333,517.9853,517.5782
204.7667,516.8833,516.8665
204.8000,515.7350,515.5782
204.8333,514.5408,514.7436
204.8667,513.3010,513.0373
204.9000,512.0161,512.0007
204.9333,510.6864,510.7267
204.9667,509.3123,509.0215
205.0000,507.8942,507.5782
205.0333,506.4326,506.4897
205.0667,504.9279,504.8979
205.1000,503.3806,503.2786
205.1333,501.7912,501.4673
205.1667,500.1601,500.0007
205.2000,498.4878,498.5855
205.2333,496.7749,496.9286
205.2667,495.0218,494.9286
205.3000,493.2291,492.9286
205.3333,491.3973,491.1868
205.3667,489.5271,489.1868
205.4000,487.6189,487.4171
205.4333,485.6734,485.6436
205.4667,483.6911,483.6436
205.5000,481.6726,481.6101
205.5333,479.6186,479.4913
205.5667,477.5297,477.1868
205.6000,475.4066,475.1868
205.6333,473.2497,473.1052
205.6667,471.0600,471.1052
205.7000,468.8379,468.8194
205.7333,466.5841,466.8194
205.7667,464.2995,464.3586
205.8000,461.9846,461.7084
205.8333,459.6401,459.4628
205.8667,457.2668,457.1052
205.9000,454.8654,454.8194
205.9333,452.4367,452.3573
205.9667,449.9813,449.6872
206.0000,447.5000,447.2846
206.0333,444.9936,444.8998
206.0667,442.4628,442.3335
206.1000,439.9084,439.7084
206.1333,437.3312,437.2008
206.1667,434.7320,434.8191
206.2000,432.1115,432.0039
206.2333,429.4706,429.2846
206.2667,426.8101,426.7386
206.3000,424.1307,424.2522
206.3333,421.4333,421.2846
206.3667,418.7187,418.7386
206.4000,415.9878,415.6258
206.4333,413.2413,413.1412
206.4667,410.4802,410.7386
206.5000,407.7051,407.6041
206.5333,404.9171,404.7386
206.5667,402.1169,402.2522
206.6000,399.3054,399.2909
206.6333,396.4835,396.7386
206.6667,393.6519,393.4662
206.7000,390.8117,391.0466
206.7333,387.9636,387.9457
206.7667,385.1084,385.0466
206.8000,382.2472,382.1244
206.8333,379.3807,379.2000
206.8667,376.5098,376.6014
206.9000,373.6354,373.4692
206.9333,370.7584,370.7774
206.9667,367.8796,367.8348
207.0000,365.0000,364.9649
207.0333,362.1204,362.2522
207.0667,359.2416,359.0041
207.1000,356.3646,356.2522
207.1333,353.4902,353.2956
207.1667,350.6193,350.5905
207.2000,347.7528,347.4692
207.2333,344.8916,345.1278
207.2667,342.0364,341.8539
207.3000,339.1883,338.9943
207.3333,336.3481,336.3848
207.3667,333.5165,333.3882
207.4000,330.6946,330.7779
207.4333,327.8831,328.0725
207.4667,325.0829,324.9692
207.5000,322.2949,322.3954
207.5333,319.5198,319.3229
207.5667,316.7587,316.7774
207.6000,314.0122,313.8382
207.6333,311.2813,310.9692
207.6667,308.5667,308.5734
207.7000,305.8693,305.5590
207.7333,303.1899,302.9692
207.7667,300.5294,300.5734
207.8000,297.8885,297.5940
207.8333,295.2680,295.1331
207.8667,292.6688,292.7608
207.9000,290.0916,289.8301
207.9333,287.5372,287.3229
207.9667,285.0064,284.9362
208.0000,282.5000,282.4964
208.0333,280.0187,279.8382
208.0667,277.5633,277.3469
208.1000,275.1346,274.9692
208.1333,272.7332,272.5916
208.1667,270.3599,270.4661
208.2000,268.0154,267.8382
208.2333,265.7005,265.3325
208.2667,263.4159,262.9692
208.3000,261.1621,260.9692
208.3333,258.9400,258.9692
208.3667,256.7503,256.7182
208.4000,254.5934,254.5870
208.4333,252.4703,252.6087
208.4667,250.3814,250.6087
208.5000,248.3274,248.6118
208.5333,246.3089,246.6118
208.5667,244.3266,244.6118
208.6000,242.3811,242.6118
208.6333,240.4729,240.6118
208.6667,238.6027,238.6118
208.7000,236.7709,236.9692
208.7333,234.9782,234.9692
208.7667,233.2251,232.9692
208.8000,231.5122,231.3469
208.8333,229.8399,229.3469
208.8667,228.2088,227.9722
208.9000,226.6194,226.7869
208.9333,225.0721,224.9919
208.9667,223.5674,223.2509
209.0000,222.1058,222.1359
209.0333,220.6877,220.5703
209.0667,219.3136,219.1532
209.1000,217.9839,218.1389
209.1333,216.6990,216.7670
209.1667,215.4592,215.3469
209.2000,214.2650,214.1359
209.2333,213.1167,212.9692
209.2667,212.0147,212.1068
209.3000,210.9592,211.0352
209.3333,209.9507,210.1068
209.3667,208.9894,209.0352
209.4000,208.0757,208.0338
209.4333,207.2097,207.0352
209.4667,206.3918,206.5480
209.5000,205.6222,205.4370
209.5333,204.9012,205.0352
209.5667,204.2289,204.5480
209.6000,203.6056,203.5084
209.6333,203.0315,203.0352
209.6667,202.5067,202.6852
209.7000,202.0314,202.1061
209.7333,201.6058,201.4370
209.7667,201.2299,201.1876
209.8000,200.9039,200.9260
209.8333,200.6279,200.6566
209.8667,200.4019,200.5012
209.9000,200.2261,200.2856
209.9333,200.1005,200.2212
209.9667,200.0251,200.4097
210.0000,200.0000,199.7175
210.0333,200.0565,200.0248
210.0667,200.2261,200.2970
210.1000,200.5086,200.5736
210.1333,200.9039,201.0074
210.1667,201.4116,201.4603
210.2000,202.0314,202.0000
210.2333,202.7629,202.5614
210.2667,203.6056,203.4531
210.3000,204.5590,204.5614
210.3333,205.6222,205.4709
210.3667,206.7947,206.6399
210.4000,208.0757,208.0339
210.4333,209.4642,209.3148
210.4667,210.9592,211.0057
210.5000,212.5599,212.5614
210.5333,214.2650,214.0545
210.5667,216.0734,216.0351
210.6000,217.9839,218.0351
210.6333,219.9952,220.0312
210.6667,222.1058,222.0312
210.7000,224.3144,224.5110
210.7333,226.6194,226.8271
210.7667,229.0192,228.8271
210.8000,231.5122,231.2279
210.8333,234.0967,233.9186
210.8667,236.7709,236.8271
210.9000,239.5330,239.3057
210.9333,242.3811,242.4028
210.9667,245.3132,244.8443
211.0000,248.3274,248.3084
211.0333,251.4215,251.2360
211.0667,254.5934,254.7773
211.1000,257.8411,257.6207
211.1333,261.1621,260.9718
211.1667,264.5544,264.7616
211.2000,268.0154,267.9078
211.2333,271.5430,271.3628
211.2667,275.1346,274.9718
211.3000,278.7877,278.7843
211.3333,282.5000,282.5736
211.3667,286.2688,286.3276
211.4000,290.0916,290.0140
211.4333,293.9657,294.0080
211.4667,297.8885,298.0080
211.5000,301.8572,301.8270
211.5333,305.8693,305.8538
211.5667,309.9219,309.8952
211.6000,314.0122,313.9286
211.6333,318.1375,318.3074
211.6667,322.2949,322.3206
211.7000,326.4815,326.3206
211.7333,330.6946,330.7746
211.7667,334.9311,334.8882
211.8000,339.1883,338.9113
211.8333,343.4632,343.1405
211.8667,347.7528,347.7201
211.9000,352.0542,352.0128
211.9333,356.3646,356.5572
211.9667,360.6808,360.7654
212.0000,365.0000,364.9019
212.0333,369.3192,369.1133
212.0667,373.6354,373.4061
212.1000,377.9458,378.0068
212.1333,382.2472,382.2938
212.1667,386.5368,386.5057
212.2000,390.8117,390.9248
212.2333,395.0689,394.9815
212.2667,399.3054,398.9815
212.3000,403.5185,403.4386
212.3333,407.7051,407.6750
212.3667,411.8625,411.6750
212.4000,415.9878,415.6724
212.4333,420.0781,419.9592
212.4667,424.1307,423.9592
212.5000,428.1428,427.9592
212.5333,432.1115,431.9732
212.5667,436.0343,435.9732
212.6000,439.9084,439.7832
212.6333,443.7312,443.5665
212.6667,447.5000,447.1300
212.7000,451.2123,451.1300
212.7333,454.8654,455.0472
212.7667,458.4570,458.6724
212.8000,461.9846,461.9971
212.8333,465.4456,465.3231
212.8667,468.8379,469.0472
212.9000,472.1589,472.1505
212.9333,475.4066,475.4457
212.9667,478.5785,478.6960
213.0000,481.6726,481.4321
213.0333,484.6868,484.6960
213.0667,487.6189,487.4405
213.1000,490.4670,490.5956
213.1333,493.2291,492.9271
213.1667,495.9033,495.7024
213.2000,498.4878,498.5881
213.2333,500.9808,500.9299
213.2667,503.3806,503.4405
213.3000,505.6856,505.5920
213.3333,507.8942,507.8539
213.3667,510.0048,509.8539
213.4000,512.0161,511.8507
213.4333,513.9266,513.8539
213.4667,515.7350,515.5877
213.5000,517.4401,517.2555
213.5333,519.0408,519.0703
213.5667,520.5358,520.6064
213.6000,521.9243,521.8539
213.6333,523.2053,523.1840
213.6667,524.3778,524.4168
213.7000,525.4410,525.3793
213.7333,526.3944,526.3612
213.7667,527.2371,527.0589
213.8000,527.9686,527.9730
213.8333,528.5884,528.7756
213.8667,529.0961,529.3078
213.9000,529.4914,529.6322
213.9333,529.7739,529.6876
213.9667,529.9435,529.8282
214.0000,530.0000,529.8282
214.0333,529.9749,529.7932
214.0667,529.8995,529.7618
214.1000,529.7739,529.7341
214.1333,529.5981,529.5778
214.1667,529.3721,529.4305
214.2000,529.0961,529.2878
214.2333,528.7701,529.0312
214.2667,528.3942,528.6565
214.3000,527.9686,527.9730
214.3333,527.4933,527.4389
214.3667,526.9685,526.9151
214.4000,526.3944,526.4072
214.4333,525.7711,525.4964
214.4667,525.0988,524.9804
214.5000,524.3778,524.4072
214.5333,523.6082,523.4746
214.5667,522.7903,522.7279
214.6000,521.9243,521.6692
214.6333,521.0106,520.9507
214.6667,520.0493,519.6071
214.7000,519.0408,518.8266
214.7333,517.9853,517.5782
214.7667,516.8833,516.8665
214.8000,515.7350,515.5782
214.8333,514.5408,514.7436
214.8667,513.3010,513.0373
214.9000,512.0161,512.0007
214.9333,510.6864,510.7267
214.9667,509.3123,509.0215
215.0000,507.8942,507.5782
215.0333,506.4326,506.4897
215.0667,504.9279,504.8979
215.1000,503.3806,503.2786
215.1333,501.7912,501.4673
215.1667,500.1601,500.0007
215.2000,498.4878,498.5855
215.2333,496.7749,496.9286
215.2667,495.0218,494.9286
215.3000,493.2291,492.9286
215.3333,491.3973,491.1868
215.3667,489.5271,489.1868
215.4000,487.6189,487.4171
215.4333,485.6734,485.6436
215.4667,483.6911,483.6436
215.5000,481.6726,481.6101
215.5333,479.6186,479.4913
215.5667,477.5297,477.1868
215.6000,475.4066,475.1868
215.6333,473.2497,473.1052
215.6667,471.0600,471.1052
215.7000,468.8379,468.8194
215.7333,466.5841,466.8194
215.7667,464.2995,464.3586
215.8000,461.9846,461.7084
215.8333,459.6401,459.4628
215.8667,457.2668,457.1052
215.9000,454.8654,454.8194
215.9333,452.4367,452.3573
215.9667,449.9813,449.6872
216.0000,447.5000,447.2846
216.0333,444.9936,444.8998
216.0667,442.4628,442.3335
216.1000,439.9084,439.7084
216.1333,437.3312,437.2008
216.1667,434.7320,434.8191
216.2000,432.1115,432.0039
216.2333,429.4706,429.2846
216.2667,426.8101,426.7386
216.3000,424.1307,424.2522
216.3333,421.4333,421.2846
216.3667,418.7187,418.7386
216.4000,415.9878,415.6258
216.4333,413.2413,413.1412
216.4667,410.4802,410.7386
216.5000,407.7051,407.6041
216.5333,404.9171,404.7386
216.5667,402.1169,402.2522
216.6000,399.3054,399.2909
216.6333,396.4835,396.7386
216.6667,393.6519,393.4662
216.7000,390.8117,391.0466
216.7333,387.9636,387.9457
216.7667,385.1084,385.0466
216.8000,382.2472,382.1244
216.8333,379.3807,379.2000
216.8667,376.5098,376.6014
216.9000,373.6354,373.4692
216.9333,370.7584,370.7774
216.9667,367.8796,367.8348
217.0000,365.0000,364.9649
217.0333,362.1204,362.2522
217.0667,359.2416,359.0041
217.1000,356.3646,356.2522
217.1333,353.4902,353.2956
217.1667,350.6193,350.5905
217.2000,347.7528,347.4692
217.2333,344.8916,345.1278
217.2667,342.0364,341.8539
217.3000,339.1883,338.9943
217.3333,336.3481,336.3848
217.3667,333.5165,333.3882
217.4000,330.6946,330.7779
217.4333,327.8831,328.0725
217.4667,325.0829,324.9692
217.5000,322.2949,322.3954
217.5333,319.5198,319.3229
217.5667,316.7587,316.7774
217.6000,314.0122,313.8382
217.6333,311.2813,310.9692
217.6667,308.5667,308.5734
217.7000,305.8693,305.5590
217.7333,303.1899,302.9692
217.7667,300.5294,300.5734
217.8000,297.8885,297.5940
217.8333,295.2680,295.1331
217.8667,292.6688,292.7608
217.9000,290.0916,289.8301
217.9333,287.5372,287.3229
217.9667,285.0064,284.9362
218.0000,282.5000,282.4964
218.0333,280.0187,279.8382
218.0667,277.5633,277.3469
218.1000,275.1346,274.9692
218.1333,272.7332,272.5916
218.1667,270.3599,270.4661
218.2000,268.0154,267.8382
218.2333,265.7005,265.3325
218.2667,263.4159,262.9692
218.3000,261.1621,260.9692
218.3333,258.9400,258.9692
218.3667,256.7503,256.7182
218.4000,254.5934,254.5870
218.4333,252.4703,252.6087
218.4667,250.3814,250.6087
218.5000,248.3274,248.6118
218.5333,246.3089,246.6118
218.5667,244.3266,244.6118
218.6000,242.3811,242.6118
218.6333,240.4729,240.6118
218.6667,238.6027,238.6118
218.7000,236.7709,236.9692
218.7333,234.9782,234.9692
218.7667,233.2251,232.9692
218.8000,231.5122,231.3469
218.8333,229.8399,229.3469
218.8667,228.2088,227.9722
218.9000,226.6194,226.7869
218.9333,225.0721,224.9919
218.9667,223.5674,223.2509
219.0000,222.1058,222.1359
219.0333,220.6877,220.5703
219.0667,219.3136,219.1532
219.1000,217.9839,218.1389
219.1333,216.6990,216.7670
219.1667,215.4592,215.3469
219.2000,214.2650,214.1359
219.2333,213.1167,212.9692
219.2667,212.0147,212.1068
219.3000,210.9592,211.0352
219.3333,209.9507,210.1068
219.3667,208.9894,209.0352
219.4000,208.0757,208.0338
219.4333,207.2097,207.0352
219.4667,206.3918,206.5480
219.5000,205.6222,205.4370
219.5333,204.9012,205.0352
219.5667,204.2289,204.5480
219.6000,203.6056,203.5084
219.6333,203.0315,203.0352
219.6667,202.5067,202.6852
219.7000,202.0314,202.1061
219.7333,201.6058,201.4370
219.7667,201.2299,201.1876
219.8000,200.9039,200.9260
219.8333,200.6279,200.6566
219.8667,200.4019,200.5012
219.9000,200.2261,200.2856
219.9333,200.1005,200.2212
219.9667,200.0251,200.4097
220.0000,200.0000,199.7175
220.0333,200.0565,200.0248
220.0667,200.2261,200.2970
220.1000,200.5086,200.5736
220.1333,200.9039,201.0074
220.1667,201.4116,201.4603
220.2000,202.0314,202.0000
220.2333,202.7629,202.5614
220.2667,203.6056,203.4531
220.3000,204.5590,204.5614
220.3333,205.6222,205.4709
220.3667,206.7947,206.6399
220.4000,208.0757,208.0339
220.4333,209.4642,209.3148
220.4667,210.9592,211.0057
220.5000,212.5599,212.5614
220.5333,214.2650,214.0545
220.5667,216.0734,216.0351
220.6000,217.9839,218.0351
220.6333,219.9952,220.0312
220.6667,222.1058,222.0312
220.7000,224.3144,224.5110
220.7333,226.6194,226.8271
220.7667,229.0192,228.8271
220.8000,231.5122,231.2279
220.8333,234.0967,233.9186
220.8667,236.7709,236.8271
220.9000,239.5330,239.3057
220.9333,242.3811,242.4028
220.9667,245.3132,244.8443
221.0000,248.3274,248.3084
221.0333,251.4215,251.2360
221.0667,254.5934,254.7773
221.1000,257.8411,257.6207
221.1333,261.1621,260.9718
221.1667,264.5544,264.7616
221.2000,268.0154,267.9078
221.2333,271.5430,271.3628
221.2667,275.1346,274.9718
221.3000,278.7877,278.7843
221.3333,282.5000,282.5736
221.3667,286.2688,286.3276
221.4000,290.0916,290.0140
221.4333,293.9657,294.0080
221.4667,297.8885,298.0080
221.5000,301.8572,301.8270
221.5333,305.8693,305.8538
221.5667,309.9219,309.8952
221.6000,314.0122,313.9286
221.6333,318.1375,318.3074
221.6667,322.2949,322.3206
221.7000,326.4815,326.3206
221.7333,330.6946,330.7746
221.7667,334.9311,334.8882
221.8000,339.1883,338.9113
221.8333,343.4632,343.1405
221.8667,347.7528,347.7201
221.9000,352.0542,352.0128
221.9333,356.3646,356.5572
221.9667,360.6808,360.7654
222.0000,365.0000,364.9019
222.0333,369.3192,369.1133
222.0667,373.6354,373.4061
222.1000,377.9458,378.0068
222.1333,382.2472,382.2938
222.1667,386.5368,386.5057
222.2000,390.8117,390.9248
222.2333,395.0689,394.9815
222.2667,399.3054,398.9815
222.3000,403.5185,403.4386
222.3333,407.7051,407.6750
222.3667,411.8625,411.6750
222.4000,415.9878,415.6724
222.4333,420.0781,419.9592
222.4667,424.1307,423.9592
222.5000,428.1428,427.9592
222.5333,432.1115,431.9732
222.5667,436.0343,435.9732
222.6000,439.9084,439.7832
222.6333,443.7312,443.5665
222.6667,447.5000,447.1300
222.7000,451.2123,451.1300
222.7333,454.8654,455.0472
222.7667,458.4570,458.6724
222.8000,461.9846,461.9971
222.8333,465.4456,465.3231
222.8667,468.8379,469.0472
222.9000,472.1589,472.1505
222.9333,475.4066,475.4457
222.9667,478.5785,478.6960
223.0000,481.6726,481.4321
223.0333,484.6868,484.6960
223.0667,487.6189,487.4405
223.1000,490.4670,490.5956
223.1333,493.2291,492.9271
223.1667,495.9033,495.7024
223.2000,498.4878,498.5881
223.2333,500.9808,500.9299
223.2667,503.3806,503.4405
223.3000,505.6856,505.5920
223.3333,507.8942,507.8539
223.3667,510.0048,509.8539
223.4000,512.0161,511.8507
223.4333,513.9266,513.8539
223.4667,515.7350,515.5877
223.5000,517.4401,517.2555
223.5333,519.0408,519.0703
223.5667,520.5358,520.6064
223.6000,521.9243,521.8539
223.6333,523.2053,523.1840
223.6667,524.3778,524.4168
223.7000,525.4410,525.3793
223.7333,526.3944,526.3612
223.7667,527.2371,527.0589
223.8000,527.9686,527.9730
223.8333,528.5884,528.7756
223.8667,529.0961,529.3078
223.9000,529.4914,529.6322
223.9333,529.7739,529.6876
223.9667,529.9435,529.8282
224.0000,530.0000,529.8282
224.0333,529.9749,529.7932
224.0667,529.8995,529.7618
224.1000,529.7739,529.7341
224.1333,529.5981,529.5778
224.1667,529.3721,529.4305
224.2000,529.0961,529.2878
224.2333,528.7701,529.0312
224.2667,528.3942,528.6565
224.3000,527.9686,527.9730
224.3333,527.4933,527.4389
224.3667,526.9685,526.9151
224.4000,526.3944,526.4072
224.4333,525.7711,525.4964
224.4667,525.0988,524.9804
224.5000,524.3778,524.4072
224.5333,523.6082,523.4746
224.5667,522.7903,522.7279
224.6000,521.9243,521.6692
224.6333,521.0106,520.9507
224.6667,520.0493,519.6071
224.7000,519.0408,518.8266
224.7333,517.9853,517.5782
224.7667,516.8833,516.8665
224.8000,515.7350,515.5782
224.8333,514.5408,514.7436
224.8667,513.3010,513.0373
224.9000,512.0161,512.0007
224.9333,510.6864,510.7267
224.9667,509.3123,509.0215
225.0000,507.8942,507.5782
225.0333,506.4326,506.4897
225.0667,504.9279,504.8979
225.1000,503.3806,503.2786
225.1333,501.7912,501.4673
225.1667,500.1601,500.0007
225.2000,498.4878,498.5855
225.2333,496.7749,496.9286
225.2667,495.0218,494.9286
225.3000,493.2291,492.9286
225.3333,491.3973,491.1868
225.3667,489.5271,489.1868
225.4000,487.6189,487.4171
225.4333,485.6734,485.6436
225.4667,483.6911,483.6436
225.5000,481.6726,481.6101
225.5333,479.6186,479.4913
225.5667,477.5297,477.1868
225.6000,475.4066,475.1868
225.6333,473.2497,473.1052
225.6667,471.0600,471.1052
225.7000,468.8379,468.8194
225.7333,466.5841,466.8194
225.7667,464.2995,464.3586
225.8000,461.9846,461.7084
225.8333,459.6401,459.4628
225.8667,457.2668,457.1052
225.9000,454.8654,454.8194
225.9333,452.4367,452.3573
225.9667,449.9813,449.6872
226.0000,447.5000,447.2846
226.0333,444.9936,444.8998
226.0667,442.4628,442.3335
226.1000,439.9084,439.7084
226.1333,437.3312,437.2008
226.1667,434.7320,434.8191
226.2000,432.1115,432.0039
226.2333,429.4706,429.2846
226.2667,426.8101,426.7386
226.3000,424.1307,424.2522
226.3333,421.4333,421.2846
226.3667,418.7187,418.7386
226.4000,415.9878,415.6258
226.4333,413.2413,413.1412
226.4667,410.4802,410.7386
226.5000,407.7051,407.6041
226.5333,404.9171,404.7386
226.5667,402.1169,402.2522
226.6000,399.3054,399.2909
226.6333,396.4835,396.7386
226.6667,393.6519,393.4662
226.7000,390.8117,391.0466
226.7333,387.9636,387.9457
226.7667,385.1084,385.0466
226.8000,382.2472,382.1244
226.8333,379.3807,379.2000
226.8667,376.5098,376.6014
226.9000,373.6354,373.4692
226.9333,370.7584,370.7774
226.9667,367.8796,367.8348
227.0000,365.0000,364.9649
227.0333,362.1204,362.2522
227.0667,359.2416,359.0041
227.1000,356.3646,356.2522
227.1333,353.4902,353.2956
227.1667,350.6193,350.5905
227.2000,347.7528,347.4692
227.2333,344.8916,345.1278
227.2667,342.0364,341.8539
227.3000,339.1883,338.9943
227.3333,336.3481,336.3848
227.3667,333.5165,333.3882
227.4000,330.6946,330.7779
227.4333,327.8831,328.0725
227.4667,325.0829,324.9692
227.5000,322.2949,322.3954
227.5333,319.5198,319.3229
227.5667,316.7587,316.7774
227.6000,314.0122,313.8382
227.6333,311.2813,310.9692
227.6667,308.5667,308.5734
227.7000,305.8693,305.5590
227.7333,303.1899,302.9692
227.7667,300.5294,300.5734
227.8000,297.8885,297.5940
227.8333,295.2680,295.1331
227.8667,292.6688,292.7608
227.9000,290.0916,289.8301
227.9333,287.5372,287.3229
227.9667,285.0064,284.9362
228.0000,282.5000,282.4964
228.0333,280.0187,279.8382
228.0667,277.5633,277.3469
228.1000,275.1346,274.9692
228.1333,272.7332,272.5916
228.1667,270.3599,270.4661
228.2000,268.0154,267.8382
228.2333,265.7005,265.3325
228.2667,263.4159,262.9692
228.3000,261.1621,260.9692
228.3333,258.9400,258.9692
228.3667,256.7503,256.7182
228.4000,254.5934,254.5870
228.4333,252.4703,252.6087
228.4667,250.3814,250.6087
228.5000,248.3274,248.6118
228.5333,246.3089,246.6118
228.5667,244.3266,244.6118
228.6000,242.3811,242.6118
228.6333,240.4729,240.6118
228.6667,238.6027,238.6118
228.7000,236.7709,236.9692
228.7333,234.9782,234.9692
228.7667,233.2251,232.9692
228.8000,231.5122,231.3469
228.8333,229.8399,229.3469
228.8667,228.2088,227.9722
228.9000,226.6194,226.7869
228.9333,225.0721,224.9919
228.9667,223.5674,223.2509
229.0000,222.1058,222.1359
229.0333,220.6877,220.5703
229.0667,219.3136,219.1532
229.1000,217.9839,218.1389
229.1333,216.6990,216.7670
229.1667,215.4592,215.3469
229.2000,214.2650,214.1359
229.2333,213.1167,212.9692
229.2667,212.0147,212.1068
229.3000,210.9592,211.0352
229.3333,209.9507,210.1068
229.3667,208.9894,209.0352
229.4000,208.0757,208.0338
229.4333,207.2097,207.0352
229.4667,206.3918,206.5480
229.5000,205.6222,205.4370
229.5333,204.9012,205.0352
229.5667,204.2289,204.5480
229.6000,203.6056,203.5084
229.6333,203.0315,203.0352
229.6667,202.5067,202.6852
229.7000,202.0314,202.1061
229.7333,201.6058,201.4370
229.7667,201.2299,201.1876
229.8000,200.9039,200.9260
229.8333,200.6279,200.6566
229.8667,200.4019,200.5012
229.9000,200.2261,200.2856
229.9333,200.1005,200.2212
229.9667,200.0251,200.4097
230.0000,200.0000,199.7175
230.0333,200.0565,200.0248
230.0667,200.2261,200.2970
230.1000,200.5086,200.5736
230.1333,200.9039,201.0074
230.1667,201.4116,201.4603
230.2000,202.0314,202.0000
230.2333,202.7629,202.5614
230.2667,203.6056,203.4531
230.3000,204.5590,204.5614
230.3333,205.6222,205.4709
230.3667,206.7947,206.6399
230.4000,208.0757,208.0339
230.4333,209.4642,209.3148
230.4667,210.9592,211.0057
230.5000,212.5599,212.5614
230.5333,214.2650,214.0545
230.5667,216.0734,216.0351
230.6000,217.9839,218.0351
230.6333,219.9952,220.0312
230.6667,222.1058,222.0312
230.7000,224.3144,224.5110
230.7333,226.6194,226.8271
230.7667,229.0192,228.8271
230.8000,231.5122,231.2279
230.8333,234.0967,233.9186
230.8667,236.7709,236.8271
230.9000,239.5330,239.3057
230.9333,242.3811,242.4028
230.9667,245.3132,244.8443
231.0000,248.3274,248.3084
231.0333,251.4215,251.2360
231.0667,254.5934,254.7773
231.1000,257.8411,257.6207
231.1333,261.1621,260.9718
231.1667,264.5544,264.7616
231.2000,268.0154,267.9078
231.2333,271.5430,271.3628
231.2667,275.1346,274.9718
231.3000,278.7877,278.7843
231.3333,282.5000,282.5736
231.3667,286.2688,286.3276
231.4000,290.0916,290.0140
231.4333,293.9657,294.0080
231.4667,297.8885,298.0080
231.5000,301.8572,301.8270
231.5333,305.8693,305.8538
231.5667,309.9219,309.8952
231.6000,314.0122,313.9286
231.6333,318.1375,318.3074
231.6667,322.2949,322.3206
231.7000,326.4815,326.3206
231.7333,330.6946,330.7746
231.7667,334.9311,334.8882
231.8000,339.1883,338.9113
231.8333,343.4632,343.1405
231.8667,347.7528,347.7201
231.9000,352.0542,352.0128
231.9333,356.3646,356.5572
231.9667,360.6808,360.7654
232.0000,365.0000,364.9019
232.0333,369.3192,369.1133
232.0667,373.6354,373.4061
232.1000,377.9458,378.0068
232.1333,382.2472,382.2938
232.1667,386.5368,386.5057
232.2000,390.8117,390.9248
232.2333,395.0689,394.9815
232.2667,399.3054,398.9815
232.3000,403.5185,403.4386
232.3333,407.7051,407.6750
232.3667,411.8625,411.6750
232.4000,415.9878,415.6724
232.4333,420.0781,419.9592
232.4667,424.1307,423.9592
232.5000,428.1428,427.9592
232.5333,432.1115,431.9732
232.5667,436.0343,435.9732
232.6000,439.9084,439.7832
232.6333,443.7312,443.5665
232.6667,447.5000,447.1300
232.7000,451.2123,451.1300
232.7333,454.8654,455.0472
232.7667,458.4570,458.6724
232.8000,461.9846,461.9971
232.8333,465.4456,465.3231
232.8667,468.8379,469.0472
232.9000,472.1589,472.1505
232.9333,475.4066,475.4457
232.9667,478.5785,478.6960
233.0000,481.6726,481.4321
233.0333,484.6868,484.6960
233.0667,487.6189,487.4405
233.1000,490.4670,490.5956
233.1333,493.2291,492.9271
233.1667,495.9033,495.7024
233.2000,498.4878,498.5881
233.2333,500.9808,500.9299
233.2667,503.3806,503.4405
233.3000,505.6856,505.5920
233.3333,507.8942,507.8539
233.3667,510.0048,509.8539
233.4000,512.0161,511.8507
233.4333,513.9266,513.8539
233.4667,515.7350,515.5877
233.5000,517.4401,517.2555
233.5333,519.0408,519.0703
233.5667,520.5358,520.6064
233.6000,521.9243,521.8539
233.6333,523.2053,523.1840
233.6667,524.3778,524.4168
233.7000,525.4410,525.3793
233.7333,526.3944,526.3612
233.7667,527.2371,527.0589
233.8000,527.9686,527.9730
233.8333,528.5884,528.7756
233.8667,529.0961,529.3078
233.9000,529.4914,529.6322
233.9333,529.7739,529.6876
233.9667,529.9435,529.8282
234.0000,530.0000,529.8282
234.0333,529.9749,529.7932
234.0667,529.8995,529.7618
234.1000,529.7739,529.7341
234.1333,529.5981,529.5778
234.1667,529.3721,529.4305
234.2000,529.0961,529.2878
234.2333,528.7701,529.0312
234.2667,528.3942,528.6565
234.3000,527.9686,527.9730
234.3333,527.4933,527.4389
234.3667,526.9685,526.9151
234.4000,526.3944,526.4072
234.4333,525.7711,525.4964
234.4667,525.0988,524.9804
234.5000,524.3778,524.4072
234.5333,523.6082,523.4746
234.5667,522.7903,522.7279
234.6000,521.9243,521.6692
234.6333,521.0106,520.9507
234.6667,520.0493,519.6071
234.7000,519.0408,518.8266
234.7333,517.9853,517.5782
234.7667,516.8833,516.8665
234.8000,515.7350,515.5782
234.8333,514.5408,514.7436
234.8667,513.3010,513.0373
234.9000,512.0161,512.0007
234.9333,510.6864,510.7267
234.9667,509.3123,509.0215
235.0000,507.8942,507.5782
235.0333,506.4326,506.4897
235.0667,504.9279,504.8979
235.1000,503.3806,503.2786
235.1333,501.7912,501.4673
235.1667,500.1601,500.0007
235.2000,498.4878,498.5855
235.2333,496.7749,496.9286
235.2667,495.0218,494.9286
235.3000,493.2291,492.9286
235.3333,491.3973,491.1868
235.3667,489.5271,489.1868
235.4000,487.6189,487.4171
235.4333,485.6734,485.6436
235.4667,483.6911,483.6436
235.5000,481.6726,481.6101
235.5333,479.6186,479.4913
235.5667,477.5297,477.1868
235.6000,475.4066,475.1868
235.6333,473.2497,473.1052
235.6667,471.0600,471.1052
235.7000,468.8379,468.8194
235.7333,466.5841,466.8194
235.7667,464.2995,464.3586
235.8000,461.9846,461.7084
235.8333,459.6401,459.4628
235.8667,457.2668,457.1052
235.9000,454.8654,454.8194
235.9333,452.4367,452.3573
235.9667,449.9813,449.6872
236.0000,447.5000,447.2846
236.0333,444.9936,444.8998
236.0667,442.4628,442.3335
236.1000,439.9084,439.7084
236.1333,437.3312,437.2008
236.1667,434.7320,434.8191
236.2000,432.1115,432.0039
236.2333,429.4706,429.2846
236.2667,426.8101,426.7386
236.3000,424.1307,424.2522
236.3333,421.4333,421.2846
236.3667,418.7187,418.7386
236.4000,415.9878,415.6258
236.4333,413.2413,413.1412
236.4667,410.4802,410.7386
236.5000,407.7051,407.6041
236.5333,404.9171,404.7386
236.5667,402.1169,402.2522
236.6000,399.3054,399.2909
236.6333,396.4835,396.7386
236.6667,393.6519,393.4662
236.7000,390.8117,391.0466
236.7333,387.9636,387.9457
236.7667,385.1084,385.0466
236.8000,382.2472,382.1244
236.8333,379.3807,379.2000
236.8667,376.5098,376.6014
236.9000,373.6354,373.4692
236.9333,370.7584,370.7774
236.9667,367.8796,367.8348
237.0000,365.0000,364.9649
237.0333,362.1204,362.2522
237.0667,359.2416,359.0041
237.1000,356.3646,356.2522
237.1333,353.4902,353.2956
237.1667,350.6193,350.5905
237.2000,347.7528,347.4692
237.2333,344.8916,345.1278
237.2667,342.0364,341.8539
237.3000,339.1883,338.9943
237.3333,336.3481,336.3848
237.3667,333.5165,333.3882
237.4000,330.6946,330.7779
237.4333,327.8831,328.0725
237.4667,325.0829,324.9692
237.5000,322.2949,322.3954
237.5333,319.5198,319.3229
237.5667,316.7587,316.7774
237.6000,314.0122,313.8382
237.6333,311.2813,310.9692
237.6667,308.5667,308.5734
237.7000,305.8693,305.5590
237.7333,303.1899,302.9692
237.7667,300.5294,300.5734
237.8000,297.8885,297.5940
237.8333,295.2680,295.1331
237.8667,292.6688,292.7608
237.9000,290.0916,289.8301
237.9333,287.5372,287.3229
237.9667,285.0064,284.9362
238.0000,282.5000,282.4964
238.0333,280.0187,279.8382
238.0667,277.5633,277.3469
238.1000,275.1346,274.9692
238.1333,272.7332,272.5916
238.1667,270.3599,270.4661
238.2000,268.0154,267.8382
238.2333,265.7005,265.3325
238.2667,263.4159,262.9692
238.3000,261.1621,260.9692
238.3333,258.9400,258.9692
238.3667,256.7503,256.7182
238.4000,254.5934,254.5870
238.4333,252.4703,252.6087
238.4667,250.3814,250.6087
238.5000,248.3274,248.6118
238.5333,246.3089,246.6118
238.5667,244.3266,244.6118
238.6000,242.3811,242.6118
238.6333,240.4729,240.6118
238.6667,238.6027,238.6118
238.7000,236.7709,236.9692
238.7333,234.9782,234.9692
238.7667,233.2251,232.9692
238.8000,231.5122,231.3469
238.8333,229.8399,229.3469
238.8667,228.2088,227.9722
238.9000,226.6194,226.7869
238.9333,225.0721,224.9919
238.9667,223.5674,223.2509
239.0000,222.1058,222.1359
239.0333,220.6877,220.5703
239.0667,219.3136,219.1532
239.1000,217.9839,218.1389
239.1333,216.6990,216.7670
239.1667,215.4592,215.3469
239.2000,214.2650,214.1359
239.2333,213.1167,212.9692
239.2667,212.0147,212.1068
239.3000,210.9592,211.0352
239.3333,209.9507,210.1068
239.3667,208.9894,209.0352
239.4000,208.0757,208.0338
239.4333,207.2097,207.0352
239.4667,206.3918,206.5480
239.5000,205.6222,205.4370
239.5333,204.9012,205.0352
239.5667,204.2289,204.5480
239.6000,203.6056,203.5084
239.6333,203.0315,203.0352
239.6667,202.5067,202.6852
239.7000,202.0314,202.1061
239.7333,201.6058,201.4370
239.7667,201.2299,201.1876
239.8000,200.9039,200.9260
239.8333,200.6279,200.6566
239.8667,200.4019,200.5012
239.9000,200.2261,200.2856
239.9333,200.1005,200.2212
239.9667,200.0251,200.4097
240.0000,200.0000,199.7175
240.0333,200.0565,200.0248
240.0667,200.2261,200.2970
240.1000,200.5086,200.5736
240.1333,200.9039,201.0074
240.1667,201.4116,201.4603
240.2000,202.0314,202.0000
240.2333,202.7629,202.5614
240.2667,203.6056,203.4531
240.3000,204.5590,204.5614
240.3333,205.6222,205.4709
240.3667,206.7947,206.6399
240.4000,208.0757,208.0339
240.4333,209.4642,209.3148
240.4667,210.9592,211.0057
240.5000,212.5599,212.5614
240.5333,214.2650,214.0545
240.5667,216.0734,216.0351
240.6000,217.9839,218.0351
240.6333,219.9952,220.0312
240.6667,222.1058,222.0312
240.7000,224.3144,224.5110
240.7333,226.6194,226.8271
240.7667,229.0192,228.8271
240.8000,231.5122,231.2279
240.8333,234.0967,233.9186
240.8667,236.7709,236.8271
240.9000,239.5330,239.3057
240.9333,242.3811,242.4028
240.9667,245.3132,244.8443
241.0000,248.3274,248.3084
241.0333,251.4215,251.2360
241.0667,254.5934,254.7773
241.1000,257.8411,257.6207
241.1333,261.1621,260.9718
241.1667,264.5544,264.7616
241.2000,268.0154,267.9078
241.2333,271.5430,271.3628
241.2667,275.1346,274.9718
241.3000,278.7877,278.7843
241.3333,282.5000,282.5736
241.3667,286.2688,286.3276
241.4000,290.0916,290.0140
241.4333,293.9657,294.0080
241.4667,297.8885,298.0080
241.5000,301.8572,301.8270
241.5333,305.8693,305.8538
241.5667,309.9219,309.8952
241.6000,314.0122,313.9286
241.6333,318.1375,318.3074
241.6667,322.2949,322.3206
241.7000,326.4815,326.3206
241.7333,330.6946,330.7746
241.7667,334.9311,334.8882
241.8000,339.1883,338.9113
241.8333,343.4632,343.1405
241.8667,347.7528,347.7201
241.9000,352.0542,352.0128
241.9333,356.3646,356.5572
241.9667,360.6808,360.7654
242.0000,365.0000,364.9019
242.0333,369.3192,369.1133
242.0667,373.6354,373.4061
242.1000,377.9458,378.0068
242.1333,382.2472,382.2938
242.1667,386.5368,386.5057
242.2000,390.8117,390.9248
242.2333,395.0689,394.9815
242.2667,399.3054,398.9815
242.3000,403.5185,403.4386
242.3333,407.7051,407.6750
242.3667,411.8625,411.6750
242.4000,415.9878,415.6724
242.4333,420.0781,419.9592
242.4667,424.1307,423.9592
242.5000,428.1428,427.9592
242.5333,432.1115,431.9732
242.5667,436.0343,435.9732
242.6000,439.9084,439.7832
242.6333,443.7312,443.5665
242.6667,447.5000,447.1300
242.7000,451.2123,451.1300
242.7333,454.8654,455.0472
242.7667,458.4570,458.6724
242.8000,461.9846,461.9971
242.8333,465.4456,465.3231
242.8667,468.8379,469.0472
242.9000,472.1589,472.1505
242.9333,475.4066,475.4457
242.9667,478.5785,478.6960
243.0000,481.6726,481.4321
243.0333,484.6868,484.6960
243.0667,487.6189,487.4405
243.1000,490.4670,490.5956
243.1333,493.2291,492.9271
243.1667,495.9033,495.7024
243.2000,498.4878,498.5881
243.2333,500.9808,500.9299
243.2667,503.3806,503.4405
243.3000,505.6856,505.5920
243.3333,507.8942,507.8539
243.3667,510.0048,509.8539
243.4000,512.0161,511.8507
243.4333,513.9266,513.8539
243.4667,515.7350,515.5877
243.5000,517.4401,517.2555
243.5333,519.0408,519.0703
243.5667,520.5358,520.6064
243.6000,521.9243,521.8539
243.6333,523.2053,523.1840
243.6667,524.3778,524.4168
243.7000,525.4410,525.3793
243.7333,526.3944,526.3612
243.7667,527.2371,527.0589
243.8000,527.9686,527.9730
243.8333,528.5884,528.7756
243.8667,529.0961,529.3078
243.9000,529.4914,529.6322
243.9333,529.7739,529.6876
243.9667,529.9435,529.8282
244.0000,530.0000,529.8282
244.0333,529.9749,529.7932
244.0667,529.8995,529.7618
244.1000,529.7739,529.7341
244.1333,529.5981,529.5778
244.1667,529.3721,529.4305
244.2000,529.0961,529.2878
244.2333,528.7701,529.0312
244.2667,528.3942,528.6565
244.3000,527.9686,527.9730
244.3333,527.4933,527.4389
244.3667,526.9685,526.9151
244.4000,526.3944,526.4072
244.4333,525.7711,525.4964
244.4667,525.0988,524.9804
244.5000,524.3778,524.4072
244.5333,523.6082,523.4746
244.5667,522.7903,522.7279
244.6000,521.9243,521.6692
244.6333,521.0106,520.9507
244.6667,520.0493,519.6071
244.7000,519.0408,518.8266
244.7333,517.9853,517.5782
244.7667,516.8833,516.8665
244.8000,515.7350,515.5782
244.8333,514.5408,514.7436
244.8667,513.3010,513.0373
244.9000,512.0161,512.0007
244.9333,510.6864,510.7267
244.9667,509.3123,509.0215
245.0000,507.8942,507.5782
245.0333,506.4326,506.4897
245.0667,504.9279,504.8979
245.1000,503.3806,503.2786
245.1333,501.7912,501.4673
245.1667,500.1601,500.0007
245.2000,498.4878,498.5855
245.2333,496.7749,496.9286
245.2667,495.0218,494.9286
245.3000,493.2291,492.9286
245.3333,491.3973,491.1868
245.3667,489.5271,489.1868
245.4000,487.6189,487.4171
245.4333,485.6734,485.6436
245.4667,483.6911,483.6436
245.5000,481.6726,481.6101
245.5333,479.6186,479.4913
245.5667,477.5297,477.1868
245.6000,475.4066,475.1868
245.6333,473.2497,473.1052
245.6667,471.0600,471.1052
245.7000,468.8379,468.8194
245.7333,466.5841,466.8194
245.7667,464.2995,464.3586
245.8000,461.9846,461.7084
245.8333,459.6401,459.4628
245.8667,457.2668,457.1052
245.9000,454.8654,454.8194
245.9333,452.4367,452.3573
245.9667,449.9813,449.6872
246.0000,447.5000,447.2846
246.0333,444.9936,444.8998
246.0667,442.4628,442.3335
246.1000,439.9084,439.7084
246.1333,437.3312,437.2008
246.1667,434.7320,434.8191
246.2000,432.1115,432.0039
246.2333,429.4706,429.2846
246.2667,426.8101,426.7386
246.3000,424.1307,424.2522
246.3333,421.4333,421.2846
246.3667,418.7187,418.7386
246.4000,415.9878,415.6258
246.4333,413.2413,413.1412
246.4667,410.4802,410.7386
246.5000,407.7051,407.6041
246.5333,404.9171,404.7386
246.5667,402.1169,402.2522
246.6000,399.3054,399.2909
246.6333,396.4835,396.7386
246.6667,393.6519,393.4662
246.7000,390.8117,391.0466
246.7333,387.9636,387.9457
246.7667,385.1084,385.0466
246.8000,382.2472,382.1244
246.8333,379.3807,379.2000
246.8667,376.5098,376.6014
246.9000,373.6354,373.4692
246.9333,370.7584,370.7774
246.9667,367.8796,367.8348
247.0000,365.0000,364.9649
247.0333,362.1204,362.2522
247.0667,359.2416,359.0041
247.1000,356.3646,356.2522
247.1333,353.4902,353.2956
247.1667,350.6193,350.5905
247.2000,347.7528,347.4692
247.2333,344.8916,345.1278
247.2667,342.0364,341.8539
247.3000,339.1883,338.9943
247.3333,336.3481,336.3848
247.3667,333.5165,333.3882
247.4000,330.6946,330.7779
247.4333,327.8831,328.0725
247.4667,325.0829,324.9692
247.5000,322.2949,322.3954
247.5333,319.5198,319.3229
247.5667,316.7587,316.7774
247.6000,314.0122,313.8382
247.6333,311.2813,310.9692
247.6667,308.5667,308.5734
247.7000,305.8693,305.5590
247.7333,303.1899,302.9692
247.7667,300.5294,300.5734
247.8000,297.8885,297.5940
247.8333,295.2680,295.1331
247.8667,292.6688,292.7608
247.9000,290.0916,289.8301
247.9333,287.5372,287.3229
247.9667,285.0064,284.9362
248.0000,282.5000,282.4964
248.0333,280.0187,279.8382
248.0667,277.5633,277.3469
248.1000,275.1346,274.9692
248.1333,272.7332,272.5916
248.1667,270.3599,270.4661
248.2000,268.0154,267.8382
248.2333,265.7005,265.3325
248.2667,263.4159,262.9692
248.3000,261.1621,260.9692
248.3333,258.9400,258.9692
248.3667,256.7503,256.7182
248.4000,254.5934,254.5870
248.4333,252.4703,252.6087
248.4667,250.3814,250.6087
248.5000,248.3274,248.6118
248.5333,246.3089,246.6118
248.5667,244.3266,244.6118
248.6000,242.3811,242.6118
248.6333,240.4729,240.6118
248.6667,238.6027,238.6118
248.7000,236.7709,236.9692
248.7333,234.9782,234.9692
248.7667,233.2251,232.9692
248.8000,231.5122,231.3469
248.8333,229.8399,229.3469
248.8667,228.2088,227.9722
248.9000,226.6194,226.7869
248.9333,225.0721,224.9919
248.9667,223.5674,223.2509
249.0000,222.1058,222.1359
249.0333,220.6877,220.5703
249.0667,219.3136,219.1532
249.1000,217.9839,218.1389
249.1333,216.6990,216.7670
249.1667,215.4592,215.3469
249.2000,214.2650,214.1359
249.2333,213.1167,212.9692
249.2667,212.0147,212.1068
249.3000,210.9592,211.0352
249.3333,209.9507,210.1068
249.3667,208.9894,209.0352
249.4000,208.0757,208.0338
249.4333,207.2097,207.0352
249.4667,206.3918,206.5480
249.5000,205.6222,205.4370
249.5333,204.9012,205.0352
249.5667,204.2289,204.5480
249.6000,203.6056,203.5084
249.6333,203.0315,203.0352
249.6667,202.5067,202.6852
249.7000,202.0314,202.1061
249.7333,201.6058,201.4370
249.7667,201.2299,201.1876
249.8000,200.9039,200.9260
249.8333,200.6279,200.6566
249.8667,200.4019,200.5012
249.9000,200.2261,200.2856
249.9333,200.1005,200.2212
249.9667,200.0251,200.4097
250.0000,200.0000,199.7175
250.0333,200.0565,200.0248
250.0667,200.2261,200.2970
250.1000,200.5086,200.5736
250.1333,200.9039,201.0074
250.1667,201.4116,201.4603
250.2000,202.0314,202.0000
250.2333,202.7629,202.5614
250.2667,203.6056,203.4531
250.3000,204.5590,204.5614
250.3333,205.6222,205.4709
250.3667,206.7947,206.6399
250.4000,208.0757,208.0339
250.4333,209.4642,209.3148
250.4667,210.9592,211.0057
250.5000,212.5599,212.5614
250.5333,214.2650,214.0545
250.5667,216.0734,216.0351
250.6000,217.9839,218.0351
250.6333,219.9952,220.0312
250.6667,222.1058,222.0312
250.7000,224.3144,224.5110
250.7333,226.6194,226.8271
250.7667,229.0192,228.8271
250.8000,231.5122,231.2279
250.8333,234.0967,233.9186
250.8667,236.7709,236.8271
250.9000,239.5330,239.3057
250.9333,242.3811,242.4028
250.9667,245.3132,244.8443
251.0000,248.3274,248.3084
251.0333,251.4215,251.2360
251.0667,254.5934,254.7773
251.1000,257.8411,257.6207
251.1333,261.1621,260.9718
251.1667,264.5544,264.7616
251.2000,268.0154,267.9078
251.2333,271.5430,271.3628
251.2667,275.1346,274.9718
251.3000,278.7877,278.7843
251.3333,282.5000,282.5736
251.3667,286.2688,286.3276
251.4000,290.0916,290.0140
251.4333,293.9657,294.0080
251.4667,297.8885,298.0080
251.5000,301.8572,301.8270
251.5333,305.8693,305.8538
251.5667,309.9219,309.8952
251.6000,314.0122,313.9286
251.6333,318.1375,318.3074
251.6667,322.2949,322.3206
251.7000,326.4815,326.3206
251.7333,330.6946,330.7746
251.7667,334.9311,334.8882
251.8000,339.1883,338.9113
251.8333,343.4632,343.1405
251.8667,347.7528,347.7201
251.9000,352.0542,352.0128
251.9333,356.3646,356.5572
251.9667,360.6808,360.7654
252.0000,365.0000,364.9019
252.0333,369.3192,369.1133
252.0667,373.6354,373.4061
252.1000,377.9458,378.0068
252.1333,382.2472,382.2938
252.1667,386.5368,386.5057
252.2000,390.8117,390.9248
252.2333,395.0689,394.9815
252.2667,399.3054,398.9815
252.3000,403.5185,403.4386
252.3333,407.7051,407.6750
252.3667,411.8625,411.6750
252.4000,415.9878,415.6724
252.4333,420.0781,419.9592
252.4667,424.1307,423.9592
252.5000,428.1428,427.9592
252.5333,432.1115,431.9732
252.5667,436.0343,435.9732
252.6000,439.9084,439.7832
252.6333,443.7312,443.5665
252.6667,447.5000,447.1300
252.7000,451.2123,451.1300
252.7333,454.8654,455.0472
252.7667,458.4570,458.6724
252.8000,461.9846,461.9971
252.8333,465.4456,465.3231
252.8667,468.8379,469.0472
252.9000,472.1589,472.1505
252.9333,475.4066,475.4457
252.9667,478.5785,478.6960
253.0000,481.6726,481.4321
253.0333,484.6868,484.6960
253.0667,487.6189,487.4405
253.1000,490.4670,490.5956
253.1333,493.2291,492.9271
253.1667,495.9033,495.7024
253.2000,498.4878,498.5881
253.2333,500.9808,500.9299
253.2667,503.3806,503.4405
253.3000,505.6856,505.5920
253.3333,507.8942,507.8539
253.3667,510.0048,509.8539
253.4000,512.0161,511.8507
253.4333,513.9266,513.8539
253.4667,515.7350,515.5877
253.5000,517.4401,517.2555
253.5333,519.0408,519.0703
253.5667,520.5358,520.6064
253.6000,521.9243,521.8539
253.6333,523.2053,523.1840
253.6667,524.3778,524.4168
253.7000,525.4410,525.3793
253.7333,526.3944,526.3612
253.7667,527.2371,527.0589
253.8000,527.9686,527.9730
253.8333,528.5884,528.7756
253.8667,529.0961,529.3078
253.9000,529.4914,529.6322
253.9333,529.7739,529.6876
253.9667,529.9435,529.8282
254.0000,530.0000,529.8282
254.0333,529.9749,529.7932
254.0667,529.8995,529.7618
254.1000,529.7739,529.7341
254.1333,529.5981,529.5778
254.1667,529.3721,529.4305
254.2000,529.0961,529.2878
254.2333,528.7701,529.0312
254.2667,528.3942,528.6565
254.3000,527.9686,527.9730
254.3333,527.4933,527.4389
254.3667,526.9685,526.9151
254.4000,526.3944,526.4072
254.4333,525.7711,525.4964
254.4667,525.0988,524.9804
254.5000,524.3778,524.4072
254.5333,523.6082,523.4746
254.5667,522.7903,522.7279
254.6000,521.9243,521.6692
254.6333,521.0106,520.9507
254.6667,520.0493,519.6071
254.7000,519.0408,518.8266
254.7333,517.9853,517.5782
254.7667,516.8833,516.8665
254.8000,515.7350,515.5782
254.8333,514.5408,514.7436
254.8667,513.3010,513.0373
254.9000,512.0161,512.0007
254.9333,510.6864,510.7267
254.9667,509.3123,509.0215
255.0000,507.8942,507.5782
255.0333,506.4326,506.4897
255.0667,504.9279,504.8979
255.1000,503.3806,503.2786
255.1333,501.7912,501.4673
255.1667,500.1601,500.0007
255.2000,498.4878,498.5855
255.2333,496.7749,496.9286
255.2667,495.0218,494.9286
255.3000,493.2291,492.9286
255.3333,491.3973,491.1868
255.3667,489.5271,489.1868
255.4000,487.6189,487.4171
255.4333,485.6734,485.6436
255.4667,483.6911,483.6436
255.5000,481.6726,481.6101
255.5333,479.6186,479.4913
255.5667,477.5297,477.1868
255.6000,475.4066,475.1868
255.6333,473.2497,473.1052
255.6667,471.0600,471.1052
255.7000,468.8379,468.8194
255.7333,466.5841,466.8194
255.7667,464.2995,464.3586
255.8000,461.9846,461.7084
255.8333,459.6401,459.4628
255.8667,457.2668,457.1052
255.9000,454.8654,454.8194
255.9333,452.4367,452.3573
255.9667,449.9813,449.6872
256.0000,447.5000,447.2846
256.0333,444.9936,444.8998
256.0667,442.4628,442.3335
256.1000,439.9084,439.7084
256.1333,437.3312,437.2008
256.1667,434.7320,434.8191
256.2000,432.1115,432.0039
256.2333,429.4706,429.2846
256.2667,426.8101,426.7386
256.3000,424.1307,424.2522
256.3333,421.4333,421.2846
256.3667,418.7187,418.7386
256.4000,415.9878,415.6258
256.4333,413.2413,413.1412
256.4667,410.4802,410.7386
256.5000,407.7051,407.6041
256.5333,404.9171,404.7386
256.5667,402.1169,402.2522
256.6000,399.3054,399.2909
256.6333,396.4835,396.7386
256.6667,393.6519,393.4662
256.7000,390.8117,391.0466
256.7333,387.9636,387.9457
256.7667,385.1084,385.0466
256.8000,382.2472,382.1244
256.8333,379.3807,379.2000
256.8667,376.5098,376.6014
256.9000,373.6354,373.4692
256.9333,370.7584,370.7774
256.9667,367.8796,367.8348
257.0000,365.0000,364.9649
257.0333,362.1204,362.2522
257.0667,359.2416,359.0041
257.1000,356.3646,356.2522
257.1333,353.4902,353.2956
257.1667,350.6193,350.5905
257.2000,347.7528,347.4692
257.2333,344.8916,345.1278
257.2667,342.0364,341.8539
257.3000,339.1883,338.9943
257.3333,336.3481,336.3848
257.3667,333.5165,333.3882
257.4000,330.6946,330.7779
257.4333,327.8831,328.0725
257.4667,325.0829,324.9692
257.5000,322.2949,322.3954
257.5333,319.5198,319.3229
257.5667,316.7587,316.7774
257.6000,314.0122,313.8382
257.6333,311.2813,310.9692
257.6667,308.5667,308.5734
257.7000,305.8693,305.5590
257.7333,303.1899,302.9692
257.7667,300.5294,300.5734
257.8000,297.8885,297.5940
257.8333,295.2680,295.1331
257.8667,292.6688,292.7608
257.9000,290.0916,289.8301
257.9333,287.5372,287.3229
257.9667,285.0064,284.9362
258.0000,282.5000,282.4964
258.0333,280.0187,279.8382
258.0667,277.5633,277.3469
258.1000,275.1346,274.9692
258.1333,272.7332,272.5916
258.1667,270.3599,270.4661
258.2000,268.0154,267.8382
258.2333,265.7005,265.3325
258.2667,263.4159,262.9692
258.3000,261.1621,260.9692
258.3333,258.9400,258.9692
258.3667,256.7503,256.7182
258.4000,254.5934,254.5870
258.4333,252.4703,252.6087
258.4667,250.3814,250.6087
258.5000,248.3274,248.6118
258.5333,246.3089,246.6118
258.5667,244.3266,244.6118
258.6000,242.3811,242.6118
258.6333,240.4729,240.6118
258.6667,238.6027,238.6118
258.7000,236.7709,236.9692
258.7333,234.9782,234.9692
258.7667,233.2251,232.9692
258.8000,231.5122,231.3469
258.8333,229.8399,229.3469
258.8667,228.2088,227.9722
258.9000,226.6194,226.7869
258.9333,225.0721,224.9919
258.9667,223.5674,223.2509
259.0000,222.1058,222.1359
259.0333,220.6877,220.5703
259.0667,219.3136,219.1532
259.1000,217.9839,218.1389
259.1333,216.6990,216.7670
259.1667,215.4592,215.3469
259.2000,214.2650,214.1359
259.2333,213.1167,212.9692
259.2667,212.0147,212.1068
259.3000,210.9592,211.0352
259.3333,209.9507,210.1068
259.3667,208.9894,209.0352
259.4000,208.0757,208.0338
259.4333,207.2097,207.0352
259.4667,206.3918,206.5480
259.5000,205.6222,205.4370
259.5333,204.9012,205.0352
259.5667,204.2289,204.5480
259.6000,203.6056,203.5084
259.6333,203.0315,203.0352
259.6667,202.5067,202.6852
259.7000,202.0314,202.1061
259.7333,201.6058,201.4370
259.7667,201.2299,201.1876
259.8000,200.9039,200.9260
259.8333,200.6279,200.6566
259.8667,200.4019,200.5012
259.9000,200.2261,200.2856
259.9333,200.1005,200.2212
259.9667,200.0251,200.4097
260.0000,200.0000,199.7175
260.0333,200.0565,200.0248
260.0667,200.2261,200.2970
260.1000,200.5086,200.5736
260.1333,200.9039,201.0074
260.1667,201.4116,201.4603
260.2000,202.0314,202.0000
260.2333,202.7629,202.5614
260.2667,203.6056,203.4531
260.3000,204.5590,204.5614
260.3333,205.6222,205.4709
260.3667,206.7947,206.6399
260.4000,208.0757,208.0339
260.4333,209.4642,209.3148
260.4667,210.9592,211.0057
260.5000,212.5599,212.5614
260.5333,214.2650,214.0545
260.5667,216.0734,216.0351
260.6000,217.9839,218.0351
260.6333,219.9952,220.0312
260.6667,222.1058,222.0312
260.7000,224.3144,224.5110
260.7333,226.6194,226.8271
260.7667,229.0192,228.8271
260.8000,231.5122,231.2279
260.8333,234.0967,233.9186
260.8667,236.7709,236.8271
260.9000,239.5330,239.3057
260.9333,242.3811,242.4028
260.9667,245.3132,244.8443
261.0000,248.3274,248.3084
261.0333,251.4215,251.2360
261.0667,254.5934,254.7773
261.1000,257.8411,257.6207
261.1333,261.1621,260.9718
261.1667,264.5544,264.7616
261.2000,268.0154,267.9078
261.2333,271.5430,271.3628
261.2667,275.1346,274.9718
261.3000,278.7877,278.7843
261.3333,282.5000,282.5736
261.3667,286.2688,286.3276
261.4000,290.0916,290.0140
261.4333,293.9657,294.0080
261.4667,297.8885,298.0080
261.5000,301.8572,301.8270
261.5333,305.8693,305.8538
261.5667,309.9219,309.8952
261.6000,314.0122,313.9286
261.6333,318.1375,318.3074
261.6667,322.2949,322.3206
261.7000,326.4815,326.3206
261.7333,330.6946,330.7746
261.7667,334.9311,334.8882
261.8000,339.1883,338.9113
261.8333,343.4632,343.1405
261.8667,347.7528,347.7201
261.9000,352.0542,352.0128
261.9333,356.3646,356.5572
261.9667,360.6808,360.7654
262.0000,365.0000,364.9019
262.0333,369.3192,369.1133
262.0667,373.6354,373.4061
262.1000,377.9458,378.0068
262.1333,382.2472,382.2938
262.1667,386.5368,386.5057
262.2000,390.8117,390.9248
262.2333,395.0689,394.9815
262.2667,399.3054,398.9815
262.3000,403.5185,403.4386
262.3333,407.7051,407.6750
262.3667,411.8625,411.6750
262.4000,415.9878,415.6724
262.4333,420.0781,419.9592
262.4667,424.1307,423.9592
262.5000,428.1428,427.9592
262.5333,432.1115,431.9732
262.5667,436.0343,435.9732
262.6000,439.9084,439.7832
262.6333,443.7312,443.5665
262.6667,447.5000,447.1300
262.7000,451.2123,451.1300
262.7333,454.8654,455.0472
262.7667,458.4570,458.6724
262.8000,461.9846,461.9971
262.8333,465.4456,465.3231
262.8667,468.8379,469.0472
262.9000,472.1589,472.1505
262.9333,475.4066,475.4457
262.9667,478.5785,478.6960
263.0000,481.6726,481.4321
263.0333,484.6868,484.6960
263.0667,487.6189,487.4405
263.1000,490.4670,490.5956
263.1333,493.2291,492.9271
263.1667,495.9033,495.7024
263.2000,498.4878,498.5881
263.2333,500.9808,500.9299
263.2667,503.3806,503.4405
263.3000,505.6856,505.5920
263.3333,507.8942,507.8539
263.3667,510.0048,509.8539
263.4000,512.0161,511.8507
263.4333,513.9266,513.8539
263.4667,515.7350,515.5877
263.5000,517.4401,517.2555
263.5333,519.0408,519.0703
263.5667,520.5358,520.6064
263.6000,521.9243,521.8539
263.6333,523.2053,523.1840
263.6667,524.3778,524.4168
263.7000,525.4410,525.3793
263.7333,526.3944,526.3612
263.7667,527.2371,527.0589
263.8000,527.9686,527.9730
263.8333,528.5884,528.7756
263.8667,529.0961,529.3078
263.9000,529.4914,529.6322
263.9333,529.7739,529.6876
263.9667,529.9435,529.8282
264.0000,530.0000,529.8282
264.0333,529.9749,529.7932
264.0667,529.8995,529.7618
264.1000,529.7739,529.7341
264.1333,529.5981,529.5778
264.1667,529.3721,529.4305
264.2000,529.0961,529.2878
264.2333,528.7701,529.0312
264.2667,528.3942,528.6565
264.3000,527.9686,527.9730
264.3333,527.4933,527.4389
264.3667,526.9685,526.9151
264.4000,526.3944,526.4072
264.4333,525.7711,525.4964
264.4667,525.0988,524.9804
264.5000,524.3778,524.4072
264.5333,523.6082,523.4746
264.5667,522.7903,522.7279
264.6000,521.9243,521.6692
264.6333,521.0106,520.9507
264.6667,520.0493,519.6071
264.7000,519.0408,518.8266
264.7333,517.9853,517.5782
264.7667,516.8833,516.8665
264.8000,515.7350,515.5782
264.8333,514.5408,514.7436
264.8667,513.3010,513.0373
264.9000,512.0161,512.0007
264.9333,510.6864,510.7267
264.9667,509.3123,509.0215
265.0000,507.8942,507.5782
265.0333,506.4326,506.4897
265.0667,504.9279,504.8979
265.1000,503.3806,503.2786
265.1333,501.7912,501.4673
265.1667,500.1601,500.0007
265.2000,498.4878,498.5855
265.2333,496.7749,496.9286
265.2667,495.0218,494.9286
265.3000,493.2291,492.9286
265.3333,491.3973,491.1868
265.3667,489.5271,489.1868
265.4000,487.6189,487.4171
265.4333,485.6734,485.6436
265.4667,483.6911,483.6436
265.5000,481.6726,481.6101
265.5333,479.6186,479.4913
265.5667,477.5297,477.1868
265.6000,475.4066,475.1868
265.6333,473.2497,473.1052
265.6667,471.0600,471.1052
265.7000,468.8379,468.8194
265.7333,466.5841,466.8194
265.7667,464.2995,464.3586
265.8000,461.9846,461.7084
265.8333,459.6401,459.4628
265.8667,457.2668,457.1052
265.9000,454.8654,454.8194
265.9333,452.4367,452.3573
265.9667,449.9813,449.6872
266.0000,447.5000,447.2846
266.0333,444.9936,444.8998
266.0667,442.4628,442.3335
266.1000,439.9084,439.7084
266.1333,437.3312,437.2008
266.1667,434.7320,434.8191
266.2000,432.1115,432.0039
266.2333,429.4706,429.2846
266.2667,426.8101,426.7386
266.3000,424.1307,424.2522
266.3333,421.4333,421.2846
266.3667,418.7187,418.7386
266.4000,415.9878,415.6258
266.4333,413.2413,413.1412
266.4667,410.4802,410.7386
266.5000,407.7051,407.6041
266.5333,404.9171,404.7386
266.5667,402.1169,402.2522
266.6000,399.3054,399.2909
266.6333,396.4835,396.7386
266.6667,393.6519,393.4662
266.7000,390.8117,391.0466
266.7333,387.9636,387.9457
266.7667,385.1084,385.0466
266.8000,382.2472,382.1244
266.8333,379.3807,379.2000
266.8667,376.5098,376.6014
266.9000,373.6354,373.4692
266.9333,370.7584,370.7774
266.9667,367.8796,367.8348
267.0000,365.0000,364.9649
267.0333,362.1204,362.2522
267.0667,359.2416,359.0041
267.1000,356.3646,356.2522
267.1333,353.4902,353.2956
267.1667,350.6193,350.5905
267.2000,347.7528,347.4692
267.2333,344.8916,345.1278
267.2667,342.0364,341.8539
267.3000,339.1883,338.9943
267.3333,336.3481,336.3848
267.3667,333.5165,333.3882
267.4000,330.6946,330.7779
267.4333,327.8831,328.0725
267.4667,325.0829,324.9692
267.5000,322.2949,322.3954
267.5333,319.5198,319.3229
267.5667,316.7587,316.7774
267.6000,314.0122,313.8382
267.6333,311.2813,310.9692
267.6667,308.5667,308.5734
267.7000,305.8693,305.5590
267.7333,303.1899,302.9692
267.7667,300.5294,300.5734
267.8000,297.8885,297.5940
267.8333,295.2680,295.1331
267.8667,292.6688,292.7608
267.9000,290.0916,289.8301
267.9333,287.5372,287.3229
267.9667,285.0064,284.9362
268.0000,282.5000,282.4964
268.0333,280.0187,279.8382
268.0667,277.5633,277.3469
268.1000,275.1346,274.9692
268.1333,272.7332,272.5916
268.1667,270.3599,270.4661
268.2000,268.0154,267.8382
268.2333,265.7005,265.3325
268.2667,263.4159,262.9692
268.3000,261.1621,260.9692
268.3333,258.9400,258.9692
268.3667,256.7503,256.7182
268.4000,254.5934,254.5870
268.4333,252.4703,252.6087
268.4667,250.3814,250.6087
268.5000,248.3274,248.6118
268.5333,246.3089,246.6118
268.5667,244.3266,244.6118
268.6000,242.3811,242.6118
268.6333,240.4729,240.6118
268.6667,238.6027,238.6118
268.7000,236.7709,236.9692
268.7333,234.9782,234.9692
268.7667,233.2251,232.9692
268.8000,231.5122,231.3469
268.8333,229.8399,229.3469
268.8667,228.2088,227.9722
268.9000,226.6194,226.7869
268.9333,225.0721,224.9919
268.9667,223.5674,223.2509
269.0000,222.1058,222.1359
269.0333,220.6877,220.5703
269.0667,219.3136,219.1532
269.1000,217.9839,218.1389
269.1333,216.6990,216.7670
269.1667,215.4592,215.3469
269.2000,214.2650,214.1359
269.2333,213.1167,212.9692
269.2667,212.0147,212.1068
269.3000,210.9592,211.0352
269.3333,209.9507,210.1068
269.3667,208.9894,209.0352
269.4000,208.0757,208.0338
269.4333,207.2097,207.0352
269.4667,206.3918,206.5480
269.5000,205.6222,205.4370
269.5333,204.9012,205.0352
269.5667,204.2289,204.5480
269.6000,203.6056,203.5084
269.6333,203.0315,203.0352
269.6667,202.5067,202.6852
269.7000,202.0314,202.1061
269.7333,201.6058,201.4370
269.7667,201.2299,201.1876
269.8000,200.9039,200.9260
269.8333,200.6279,200.6566
269.8667,200.4019,200.5012
269.9000,200.2261,200.2856
269.9333,200.1005,200.2212
269.9667,200.0251,200.4097
270.0000,200.0000,199.7175
270.0333,200.0565,200.0248
270.0667,200.2261,200.2970
270.1000,200.5086,200.5736
270.1333,200.9039,201.0074
270.1667,201.4116,201.4603
270.2000,202.0314,202.0000
270.2333,202.7629,202.5614
270.2667,203.6056,203.4531
270.3000,204.5590,204.5614
270.3333,205.6222,205.4709
270.3667,206.7947,206.6399
270.4000,208.0757,208.0339
270.4333,209.4642,209.3148
270.4667,210.9592,211.0057
270.5000,212.5599,212.5614
270.5333,214.2650,214.0545
270.5667,216.0734,216.0351
270.6000,217.9839,218.0351
270.6333,219.9952,220.0312
270.6667,222.1058,222.0312
270.7000,224.3144,224.5110
270.7333,226.6194,226.8271
270.7667,229.0192,228.8271
270.8000,231.5122,231.2279
270.8333,234.0967,233.9186
270.8667,236.7709,236.8271
270.9000,239.5330,239.3057
270.9333,242.3811,242.4028
270.9667,245.3132,244.8443
271.0000,248.3274,248.3084
271.0333,251.4215,251.2360
271.0667,254.5934,254.7773
271.1000,257.8411,257.6207
271.1333,261.1621,260.9718
271.1667,264.5544,264.7616
271.2000,268.0154,267.9078
271.2333,271.5430,271.3628
271.2667,275.1346,274.9718
271.3000,278.7877,278.7843
271.3333,282.5000,282.5736
271.3667,286.2688,286.3276
271.4000,290.0916,290.0140
271.4333,293.9657,294.0080
271.4667,297.8885,298.0080
271.5000,301.8572,301.8270
271.5333,305.8693,305.8538
271.5667,309.9219,309.8952
271.6000,314.0122,313.9286
271.6333,318.1375,318.3074
271.6667,322.2949,322.3206
271.7000,326.4815,326.3206
271.7333,330.6946,330.7746
271.7667,334.9311,334.8882
271.8000,339.1883,338.9113
271.8333,343.4632,343.1405
271.8667,347.7528,347.7201
271.9000,352.0542,352.0128
271.9333,356.3646,356.5572
271.9667,360.6808,360.7654
272.0000,365.0000,364.9019
272.0333,369.3192,369.1133
272.0667,373.6354,373.4061
272.1000,377.9458,378.0068
272.1333,382.2472,382.2938
272.1667,386.5368,386.5057
272.2000,390.8117,390.9248
272.2333,395.0689,394.9815
272.2667,399.3054,398.9815
272.3000,403.5185,403.4386
272.3333,407.7051,407.6750
272.3667,411.8625,411.6750
272.4000,415.9878,415.6724
272.4333,420.0781,419.9592
272.4667,424.1307,423.9592
272.5000,428.1428,427.9592
272.5333,432.1115,431.9732
272.5667,436.0343,435.9732
272.6000,439.9084,439.7832
272.6333,443.7312,443.5665
272.6667,447.5000,447.1300
272.7000,451.2123,451.1300
272.7333,454.8654,455.0472
272.7667,458.4570,458.6724
272.8000,461.9846,461.9971
272.8333,465.4456,465.3231
272.8667,468.8379,469.0472
272.9000,472.1589,472.1505
272.9333,475.4066,475.4457
272.9667,478.5785,478.6960
273.0000,481.6726,481.4321
273.0333,484.6868,484.6960
273.0667,487.6189,487.4405
273.1000,490.4670,490.5956
273.1333,493.2291,492.9271
273.1667,495.9033,495.7024
273.2000,498.4878,498.5881
273.2333,500.9808,500.9299
273.2667,503.3806,503.4405
273.3000,505.6856,505.5920
273.3333,507.8942,507.8539
273.3667,510.0048,509.8539
273.4000,512.0161,511.8507
273.4333,513.9266,513.8539
273.4667,515.7350,515.5877
273.5000,517.4401,517.2555
273.5333,519.0408,519.0703
273.5667,520.5358,520.6064
273.6000,521.9243,521.8539
273.6333,523.2053,523.1840
273.6667,524.3778,524.4168
273.7000,525.4410,525.3793
273.7333,526.3944,526.3612
273.7667,527.2371,527.0589
273.8000,527.9686,527.9730
273.8333,528.5884,528.7756
273.8667,529.0961,529.3078
273.9000,529.4914,529.6322
273.9333,529.7739,529.6876
273.9667,529.9435,529.8282
274.0000,530.0000,529.8282
274.0333,529.9749,529.7932
274.0667,529.8995,529.7618
274.1000,529.7739,529.7341
274.1333,529.5981,529.5778
274.1667,529.3721,529.4305
274.2000,529.0961,529.2878
274.2333,528.7701,529.0312
274.2667,528.3942,528.6565
274.3000,527.9686,527.9730
274.3333,527.4933,527.4389
274.3667,526.9685,526.9151
274.4000,526.3944,526.4072
274.4333,525.7711,525.4964
274.4667,525.0988,524.9804
274.5000,524.3778,524.4072
274.5333,523.6082,523.4746
274.5667,522.7903,522.7279
274.6000,521.9243,521.6692
274.6333,521.0106,520.9507
274.6667,520.0493,519.6071
274.7000,519.0408,518.8266
274.7333,517.9853,517.5782
274.7667,516.8833,516.8665
274.8000,515.7350,515.5782
274.8333,514.5408,514.7436
274.8667,513.3010,513.0373
274.9000,512.0161,512.0007
274.9333,510.6864,510.7267
274.9667,509.3123,509.0215
275.0000,507.8942,507.5782
275.0333,506.4326,506.4897
275.0667,504.9279,504.8979
275.1000,503.3806,503.2786
275.1333,501.7912,501.4673
275.1667,500.1601,500.0007
275.2000,498.4878,498.5855
275.2333,496.7749,496.9286
275.2667,495.0218,494.9286
275.3000,493.2291,492.9286
275.3333,491.3973,491.1868
275.3667,489.5271,489.1868
275.4000,487.6189,487.4171
275.4333,485.6734,485.6436
275.4667,483.6911,483.6436
275.5000,481.6726,481.6101
275.5333,479.6186,479.4913
275.5667,477.5297,477.1868
275.6000,475.4066,475.1868
275.6333,473.2497,473.1052
275.6667,471.0600,471.1052
275.7000,468.8379,468.8194
275.7333,466.5841,466.8194
275.7667,464.2995,464.3586
275.8000,461.9846,461.7084
275.8333,459.6401,459.4628
275.8667,457.2668,457.1052
275.9000,454.8654,454.8194
275.9333,452.4367,452.3573
275.9667,449.9813,449.6872
276.0000,447.5000,447.2846
276.0333,444.9936,444.8998
276.0667,442.4628,442.3335
276.1000,439.9084,439.7084
276.1333,437.3312,437.2008
276.1667,434.7320,434.8191
276.2000,432.1115,432.0039
276.2333,429.4706,429.2846
276.2667,426.8101,426.7386
276.3000,424.1307,424.2522
276.3333,421.4333,421.2846
276.3667,418.7187,418.7386
276.4000,415.9878,415.6258
276.4333,413.2413,413.1412
276.4667,410.4802,410.7386
276.5000,407.7051,407.6041
276.5333,404.9171,404.7386
276.5667,402.1169,402.2522
276.6000,399.3054,399.2909
276.6333,396.4835,396.7386
276.6667,393.6519,393.4662
276.7000,390.8117,391.0466
276.7333,387.9636,387.9457
276.7667,385.1084,385.0466
276.8000,382.2472,382.1244
276.8333,379.3807,379.2000
276.8667,376.5098,376.6014
276.9000,373.6354,373.4692
276.9333,370.7584,370.7774
276.9667,367.8796,367.8348
277.0000,365.0000,364.9649
277.0333,362.1204,362.2522
277.0667,359.2416,359.0041
277.1000,356.3646,356.2522
277.1333,353.4902,353.2956
277.1667,350.6193,350.5905
277.2000,347.7528,347.4692
277.2333,344.8916,345.1278
277.2667,342.0364,341.8539
277.3000,339.1883,338.9943
277.3333,336.3481,336.3848
277.3667,333.5165,333.3882
277.4000,330.6946,330.7779
277.4333,327.8831,328.0725
277.4667,325.0829,324.9692
277.5000,322.2949,322.3954
277.5333,319.5198,319.3229
277.5667,316.7587,316.7774
277.6000,314.0122,313.8382
277.6333,311.2813,310.9692
277.6667,308.5667,308.5734
277.7000,305.8693,305.5590
277.7333,303.1899,302.9692
277.7667,300.5294,300.5734
277.8000,297.8885,297.5940
277.8333,295.2680,295.1331
277.8667,292.6688,292.7608
277.9000,290.0916,289.8301
277.9333,287.5372,287.3229
277.9667,285.0064,284.9362
278.0000,282.5000,282.4964
278.0333,280.0187,279.8382
278.0667,277.5633,277.3469
278.1000,275.1346,274.9692
278.1333,272.7332,272.5916
278.1667,270.3599,270.4661
278.2000,268.0154,267.8382
278.2333,265.7005,265.3325
278.2667,263.4159,262.9692
278.3000,261.1621,260.9692
278.3333,258.9400,258.9692
278.3667,256.7503,256.7182
278.4000,254.5934,254.5870
278.4333,252.4703,252.6087
278.4667,250.3814,250.6087
278.5000,248.3274,248.6118
278.5333,246.3089,246.6118
278.5667,244.3266,244.6118
278.6000,242.3811,242.6118
278.6333,240.4729,240.6118
278.6667,238.6027,238.6118
278.7000,236.7709,236.9692
278.7333,234.9782,234.9692
278.7667,233.2251,232.9692
278.8000,231.5122,231.3469
278.8333,229.8399,229.3469
278.8667,228.2088,227.9722
278.9000,226.6194,226.7869
278.9333,225.0721,224.9919
278.9667,223.5674,223.2509
279.0000,222.1058,222.1359
279.0333,220.6877,220.5703
279.0667,219.3136,219.1532
279.1000,217.9839,218.1389
279.1333,216.6990,216.7670
279.1667,215.4592,215.3469
279.2000,214.2650,214.1359
279.2333,213.1167,212.9692
279.2667,212.0147,212.1068
279.3000,210.9592,211.0352
279.3333,209.9507,210.1068
279.3667,208.9894,209.0352
279.4000,208.0757,208.0338
279.4333,207.2097,207.0352
279.4667,206.3918,206.5480
279.5000,205.6222,205.4370
279.5333,204.9012,205.0352
279.5667,204.2289,204.5480
279.6000,203.6056,203.5084
279.6333,203.0315,203.0352
279.6667,202.5067,202.6852
279.7000,202.0314,202.1061
279.7333,201.6058,201.4370
279.7667,201.2299,201.1876
279.8000,200.9039,200.9260
279.8333,200.6279,200.6566
279.8667,200.4019,200.5012
279.9000,200.2261,200.2856
279.9333,200.1005,200.2212
279.9667,200.0251,200.4097
280.0000,200.0000,199.7175
280.0333,200.0565,200.0248
280.0667,200.2261,200.2970
280.1000,200.5086,200.5736
280.1333,200.9039,201.0074
280.1667,201.4116,201.4603
280.2000,202.0314,202.0000
280.2333,202.7629,202.5614
280.2667,203.6056,203.4531
280.3000,204.5590,204.5614
280.3333,205.6222,205.4709
280.3667,206.7947,206.6399
280.4000,208.0757,208.0339
280.4333,209.4642,209.3148
280.4667,210.9592,211.0057
280.5000,212.5599,212.5614
280.5333,214.2650,214.0545
280.5667,216.0734,216.0351
280.6000,217.9839,218.0351
280.6333,219.9952,220.0312
280.6667,222.1058,222.0312
280.7000,224.3144,224.5110
280.7333,226.6194,226.8271
280.7667,229.0192,228.8271
280.8000,231.5122,231.2279
280.8333,234.0967,233.9186
280.8667,236.7709,236.8271
280.9000,239.5330,239.3057
280.9333,242.3811,242.4028
280.9667,245.3132,244.8443
281.0000,248.3274,248.3084
281.0333,251.4215,251.2360
281.0667,254.5934,254.7773
281.1000,257.8411,257.6207
281.1333,261.1621,260.9718
281.1667,264.5544,264.7616
281.2000,268.0154,267.9078
281.2333,271.5430,271.3628
281.2667,275.1346,274.9718
281.3000,278.7877,278.7843
281.3333,282.5000,282.5736
281.3667,286.2688,286.3276
281.4000,290.0916,290.0140
281.4333,293.9657,294.0080
281.4667,297.8885,298.0080
281.5000,301.8572,301.8270
281.5333,305.8693,305.8538
281.5667,309.9219,309.8952
281.6000,314.0122,313.9286
281.6333,318.1375,318.3074
281.6667,322.2949,322.3206
281.7000,326.4815,326.3206
281.7333,330.6946,330.7746
281.7667,334.9311,334.8882
281.8000,339.1883,338.9113
281.8333,343.4632,343.1405
281.8667,347.7528,347.7201
281.9000,352.0542,352.0128
281.9333,356.3646,356.5572
281.9667,360.6808,360.7654
282.0000,365.0000,364.9019
282.0333,369.3192,369.1133
282.0667,373.6354,373.4061
282.1000,377.9458,378.0068
282.1333,382.2472,382.2938
282.1667,386.5368,386.5057
282.2000,390.8117,390.9248
282.2333,395.0689,394.9815
282.2667,399.3054,398.9815
282.3000,403.5185,403.4386
282.3333,407.7051,407.6750
282.3667,411.8625,411.6750
282.4000,415.9878,415.6724
282.4333,420.0781,419.9592
282.4667,424.1307,423.9592
282.5000,428.1428,427.9592
282.5333,432.1115,431.9732
282.5667,436.0343,435.9732
282.6000,439.9084,439.7832
282.6333,443.7312,443.5665
282.6667,447.5000,447.1300
282.7000,451.2123,451.1300
282.7333,454.8654,455.0472
282.7667,458.4570,458.6724
282.8000,461.9846,461.9971
282.8333,465.4456,465.3231
282.8667,468.8379,469.0472
282.9000,472.1589,472.1505
282.9333,475.4066,475.4457
282.9667,478.5785,478.6960
283.0000,481.6726,481.4321
283.0333,484.6868,484.6960
283.0667,487.6189,487.4405
283.1000,490.4670,490.5956
283.1333,493.2291,492.9271
283.1667,495.9033,495.7024
283.2000,498.4878,498.5881
283.2333,500.9808,500.9299
283.2667,503.3806,503.4405
283.3000,505.6856,505.5920
283.3333,507.8942,507.8539
283.3667,510.0048,509.8539
283.4000,512.0161,511.8507
283.4333,513.9266,513.8539
283.4667,515.7350,515.5877
283.5000,517.4401,517.2555
283.5333,519.0408,519.0703
283.5667,520.5358,520.6064
283.6000,521.9243,521.8539
283.6333,523.2053,523.1840
283.6667,524.3778,524.4168
283.7000,525.4410,525.3793
283.7333,526.3944,526.3612
283.7667,527.2371,527.0589
283.8000,527.9686,527.9730
283.8333,528.5884,528.7756
283.8667,529.0961,529.3078
283.9000,529.4914,529.6322
283.9333,529.7739,529.6876
283.9667,529.9435,529.8282
284.0000,530.0000,529.8282
284.0333,529.9749,529.7932
284.0667,529.8995,529.7618
284.1000,529.7739,529.7341
284.1333,529.5981,529.5778
284.1667,529.3721,529.4305
284.2000,529.0961,529.2878
284.2333,528.7701,529.0312
284.2667,528.3942,528.6565
284.3000,527.9686,527.9730
284.3333,527.4933,527.4389
284.3667,526.9685,526.9151
284.4000,526.3944,526.4072
284.4333,525.7711,525.4964
284.4667,525.0988,524.9804
284.5000,524.3778,524.4072
284.5333,523.6082,523.4746
284.5667,522.7903,522.7279
284.6000,521.9243,521.6692
284.6333,521.0106,520.9507
284.6667,520.0493,519.6071
284.7000,519.0408,518.8266
284.7333,517.9853,517.5782
284.7667,516.8833,516.8665
284.8000,515.7350,515.5782
284.8333,514.5408,514.7436
284.8667,513.3010,513.0373
284.9000,512.0161,512.0007
284.9333,510.6864,510.7267
284.9667,509.3123,509.0215
285.0000,507.8942,507.5782
285.0333,506.4326,506.4897
285.0667,504.9279,504.8979
285.1000,503.3806,503.2786
285.1333,501.7912,501.4673
285.1667,500.1601,500.0007
285.2000,498.4878,498.5855
285.2333,496.7749,496.9286
285.2667,495.0218,494.9286
285.3000,493.2291,492.9286
285.3333,491.3973,491.1868
285.3667,489.5271,489.1868
285.4000,487.6189,487.4171
285.4333,485.6734,485.6436
285.4667,483.6911,483.6436
285.5000,481.6726,481.6101
285.5333,479.6186,479.4913
285.5667,477.5297,477.1868
285.6000,475.4066,475.1868
285.6333,473.2497,473.1052
285.6667,471.0600,471.1052
285.7000,468.8379,468.8194
285.7333,466.5841,466.8194
285.7667,464.2995,464.3586
285.8000,461.9846,461.7084
285.8333,459.6401,459.4628
285.8667,457.2668,457.1052
285.9000,454.8654,454.8194
285.9333,452.4367,452.3573
285.9667,449.9813,449.6872
286.0000,447.5000,447.2846
286.0333,444.9936,444.8998
286.0667,442.4628,442.3335
286.1000,439.9084,439.7084
286.1333,437.3312,437.2008
286.1667,434.7320,434.8191
286.2000,432.1115,432.0039
286.2333,429.4706,429.2846
286.2667,426.8101,426.7386
286.3000,424.1307,424.2522
286.3333,421.4333,421.2846
286.3667,418.7187,418.7386
286.4000,415.9878,415.6258
286.4333,413.2413,413.1412
286.4667,410.4802,410.7386
286.5000,407.7051,407.6041
286.5333,404.9171,404.7386
286.5667,402.1169,402.2522
286.6000,399.3054,399.2909
286.6333,396.4835,396.7386
286.6667,393.6519,393.4662
286.7000,390.8117,391.0466
286.7333,387.9636,387.9457
286.7667,385.1084,385.0466
286.8000,382.2472,382.1244
286.8333,379.3807,379.2000
286.8667,376.5098,376.6014
286.9000,373.6354,373.4692
286.9333,370.7584,370.7774
286.9667,367.8796,367.8348
287.0000,365.0000,364.9649
287.0333,362.1204,362.2522
287.0667,359.2416,359.0041
287.1000,356.3646,356.2522
287.1333,353.4902,353.2956
287.1667,350.6193,350.5905
287.2000,347.7528,347.4692
287.2333,344.8916,345.1278
287.2667,342.0364,341.8539
287.3000,339.1883,338.9943
287.3333,336.3481,336.3848
287.3667,333.5165,333.3882
287.4000,330.6946,330.7779
287.4333,327.8831,328.0725
287.4667,325.0829,324.9692
287.5000,322.2949,322.3954
287.5333,319.5198,319.3229
287.5667,316.7587,316.7774
287.6000,314.0122,313.8382
287.6333,311.2813,310.9692
287.6667,308.5667,308.5734
287.7000,305.8693,305.5590
287.7333,303.1899,302.9692
287.7667,300.5294,300.5734
287.8000,297.8885,297.5940
287.8333,295.2680,295.1331
287.8667,292.6688,292.7608
287.9000,290.0916,289.8301
287.9333,287.5372,287.3229
287.9667,285.0064,284.9362
288.0000,282.5000,282.4964
288.0333,280.0187,279.8382
288.0667,277.5633,277.3469
288.1000,275.1346,274.9692
288.1333,272.7332,272.5916
288.1667,270.3599,270.4661
288.2000,268.0154,267.8382
288.2333,265.7005,265.3325
288.2667,263.4159,262.9692
288.3000,261.1621,260.9692
288.3333,258.9400,258.9692
288.3667,256.7503,256.7182
288.4000,254.5934,254.5870
288.4333,252.4703,252.6087
288.4667,250.3814,250.6087
288.5000,248.3274,248.6118
288.5333,246.3089,246.6118
288.5667,244.3266,244.6118
288.6000,242.3811,242.6118
288.6333,240.4729,240.6118
288.6667,238.6027,238.6118
288.7000,236.7709,236.9692
288.7333,234.9782,234.9692
288.7667,233.2251,232.9692
288.8000,231.5122,231.3469
288.8333,229.8399,229.3469
288.8667,228.2088,227.9722
288.9000,226.6194,226.7869
288.9333,225.0721,224.9919
288.9667,223.5674,223.2509
289.0000,222.1058,222.1359
289.0333,220.6877,220.5703
289.0667,219.3136,219.1532
289.1000,217.9839,218.1389
289.1333,216.6990,216.7670
289.1667,215.4592,215.3469
289.2000,214.2650,214.1359
289.2333,213.1167,212.9692
289.2667,212.0147,212.1068
289.3000,210.9592,211.0352
289.3333,209.9507,210.1068
289.3667,208.9894,209.0352
289.4000,208.0757,208.0338
289.4333,207.2097,207.0352
289.4667,206.3918,206.5480
289.5000,205.6222,205.4370
289.5333,204.9012,205.0352
289.5667,204.2289,204.5480
289.6000,203.6056,203.5084
289.6333,203.0315,203.0352
289.6667,202.5067,202.6852
289.7000,202.0314,202.1061
289.7333,201.6058,201.4370
289.7667,201.2299,201.1876
289.8000,200.9039,200.9260
289.8333,200.6279,200.6566
289.8667,200.4019,200.5012
289.9000,200.2261,200.2856
289.9333,200.1005,200.2212
289.9667,200.0251,200.4097
290.0000,200.0000,199.7175
290.0333,200.0565,200.0248
290.0667,200.2261,200.2970
290.1000,200.5086,200.5736
290.1333,200.9039,201.0074
290.1667,201.4116,201.4603
290.2000,202.0314,202.0000
290.2333,202.7629,202.5614
290.2667,203.6056,203.4531
290.3000,204.5590,204.5614
290.3333,205.6222,205.4709
290.3667,206.7947,206.6399
290.4000,208.0757,208.0339
290.4333,209.4642,209.3148
290.4667,210.9592,211.0057
290.5000,212.5599,212.5614
290.5333,214.2650,214.0545
290.5667,216.0734,216.0351
290.6000,217.9839,218.0351
290.6333,219.9952,220.0312
290.6667,222.1058,222.0312
290.7000,224.3144,224.5110
290.7333,226.6194,226.8271
290.7667,229.0192,228.8271
290.8000,231.5122,231.2279
290.8333,234.0967,233.9186
290.8667,236.7709,236.8271
290.9000,239.5330,239.3057
290.9333,242.3811,242.4028
290.9667,245.3132,244.8443
291.0000,248.3274,248.3084
291.0333,251.4215,251.2360
291.0667,254.5934,254.7773
291.1000,257.8411,257.6207
291.1333,261.1621,260.9718
291.1667,264.5544,264.7616
291.2000,268.0154,267.9078
291.2333,271.5430,271.3628
291.2667,275.1346,274.9718
291.3000,278.7877,278.7843
291.3333,282.5000,282.5736
291.3667,286.2688,286.3276
291.4000,290.0916,290.0140
291.4333,293.9657,294.0080
291.4667,297.8885,298.0080
291.5000,301.8572,301.8270
291.5333,305.8693,305.8538
291.5667,309.9219,309.8952
291.6000,314.0122,313.9286
291.6333,318.1375,318.3074
291.6667,322.2949,322.3206
291.7000,326.4815,326.3206
291.7333,330.6946,330.7746
291.7667,334.9311,334.8882
291.8000,339.1883,338.9113
291.8333,343.4632,343.1405
291.8667,347.7528,347.7201
291.9000,352.0542,352.0128
291.9333,356.3646,356.5572
291.9667,360.6808,360.7654
292.0000,365.0000,364.9019
292.0333,369.3192,369.1133
292.0667,373.6354,373.4061
292.1000,377.9458,378.0068
292.1333,382.2472,382.2938
292.1667,386.5368,386.5057
292.2000,390.8117,390.9248
292.2333,395.0689,394.9815
292.2667,399.3054,398.9815
292.3000,403.5185,403.4386
292.3333,407.7051,407.6750
292.3667,411.8625,411.6750
292.4000,415.9878,415.6724
292.4333,420.0781,419.9592
292.4667,424.1307,423.9592
292.5000,428.1428,427.9592
292.5333,432.1115,431.9732
292.5667,436.0343,435.9732
292.6000,439.9084,439.7832
292.6333,443.7312,443.5665
292.6667,447.5000,447.1300
292.7000,451.2123,451.1300
292.7333,454.8654,455.0472
292.7667,458.4570,458.6724
292.8000,461.9846,461.9971
292.8333,465.4456,465.3231
292.8667,468.8379,469.0472
292.9000,472.1589,472.1505
292.9333,475.4066,475.4457
292.9667,478.5785,478.6960
293.0000,481.6726,481.4321
293.0333,484.6868,484.6960
293.0667,487.6189,487.4405
293.1000,490.4670,490.5956
293.1333,493.2291,492.9271
293.1667,495.9033,495.7024
293.2000,498.4878,498.5881
293.2333,500.9808,500.9299
293.2667,503.3806,503.4405
293.3000,505.6856,505.5920
293.3333,507.8942,507.8539
293.3667,510.0048,509.8539
293.4000,512.0161,511.8507
293.4333,513.9266,513.8539
293.4667,515.7350,515.5877
293.5000,517.4401,517.2555
293.5333,519.0408,519.0703
293.5667,520.5358,520.6064
293.6000,521.9243,521.8539
293.6333,523.2053,523.1840
293.6667,524.3778,524.4168
293.7000,525.4410,525.3793
293.7333,526.3944,526.3612
293.7667,527.2371,527.0589
293.8000,527.9686,527.9730
293.8333,528.5884,528.7756
293.8667,529.0961,529.3078
293.9000,529.4914,529.6322
293.9333,529.7739,529.6876
293.9667,529.9435,529.8282
294.0000,530.0000,529.8282
294.0333,529.9749,529.7932
294.0667,529.8995,529.7618
294.1000,529.7739,529.7341
294.1333,529.5981,529.5778
294.1667,529.3721,529.4305
294.2000,529.0961,529.2878
294.2333,528.7701,529.0312
294.2667,528.3942,528.6565
294.3000,527.9686,527.9730
294.3333,527.4933,527.4389
294.3667,526.9685,526.9151
294.4000,526.3944,526.4072
294.4333,525.7711,525.4964
294.4667,525.0988,524.9804
294.5000,524.3778,524.4072
294.5333,523.6082,523.4746
294.5667,522.7903,522.7279
294.6000,521.9243,521.6692
294.6333,521.0106,520.9507
294.6667,520.0493,519.6071
294.7000,519.0408,518.8266
294.7333,517.9853,517.5782
294.7667,516.8833,516.8665
294.8000,515.7350,515.5782
294.8333,514.5408,514.7436
294.8667,513.3010,513.0373
294.9000,512.0161,512.0007
294.9333,510.6864,510.7267
294.9667,509.3123,509.0215
295.0000,507.8942,507.5782
295.0333,506.4326,506.4897
295.0667,504.9279,504.8979
295.1000,503.3806,503.2786
295.1333,501.7912,501.4673
295.1667,500.1601,500.0007
295.2000,498.4878,498.5855
295.2333,496.7749,496.9286
295.2667,495.0218,494.9286
295.3000,493.2291,492.9286
295.3333,491.3973,491.1868
295.3667,489.5271,489.1868
295.4000,487.6189,487.4171
295.4333,485.6734,485.6436
295.4667,483.6911,483.6436
295.5000,481.6726,481.6101
295.5333,479.6186,479.4913
295.5667,477.5297,477.1868
295.6000,475.4066,475.1868
295.6333,473.2497,473.1052
295.6667,471.0600,471.1052
295.7000,468.8379,468.8194
295.7333,466.5841,466.8194
295.7667,464.2995,464.3586
295.8000,461.9846,461.7084
295.8333,459.6401,459.4628
295.8667,457.2668,457.1052
295.9000,454.8654,454.8194
295.9333,452.4367,452.3573
295.9667,449.9813,449.6872
296.0000,447.5000,447.2846
296.0333,444.9936,444.8998
296.0667,442.4628,442.3335
296.1000,439.9084,439.7084
296.1333,437.3312,437.2008
296.1667,434.7320,434.8191
296.2000,432.1115,432.0039
296.2333,429.4706,429.2846
296.2667,426.8101,426.7386
296.3000,424.1307,424.2522
296.3333,421.4333,421.2846
296.3667,418.7187,418.7386
296.4000,415.9878,415.6258
296.4333,413.2413,413.1412
296.4667,410.4802,410.7386
296.5000,407.7051,407.6041
296.5333,404.9171,404.7386
296.5667,402.1169,402.2522
296.6000,399.3054,399.2909
296.6333,396.4835,396.7386
296.6667,393.6519,393.4662
296.7000,390.8117,391.0466
296.7333,387.9636,387.9457
296.7667,385.1084,385.0466
296.8000,382.2472,382.1244
296.8333,379.3807,379.2000
296.8667,376.5098,376.6014
296.9000,373.6354,373.4692
296.9333,370.7584,370.7774
296.9667,367.8796,367.8348
297.0000,365.0000,364.9649
297.0333,362.1204,362.2522
297.0667,359.2416,359.0041
297.1000,356.3646,356.2522
297.1333,353.4902,353.2956
297.1667,350.6193,350.5905
297.2000,347.7528,347.4692
297.2333,344.8916,345.1278
297.2667,342.0364,341.8539
297.3000,339.1883,338.9943
297.3333,336.3481,336.3848
297.3667,333.5165,333.3882
297.4000,330.6946,330.7779
297.4333,327.8831,328.0725
297.4667,325.0829,324.9692
297.5000,322.2949,322.3954
297.5333,319.5198,319.3229
297.5667,316.7587,316.7774
297.6000,314.0122,313.8382
297.6333,311.2813,310.9692
297.6667,308.5667,308.5734
297.7000,305.8693,305.5590
297.7333,303.1899,302.9692
297.7667,300.5294,300.5734
297.8000,297.8885,297.5940
297.8333,295.2680,295.1331
297.8667,292.6688,292.7608
297.9000,290.0916,289.8301
297.9333,287.5372,287.3229
297.9667,285.0064,284.9362
298.0000,282.5000,282.4964
298.0333,280.0187,279.8382
298.0667,277.5633,277.3469
298.1000,275.1346,274.9692
298.1333,272.7332,272.5916
298.1667,270.3599,270.4661
298.2000,268.0154,267.8382
298.2333,265.7005,265.3325
298.2667,263.4159,262.9692
298.3000,261.1621,260.9692
298.3333,258.9400,258.9692
298.3667,256.7503,256.7182
298.4000,254.5934,254.5870
298.4333,252.4703,252.6087
298.4667,250.3814,250.6087
298.5000,248.3274,248.6118
298.5333,246.3089,246.6118
298.5667,244.3266,244.6118
298.6000,242.3811,242.6118
298.6333,240.4729,240.6118
298.6667,238.6027,238.6118
298.7000,236.7709,236.9692
298.7333,234.9782,234.9692
298.7667,233.2251,232.9692
298.8000,231.5122,231.3469
298.8333,229.8399,229.3469
298.8667,228.2088,227.9722
298.9000,226.6194,226.7869
298.9333,225.0721,224.9919
298.9667,223.5674,223.2509
299.0000,222.1058,222.1359
299.0333,220.6877,220.5703
299.0667,219.3136,219.1532
299.1000,217.9839,218.1389
299.1333,216.6990,216.7670
299.1667,215.4592,215.3469
299.2000,214.2650,214.1359
299.2333,213.1167,212.9692
299.2667,212.0147,212.1068
299.3000,210.9592,211.0352
299.3333,209.9507,210.1068
299.3667,208.9894,209.0352
299.4000,208.0757,208.0338
299.4333,207.2097,207.0352
299.4667,206.3918,206.5480
299.5000,205.6222,205.4370
299.5333,204.9012,205.0352
299.5667,204.2289,204.5480
299.6000,203.6056,203.5084
299.6333,203.0315,203.0352
299.6667,202.5067,202.6852
299.7000,202.0314,202.1061
299.7333,201.6058,201.4370
299.7667,201.2299,201.1876
299.8000,200.9039,200.9260
299.8333,200.6279,200.6566
299.8667,200.4019,200.5012
299.9000,200.2261,200.2856
299.9333,200.1005,200.2212
299.9667,200.0251,200.4097
300.0000,200.0000,199.7175
300.0333,200.0565,200.0248
300.0667,200.2261,200.2970
300.1000,200.5086,200.5736
300.1333,200.9039,201.0074
300.1667,201.4116,201.4603
300.2000,202.0314,202.0000
300.2333,202.7629,202.5614
300.2667,203.6056,203.4531
300.3000,204.5590,204.5614
300.3333,205.6222,205.4709
300.3667,206.7947,206.6399
300.4000,208.0757,208.0339
300.4333,209.4642,209.3148
300.4667,210.9592,211.0057
300.5000,212.5599,212.5614
300.5333,214.2650,214.0545
300.5667,216.0734,216.0351
300.6000,217.9839,218.0351
300.6333,219.9952,220.0312
300.6667,222.1058,222.0312
300.7000,224.3144,224.5110
300.7333,226.6194,226.8271
300.7667,229.0192,228.8271
300.8000,231.5122,231.2279
300.8333,234.0967,233.9186
300.8667,236.7709,236.8271
300.9000,239.5330,239.3057
300.9333,242.3811,242.4028
300.9667,245.3132,244.8443
301.0000,248.3274,248.3084
301.0333,251.4215,251.2360
301.0667,254.5934,254.7773
301.1000,257.8411,257.6207
301.1333,261.1621,260.9718
301.1667,264.5544,264.7616
301.2000,268.0154,267.9078
301.2333,271.5430,271.3628
301.2667,275.1346,274.9718
301.3000,278.7877,278.7843
301.3333,282.5000,282.5736
301.3667,286.2688,286.3276
301.4000,290.0916,290.0140
301.4333,293.9657,294.0080
301.4667,297.8885,298.0080
301.5000,301.8572,301.8270
301.5333,305.8693,305.8538
301.5667,309.9219,309.8952
301.6000,314.0122,313.9286
301.6333,318.1375,318.3074
301.6667,322.2949,322.3206
301.7000,326.4815,326.3206
301.7333,330.6946,330.7746
301.7667,334.9311,334.8882
301.8000,339.1883,338.9113
301.8333,343.4632,343.1405
301.8667,347.7528,347.7201
301.9000,352.0542,352.0128
301.9333,356.3646,356.5572
301.9667,360.6808,360.7654
302.0000,365.0000,364.9019
302.0333,369.3192,369.1133
302.0667,373.6354,373.4061
302.1000,377.9458,378.0068
302.1333,382.2472,382.2938
302.1667,386.5368,386.5057
302.2000,390.8117,390.9248
302.2333,395.0689,394.9815
302.2667,399.3054,398.9815
302.3000,403.5185,403.4386
302.3333,407.7051,407.6750
302.3667,411.8625,411.6750
302.4000,415.9878,415.6724
302.4333,420.0781,419.9592
302.4667,424.1307,423.9592
302.5000,428.1428,427.9592
302.5333,432.1115,431.9732
302.5667,436.0343,435.9732
302.6000,439.9084,439.7832
302.6333,443.7312,443.5665
302.6667,447.5000,447.1300
302.7000,451.2123,451.1300
302.7333,454.8654,455.0472
302.7667,458.4570,458.6724
302.8000,461.9846,461.9971
302.8333,465.4456,465.3231
302.8667,468.8379,469.0472
302.9000,472.1589,472.1505
302.9333,475.4066,475.4457
302.9667,478.5785,478.6960
303.0000,481.6726,481.4321
303.0333,484.6868,484.6960
303.0667,487.6189,487.4405
303.1000,490.4670,490.5956
303.1333,493.2291,492.9271
303.1667,495.9033,495.7024
303.2000,498.4878,498.5881
303.2333,500.9808,500.9299
303.2667,503.3806,503.4405
303.3000,505.6856,505.5920
303.3333,507.8942,507.8539
303.3667,510.0048,509.8539
303.4000,512.0161,511.8507
303.4333,513.9266,513.8539
303.4667,515.7350,515.5877
303.5000,517.4401,517.2555
303.5333,519.0408,519.0703
303.5667,520.5358,520.6064
303.6000,521.9243,521.8539
303.6333,523.2053,523.1840
303.6667,524.3778,524.4168
303.7000,525.4410,525.3793
303.7333,526.3944,526.3612
303.7667,527.2371,527.0589
303.8000,527.9686,527.9730
303.8333,528.5884,528.7756
303.8667,529.0961,529.3078
303.9000,529.4914,529.6322
303.9333,529.7739,529.6876
303.9667,529.9435,529.8282
304.0000,530.0000,529.8282
304.0333,529.9749,529.7932
304.0667,529.8995,529.7618
304.1000,529.7739,529.7341
304.1333,529.5981,529.5778
304.1667,529.3721,529.4305
304.2000,529.0961,529.2878
304.2333,528.7701,529.0312
304.2667,528.3942,528.6565
304.3000,527.9686,527.9730
304.3333,527.4933,527.4389
304.3667,526.9685,526.9151
304.4000,526.3944,526.4072
304.4333,525.7711,525.4964
304.4667,525.0988,524.9804
304.5000,524.3778,524.4072
304.5333,523.6082,523.4746
304.5667,522.7903,522.7279
304.6000,521.9243,521.6692
304.6333,521.0106,520.9507
304.6667,520.0493,519.6071
304.7000,519.0408,518.8266
304.7333,517.9853,517.5782
304.7667,516.8833,516.8665
304.8000,515.7350,515.5782
304.8333,514.5408,514.7436
304.8667,513.3010,513.0373
304.9000,512.0161,512.0007
304.9333,510.6864,510.7267
304.9667,509.3123,509.0215
305.0000,507.8942,507.5782
305.0333,506.4326,506.4897
305.0667,504.9279,504.8979
305.1000,503.3806,503.2786
305.1333,501.7912,501.4673
305.1667,500.1601,500.0007
305.2000,498.4878,498.5855
305.2333,496.7749,496.9286
305.2667,495.0218,494.9286
305.3000,493.2291,492.9286
305.3333,491.3973,491.1868
305.3667,489.5271,489.1868
305.4000,487.6189,487.4171
305.4333,485.6734,485.6436
305.4667,483.6911,483.6436
305.5000,481.6726,481.6101
305.5333,479.6186,479.4913
305.5667,477.5297,477.1868
305.6000,475.4066,475.1868
305.6333,473.2497,473.1052
305.6667,471.0600,471.1052
305.7000,468.8379,468.8194
305.7333,466.5841,466.8194
305.7667,464.2995,464.3586
305.8000,461.9846,461.7084
305.8333,459.6401,459.4628
305.8667,457.2668,457.1052
305.9000,454.8654,454.8194
305.9333,452.4367,452.3573
305.9667,449.9813,449.6872
306.0000,447.5000,447.2846
306.0333,444.9936,444.8998
306.0667,442.4628,442.3335
306.1000,439.9084,439.7084
306.1333,437.3312,437.2008
306.1667,434.7320,434.8191
306.2000,432.1115,432.0039
306.2333,429.4706,429.2846
306.2667,426.8101,426.7386
306.3000,424.1307,424.2522
306.3333,421.4333,421.2846
306.3667,418.7187,418.7386
306.4000,415.9878,415.6258
306.4333,413.2413,413.1412
306.4667,410.4802,410.7386
306.5000,407.7051,407.6041
306.5333,404.9171,404.7386
306.5667,402.1169,402.2522
306.6000,399.3054,399.2909
306.6333,396.4835,396.7386
306.6667,393.6519,393.4662
306.7000,390.8117,391.0466
306.7333,387.9636,387.9457
306.7667,385.1084,385.0466
306.8000,382.2472,382.1244
306.8333,379.3807,379.2000
306.8667,376.5098,376.6014
306.9000,373.6354,373.4692
306.9333,370.7584,370.7774
306.9667,367.8796,367.8348
307.0000,365.0000,364.9649
307.0333,362.1204,362.2522
307.0667,359.2416,359.0041
307.1000,356.3646,356.2522
307.1333,353.4902,353.2956
307.1667,350.6193,350.5905
307.2000,347.7528,347.4692
307.2333,344.8916,345.1278
307.2667,342.0364,341.8539
307.3000,339.1883,338.9943
307.3333,336.3481,336.3848
307.3667,333.5165,333.3882
307.4000,330.6946,330.7779
307.4333,327.8831,328.0725
307.4667,325.0829,324.9692
307.5000,322.2949,322.3954
307.5333,319.5198,319.3229
307.5667,316.7587,316.7774
307.6000,314.0122,313.8382
307.6333,311.2813,310.9692
307.6667,308.5667,308.5734
307.7000,305.8693,305.5590
307.7333,303.1899,302.9692
307.7667,300.5294,300.5734
307.8000,297.8885,297.5940
307.8333,295.2680,295.1331
307.8667,292.6688,292.7608
307.9000,290.0916,289.8301
307.9333,287.5372,287.3229
307.9667,285.0064,284.9362
308.0000,282.5000,282.4964
308.0333,280.0187,279.8382
308.0667,277.5633,277.3469
308.1000,275.1346,274.9692
308.1333,272.7332,272.5916
308.1667,270.3599,270.4661
308.2000,268.0154,267.8382
308.2333,265.7005,265.3325
308.2667,263.4159,262.9692
308.3000,261.1621,260.9692
308.3333,258.9400,258.9692
308.3667,256.7503,256.7182
308.4000,254.5934,254.5870
308.4333,252.4703,252.6087
308.4667,250.3814,250.6087
308.5000,248.3274,248.6118
308.5333,246.3089,246.6118
308.5667,244.3266,244.6118
308.6000,242.3811,242.6118
308.6333,240.4729,240.6118
308.6667,238.6027,238.6118
308.7000,236.7709,236.9692
308.7333,234.9782,234.9692
308.7667,233.2251,232.9692
308.8000,231.5122,231.3469
308.8333,229.8399,229.3469
308.8667,228.2088,227.9722
308.9000,226.6194,226.7869
308.9333,225.0721,224.9919
308.9667,223.5674,223.2509
309.0000,222.1058,222.1359
309.0333,220.6877,220.5703
309.0667,219.3136,219.1532
309.1000,217.9839,218.1389
309.1333,216.6990,216.7670
309.1667,215.4592,215.3469
309.2000,214.2650,214.1359
309.2333,213.1167,212.9692
309.2667,212.0147,212.1068
309.3000,210.9592,211.0352
309.3333,209.9507,210.1068
309.3667,208.9894,209.0352
309.4000,208.0757,208.0338
309.4333,207.2097,207.0352
309.4667,206.3918,206.5480
309.5000,205.6222,205.4370
309.5333,204.9012,205.0352
309.5667,204.2289,204.5480
309.6000,203.6056,203.5084
309.6333,203.0315,203.0352
309.6667,202.5067,202.6852
309.7000,202.0314,202.1061
309.7333,201.6058,201.4370
309.7667,201.2299,201.1876
309.8000,200.9039,200.9260
309.8333,200.6279,200.6566
309.8667,200.4019,200.5012
309.9000,200.2261,200.2856
309.9333,200.1005,200.2212
309.9667,200.0251,200.4097
310.0000,200.0000,199.7175
310.0333,200.0565,200.0248
310.0667,200.2261,200.2970
310.1000,200.5086,200.5736
310.1333,200.9039,201.0074
310.1667,201.4116,201.4603
310.2000,202.0314,202.0000
310.2333,202.7629,202.5614
310.2667,203.6056,203.4531
310.3000,204.5590,204.5614
310.3333,205.6222,205.4709
310.3667,206.7947,206.6399
310.4000,208.0757,208.0339
310.4333,209.4642,209.3148
310.4667,210.9592,211.0057
310.5000,212.5599,212.5614
310.5333,214.2650,214.0545
310.5667,216.0734,216.0351
310.6000,217.9839,218.0351
310.6333,219.9952,220.0312
310.6667,222.1058,222.0312
310.7000,224.3144,224.5110
310.7333,226.6194,226.8271
310.7667,229.0192,228.8271
310.8000,231.5122,231.2279
310.8333,234.0967,233.9186
310.8667,236.7709,236.8271
310.9000,239.5330,239.3057
310.9333,242.3811,242.4028
310.9667,245.3132,244.8443
311.0000,248.3274,248.3084
311.0333,251.4215,251.2360
311.0667,254.5934,254.7773
311.1000,257.8411,257.6207
311.1333,261.1621,260.9718
311.1667,264.5544,264.7616
311.2000,268.0154,267.9078
311.2333,271.5430,271.3628
311.2667,275.1346,274.9718
311.3000,278.7877,278.7843
311.3333,282.5000,282.5736
311.3667,286.2688,286.3276
311.4000,290.0916,290.0140
311.4333,293.9657,294.0080
311.4667,297.8885,298.0080
311.5000,301.8572,301.8270
311.5333,305.8693,305.8538
311.5667,309.9219,309.8952
311.6000,314.0122,313.9286
311.6333,318.1375,318.3074
311.6667,322.2949,322.3206
311.7000,326.4815,326.3206
311.7333,330.6946,330.7746
311.7667,334.9311,334.8882
311.8000,339.1883,338.9113
311.8333,343.4632,343.1405
311.8667,347.7528,347.7201
311.9000,352.0542,352.0128
311.9333,356.3646,356.5572
311.9667,360.6808,360.7654
312.0000,365.0000,364.9019
312.0333,369.3192,369.1133
312.0667,373.6354,373.4061
312.1000,377.9458,378.0068
312.1333,382.2472,382.2938
312.1667,386.5368,386.5057
312.2000,390.8117,390.9248
312.2333,395.0689,394.9815
312.2667,399.3054,398.9815
312.3000,403.5185,403.4386
312.3333,407.7051,407.6750
312.3667,411.8625,411.6750
312.4000,415.9878,415.6724
312.4333,420.0781,419.9592
312.4667,424.1307,423.9592
312.5000,428.1428,427.9592
312.5333,432.1115,431.9732
312.5667,436.0343,435.9732
312.6000,439.9084,439.7832
312.6333,443.7312,443.5665
312.6667,447.5000,447.1300
312.7000,451.2123,451.1300
312.7333,454.8654,455.0472
312.7667,458.4570,458.6724
312.8000,461.9846,461.9971
312.8333,465.4456,465.3231
312.8667,468.8379,469.0472
312.9000,472.1589,472.1505
312.9333,475.4066,475.4457
312.9667,478.5785,478.6960
313.0000,481.6726,481.4321
313.0333,484.6868,484.6960
313.0667,487.6189,487.4405
313.1000,490.4670,490.5956
313.1333,493.2291,492.9271
313.1667,495.9033,495.7024
313.2000,498.4878,498.5881
313.2333,500.9808,500.9299
313.2667,503.3806,503.4405
313.3000,505.6856,505.5920
313.3333,507.8942,507.8539
313.3667,510.0048,509.8539
313.4000,512.0161,511.8507
313.4333,513.9266,513.8539
313.4667,515.7350,515.5877
313.5000,517.4401,517.2555
313.5333,519.0408,519.0703
313.5667,520.5358,520.6064
313.6000,521.9243,521.8539
313.6333,523.2053,523.1840
313.6667,524.3778,524.4168
313.7000,525.4410,525.3793
313.7333,526.3944,526.3612
313.7667,527.2371,527.0589
313.8000,527.9686,527.9730
313.8333,528.5884,528.7756
313.8667,529.0961,529.3078
313.9000,529.4914,529.6322
313.9333,529.7739,529.6876
313.9667,529.9435,529.8282
314.0000,530.0000,529.8282
314.0333,529.9749,529.7932
314.0667,529.8995,529.7618
314.1000,529.7739,529.7341
314.1333,529.5981,529.5778
314.1667,529.3721,529.4305
314.2000,529.0961,529.2878
314.2333,528.7701,529.0312
314.2667,528.3942,528.6565
314.3000,527.9686,527.9730
314.3333,527.4933,527.4389
314.3667,526.9685,526.9151
314.4000,526.3944,526.4072
314.4333,525.7711,525.4964
314.4667,525.0988,524.9804
314.5000,524.3778,524.4072
314.5333,523.6082,523.4746
314.5667,522.7903,522.7279
314.6000,521.9243,521.6692
314.6333,521.0106,520.9507
314.6667,520.0493,519.6071
314.7000,519.0408,518.8266
314.7333,517.9853,517.5782
314.7667,516.8833,516.8665
314.8000,515.7350,515.5782
314.8333,514.5408,514.7436
314.8667,513.3010,513.0373
314.9000,512.0161,512.0007
314.9333,510.6864,510.7267
314.9667,509.3123,509.0215
315.0000,507.8942,507.5782
315.0333,506.4326,506.4897
315.0667,504.9279,504.8979
315.1000,503.3806,503.2786
315.1333,501.7912,501.4673
315.1667,500.1601,500.0007
315.2000,498.4878,498.5855
315.2333,496.7749,496.9286
315.2667,495.0218,494.9286
315.3000,493.2291,492.9286
315.3333,491.3973,491.1868
315.3667,489.5271,489.1868
315.4000,487.6189,487.4171
315.4333,485.6734,485.6436
315.4667,483.6911,483.6436
315.5000,481.6726,481.6101
315.5333,479.6186,479.4913
315.5667,477.5297,477.1868
315.6000,475.4066,475.1868
315.6333,473.2497,473.1052
315.6667,471.0600,471.1052
315.7000,468.8379,468.8194
315.7333,466.5841,466.8194
315.7667,464.2995,464.3586
315.8000,461.9846,461.7084
315.8333,459.6401,459.4628
315.8667,457.2668,457.1052
315.9000,454.8654,454.8194
315.9333,452.4367,452.3573
315.9667,449.9813,449.6872
316.0000,447.5000,447.2846
316.0333,444.9936,444.8998
316.0667,442.4628,442.3335
316.1000,439.9084,439.7084
316.1333,437.3312,437.2008
316.1667,434.7320,434.8191
316.2000,432.1115,432.0039
316.2333,429.4706,429.2846
316.2667,426.8101,426.7386
316.3000,424.1307,424.2522
316.3333,421.4333,421.2846
316.3667,418.7187,418.7386
316.4000,415.9878,415.6258
316.4333,413.2413,413.1412
316.4667,410.4802,410.7386
316.5000,407.7051,407.6041
316.5333,404.9171,404.7386
316.5667,402.1169,402.2522
316.6000,399.3054,399.2909
316.6333,396.4835,396.7386
316.6667,393.6519,393.4662
316.7000,390.8117,391.0466
316.7333,387.9636,387.9457
316.7667,385.1084,385.0466
316.8000,382.2472,382.1244
316.8333,379.3807,379.2000
316.8667,376.5098,376.6014
316.9000,373.6354,373.4692
316.9333,370.7584,370.7774
316.9667,367.8796,367.8348
317.0000,365.0000,364.9649
317.0333,362.1204,362.2522
317.0667,359.2416,359.0041
317.1000,356.3646,356.2522
317.1333,353.4902,353.2956
317.1667,350.6193,350.5905
317.2000,347.7528,347.4692
317.2333,344.8916,345.1278
317.2667,342.0364,341.8539
317.3000,339.1883,338.9943
317.3333,336.3481,336.3848
317.3667,333.5165,333.3882
317.4000,330.6946,330.7779
317.4333,327.8831,328.0725
317.4667,325.0829,324.9692
317.5000,322.2949,322.3954
317.5333,319.5198,319.3229
317.5667,316.7587,316.7774
317.6000,314.0122,313.8382
317.6333,311.2813,310.9692
317.6667,308.5667,308.5734
317.7000,305.8693,305.5590
317.7333,303.1899,302.9692
317.7667,300.5294,300.5734
317.8000,297.8885,297.5940
317.8333,295.2680,295.1331
317.8667,292.6688,292.7608
317.9000,290.0916,289.8301
317.9333,287.5372,287.3229
317.9667,285.0064,284.9362
318.0000,282.5000,282.4964
318.0333,280.0187,279.8382
318.0667,277.5633,277.3469
318.1000,275.1346,274.9692
318.1333,272.7332,272.5916
318.1667,270.3599,270.4661
318.2000,268.0154,267.8382
318.2333,265.7005,265.3325
318.2667,263.4159,262.9692
318.3000,261.1621,260.9692
318.3333,258.9400,258.9692
318.3667,256.7503,256.7182
318.4000,254.5934,254.5870
318.4333,252.4703,252.6087
318.4667,250.3814,250.6087
318.5000,248.3274,248.6118
318.5333,246.3089,246.6118
318.5667,244.3266,244.6118
318.6000,242.3811,242.6118
318.6333,240.4729,240.6118
318.6667,238.6027,238.6118
318.7000,236.7709,236.9692
318.7333,234.9782,234.9692
318.7667,233.2251,232.9692
318.8000,231.5122,231.3469
318.8333,229.8399,229.3469
318.8667,228.2088,227.9722
318.9000,226.6194,226.7869
318.9333,225.0721,224.9919
318.9667,223.5674,223.2509
319.0000,222.1058,222.1359
319.0333,220.6877,220.5703
319.0667,219.3136,219.1532
319.1000,217.9839,218.1389
319.1333,216.6990,216.7670
319.1667,215.4592,215.3469
319.2000,214.2650,214.1359
319.2333,213.1167,212.9692
319.2667,212.0147,212.1068
319.3000,210.9592,211.0352
319.3333,209.9507,210.1068
319.3667,208.9894,209.0352
319.4000,208.0757,208.0338
319.4333,207.2097,207.0352
319.4667,206.3918,206.5480
319.5000,205.6222,205.4370
319.5333,204.9012,205.0352
319.5667,204.2289,204.5480
319.6000,203.6056,203.5084
319.6333,203.0315,203.0352
319.6667,202.5067,202.6852
319.7000,202.0314,202.1061
319.7333,201.6058,201.4370
319.7667,201.2299,201.1876
319.8000,200.9039,200.9260
319.8333,200.6279,200.6566
319.8667,200.4019,200.5012
319.9000,200.2261,200.2856
319.9333,200.1005,200.2212
319.9667,200.0251,200.4097
320.0000,200.0000,199.7175
320.0333,200.0565,200.0248
320.0667,200.2261,200.2970
320.1000,200.5086,200.5736
320.1333,200.9039,201.0074
320.1667,201.4116,201.4603
320.2000,202.0314,202.0000
320.2333,202.7629,202.5614
320.2667,203.6056,203.4531
320.3000,204.5590,204.5614
320.3333,205.6222,205.4709
320.3667,206.7947,206.6399
320.4000,208.0757,208.0339
320.4333,209.4642,209.3148
320.4667,210.9592,211.0057
320.5000,212.5599,212.5614
320.5333,214.2650,214.0545
320.5667,216.0734,216.0351
320.6000,217.9839,218.0351
320.6333,219.9952,220.0312
320.6667,222.1058,222.0312
320.7000,224.3144,224.5110
320.7333,226.6194,226.8271
320.7667,229.0192,228.8271
320.8000,231.5122,231.2279
320.8333,234.0967,233.9186
320.8667,236.7709,236.8271
320.9000,239.5330,239.3057
320.9333,242.3811,242.4028
320.9667,245.3132,244.8443
321.0000,248.3274,248.3084
321.0333,251.4215,251.2360
321.0667,254.5934,254.7773
321.1000,257.8411,257.6207
321.1333,261.1621,260.9718
321.1667,264.5544,264.7616
321.2000,268.0154,267.9078
321.2333,271.5430,271.3628
321.2667,275.1346,274.9718
321.3000,278.7877,278.7843
321.3333,282.5000,282.5736
321.3667,286.2688,286.3276
321.4000,290.0916,290.0140
321.4333,293.9657,294.0080
321.4667,297.8885,298.0080
321.5000,301.8572,301.8270
321.5333,305.8693,305.8538
321.5667,309.9219,309.8952
321.6000,314.0122,313.9286
321.6333,318.1375,318.3074
321.6667,322.2949,322.3206
321.7000,326.4815,326.3206
321.7333,330.6946,330.7746
321.7667,334.9311,334.8882
321.8000,339.1883,338.9113
321.8333,343.4632,343.1405
321.8667,347.7528,347.7201
321.9000,352.0542,352.0128
321.9333,356.3646,356.5572
321.9667,360.6808,360.7654
322.0000,365.0000,364.9019
322.0333,369.3192,369.1133
322.0667,373.6354,373.4061
322.1000,377.9458,378.0068
322.1333,382.2472,382.2938
322.1667,386.5368,386.5057
322.2000,390.8117,390.9248
322.2333,395.0689,394.9815
322.2667,399.3054,398.9815
322.3000,403.5185,403.4386
322.3333,407.7051,407.6750
322.3667,411.8625,411.6750
322.4000,415.9878,415.6724
322.4333,420.0781,419.9592
322.4667,424.1307,423.9592
322.5000,428.1428,427.9592
322.5333,432.1115,431.9732
322.5667,436.0343,435.9732
322.6000,439.9084,439.7832
322.6333,443.7312,443.5665
322.6667,447.5000,447.1300
322.7000,451.2123,451.1300
322.7333,454.8654,455.0472
322.7667,458.4570,458.6724
322.8000,461.9846,461.9971
322.8333,465.4456,465.3231
322.8667,468.8379,469.0472
322.9000,472.1589,472.1505
322.9333,475.4066,475.4457
322.9667,478.5785,478.6960
323.0000,481.6726,481.4321
323.0333,484.6868,484.6960
323.0667,487.6189,487.4405
323.1000,490.4670,490.5956
323.1333,493.2291,492.9271
323.1667,495.9033,495.7024
323.2000,498.4878,498.5881
323.2333,500.9808,500.9299
323.2667,503.3806,503.4405
323.3000,505.6856,505.5920
323.3333,507.8942,507.8539
323.3667,510.0048,509.8539
323.4000,512.0161,511.8507
323.4333,513.9266,513.8539
323.4667,515.7350,515.5877
323.5000,517.4401,517.2555
323.5333,519.0408,519.0703
323.5667,520.5358,520.6064
323.6000,521.9243,521.8539
323.6333,523.2053,523.1840
323.6667,524.3778,524.4168
323.7000,525.4410,525.3793
323.7333,526.3944,526.3612
323.7667,527.2371,527.0589
323.8000,527.9686,527.9730
323.8333,528.5884,528.7756
323.8667,529.0961,529.3078
323.9000,529.4914,529.6322
323.9333,529.7739,529.6876
323.9667,529.9435,529.8282
324.0000,530.0000,529.8282
324.0333,529.9749,529.7932
324.0667,529.8995,529.7618
324.1000,529.7739,529.7341
324.1333,529.5981,529.5778
324.1667,529.3721,529.4305
324.2000,529.0961,529.2878
324.2333,528.7701,529.0312
324.2667,528.3942,528.6565
324.3000,527.9686,527.9730
324.3333,527.4933,527.4389
324.3667,526.9685,526.9151
324.4000,526.3944,526.4072
324.4333,525.7711,525.4964
324.4667,525.0988,524.9804
324.5000,524.3778,524.4072
324.5333,523.6082,523.4746
324.5667,522.7903,522.7279
324.6000,521.9243,521.6692
324.6333,521.0106,520.9507
324.6667,520.0493,519.6071
324.7000,519.0408,518.8266
324.7333,517.9853,517.5782
324.7667,516.8833,516.8665
324.8000,515.7350,515.5782
324.8333,514.5408,514.7436
324.8667,513.3010,513.0373
324.9000,512.0161,512.0007
324.9333,510.6864,510.7267
324.9667,509.3123,509.0215
325.0000,507.8942,507.5782
325.0333,506.4326,506.4897
325.0667,504.9279,504.8979
325.1000,503.3806,503.2786
325.1333,501.7912,501.4673
325.1667,500.1601,500.0007
325.2000,498.4878,498.5855
325.2333,496.7749,496.9286
325.2667,495.0218,494.9286
325.3000,493.2291,492.9286
325.3333,491.3973,491.1868
325.3667,489.5271,489.1868
325.4000,487.6189,487.4171
325.4333,485.6734,485.6436
325.4667,483.6911,483.6436
325.5000,481.6726,481.6101
325.5333,479.6186,479.4913
325.5667,477.5297,477.1868
325.6000,475.4066,475.1868
325.6333,473.2497,473.1052
325.6667,471.0600,471.1052
325.7000,468.8379,468.8194
325.7333,466.5841,466.8194
325.7667,464.2995,464.3586
325.8000,461.9846,461.7084
325.8333,459.6401,459.4628
325.8667,457.2668,457.1052
325.9000,454.8654,454.8194
325.9333,452.4367,452.3573
325.9667,449.9813,449.6872
326.0000,447.5000,447.2846
326.0333,444.9936,444.8998
326.0667,442.4628,442.3335
326.1000,439.9084,439.7084
326.1333,437.3312,437.2008
326.1667,434.7320,434.8191
326.2000,432.1115,432.0039
326.2333,429.4706,429.2846
326.2667,426.8101,426.7386
326.3000,424.1307,424.2522
326.3333,421.4333,421.2846
326.3667,418.7187,418.7386
326.4000,415.9878,415.6258
326.4333,413.2413,413.1412
326.4667,410.4802,410.7386
326.5000,407.7051,407.6041
326.5333,404.9171,404.7386
326.5667,402.1169,402.2522
326.6000,399.3054,399.2909
326.6333,396.4835,396.7386
326.6667,393.6519,393.4662
326.7000,390.8117,391.0466
326.7333,387.9636,387.9457
326.7667,385.1084,385.0466
326.8000,382.2472,382.1244
326.8333,379.3807,379.2000
326.8667,376.5098,376.6014
326.9000,373.6354,373.4692
326.9333,370.7584,370.7774
326.9667,367.8796,367.8348
327.0000,365.0000,364.9649
327.0333,362.1204,362.2522
327.0667,359.2416,359.0041
327.1000,356.3646,356.2522
327.1333,353.4902,353.2956
327.1667,350.6193,350.5905
327.2000,347.7528,347.4692
327.2333,344.8916,345.1278
327.2667,342.0364,341.8539
327.3000,339.1883,338.9943
327.3333,336.3481,336.3848
327.3667,333.5165,333.3882
327.4000,330.6946,330.7779
327.4333,327.8831,328.0725
327.4667,325.0829,324.9692
327.5000,322.2949,322.3954
327.5333,319.5198,319.3229
327.5667,316.7587,316.7774
327.6000,314.0122,313.8382
327.6333,311.2813,310.9692
327.6667,308.5667,308.5734
327.7000,305.8693,305.5590
327.7333,303.1899,302.9692
327.7667,300.5294,300.5734
327.8000,297.8885,297.5940
327.8333,295.2680,295.1331
327.8667,292.6688,292.7608
327.9000,290.0916,289.8301
327.9333,287.5372,287.3229
327.9667,285.0064,284.9362
328.0000,282.5000,282.4964
328.0333,280.0187,279.8382
328.0667,277.5633,277.3469
328.1000,275.1346,274.9692
328.1333,272.7332,272.5916
328.1667,270.3599,270.4661
328.2000,268.0154,267.8382
328.2333,265.7005,265.3325
328.2667,263.4159,262.9692
328.3000,261.1621,260.9692
328.3333,258.9400,258.9692
328.3667,256.7503,256.7182
328.4000,254.5934,254.5870
328.4333,252.4703,252.6087
328.4667,250.3814,250.6087
328.5000,248.3274,248.6118
328.5333,246.3089,246.6118
328.5667,244.3266,244.6118
328.6000,242.3811,242.6118
328.6333,240.4729,240.6118
328.6667,238.6027,238.6118
328.7000,236.7709,236.9692
328.7333,234.9782,234.9692
328.7667,233.2251,232.9692
328.8000,231.5122,231.3469
328.8333,229.8399,229.3469
328.8667,228.2088,227.9722
328.9000,226.6194,226.7869
328.9333,225.0721,224.9919
328.9667,223.5674,223.2509
329.0000,222.1058,222.1359
329.0333,220.6877,220.5703
329.0667,219.3136,219.1532
329.1000,217.9839,218.1389
329.1333,216.6990,216.7670
329.1667,215.4592,215.3469
329.2000,214.2650,214.1359
329.2333,213.1167,212.9692
329.2667,212.0147,212.1068
329.3000,210.9592,211.0352
329.3333,209.9507,210.1068
329.3667,208.9894,209.0352
329.4000,208.0757,208.0338
329.4333,207.2097,207.0352
329.4667,206.3918,206.5480
329.5000,205.6222,205.4370
329.5333,204.9012,205.0352
329.5667,204.2289,204.5480
329.6000,203.6056,203.5084
329.6333,203.0315,203.0352
329.6667,202.5067,202.6852
329.7000,202.0314,202.1061
329.7333,201.6058,201.4370
329.7667,201.2299,201.1876
329.8000,200.9039,200.9260
329.8333,200.6279,200.6566
329.8667,200.4019,200.5012
329.9000,200.2261,200.2856
329.9333,200.1005,200.2212
329.9667,200.0251,200.4097
330.0000,200.0000,199.7175
330.0333,200.0565,200.0248
330.0667,200.2261,200.2970
330.1000,200.5086,200.5736
330.1333,200.9039,201.0074
330.1667,201.4116,201.4603
330.2000,202.0314,202.0000
330.2333,202.7629,202.5614
330.2667,203.6056,203.4531
330.3000,204.5590,204.5614
330.3333,205.6222,205.4709
330.3667,206.7947,206.6399
330.4000,208.0757,208.0339
330.4333,209.4642,209.3148
330.4667,210.9592,211.0057
330.5000,212.5599,212.5614
330.5333,214.2650,214.0545
330.5667,216.0734,216.0351
330.6000,217.9839,218.0351
330.6333,219.9952,220.0312
330.6667,222.1058,222.0312
330.7000,224.3144,224.5110
330.7333,226.6194,226.8271
330.7667,229.0192,228.8271
330.8000,231.5122,231.2279
330.8333,234.0967,233.9186
330.8667,236.7709,236.8271
330.9000,239.5330,239.3057
330.9333,242.3811,242.4028
330.9667,245.3132,244.8443
331.0000,248.3274,248.3084
331.0333,251.4215,251.2360
331.0667,254.5934,254.7773
331.1000,257.8411,257.6207
331.1333,261.1621,260.9718
331.1667,264.5544,264.7616
331.2000,268.0154,267.9078
331.2333,271.5430,271.3628
331.2667,275.1346,274.9718
331.3000,278.7877,278.7843
331.3333,282.5000,282.5736
331.3667,286.2688,286.3276
331.4000,290.0916,290.0140
331.4333,293.9657,294.0080
331.4667,297.8885,298.0080
331.5000,301.8572,301.8270
331.5333,305.8693,305.8538
331.5667,309.9219,309.8952
331.6000,314.0122,313.9286
331.6333,318.1375,318.3074
331.6667,322.2949,322.3206
331.7000,326.4815,326.3206
331.7333,330.6946,330.7746
331.7667,334.9311,334.8882
331.8000,339.1883,338.9113
331.8333,343.4632,343.1405
331.8667,347.7528,347.7201
331.9000,352.0542,352.0128
331.9333,356.3646,356.5572
331.9667,360.6808,360.7654
332.0000,365.0000,364.9019
332.0333,369.3192,369.1133
332.0667,373.6354,373.4061
332.1000,377.9458,378.0068
332.1333,382.2472,382.2938
332.1667,386.5368,386.5057
332.2000,390.8117,390.9248
332.2333,395.0689,394.9815
332.2667,399.3054,398.9815
332.3000,403.5185,403.4386
332.3333,407.7051,407.6750
332.3667,411.8625,411.6750
332.4000,415.9878,415.6724
332.4333,420.0781,419.9592
332.4667,424.1307,423.9592
332.5000,428.1428,427.9592
332.5333,432.1115,431.9732
332.5667,436.0343,435.9732
332.6000,439.9084,439.7832
332.6333,443.7312,443.5665
332.6667,447.5000,447.1300
332.7000,451.2123,451.1300
332.7333,454.8654,455.0472
332.7667,458.4570,458.6724
332.8000,461.9846,461.9971
332.8333,465.4456,465.3231
332.8667,468.8379,469.0472
332.9000,472.1589,472.1505
332.9333,475.4066,475.4457
332.9667,478.5785,478.6960
333.0000,481.6726,481.4321
333.0333,484.6868,484.6960
333.0667,487.6189,487.4405
333.1000,490.4670,490.5956
333.1333,493.2291,492.9271
333.1667,495.9033,495.7024
333.2000,498.4878,498.5881
333.2333,500.9808,500.9299
333.2667,503.3806,503.4405
333.3000,505.6856,505.5920
333.3333,507.8942,507.8539
333.3667,510.0048,509.8539
333.4000,512.0161,511.8507
333.4333,513.9266,513.8539
333.4667,515.7350,515.5877
333.5000,517.4401,517.2555
333.5333,519.0408,519.0703
333.5667,520.5358,520.6064
333.6000,521.9243,521.8539
333.6333,523.2053,523.1840
333.6667,524.3778,524.4168
333.7000,525.4410,525.3793
333.7333,526.3944,526.3612
333.7667,527.2371,527.0589
333.8000,527.9686,527.9730
333.8333,528.5884,528.7756
333.8667,529.0961,529.3078
333.9000,529.4914,529.6322
333.9333,529.7739,529.6876
333.9667,529.9435,529.8282
334.0000,530.0000,529.8282
334.0333,529.9749,529.7932
334.0667,529.8995,529.7618
334.1000,529.7739,529.7341
334.1333,529.5981,529.5778
334.1667,529.3721,529.4305
334.2000,529.0961,529.2878
334.2333,528.7701,529.0312
334.2667,528.3942,528.6565
334.3000,527.9686,527.9730
334.3333,527.4933,527.4389
334.3667,526.9685,526.9151
334.4000,526.3944,526.4072
334.4333,525.7711,525.4964
334.4667,525.0988,524.9804
334.5000,524.3778,524.4072
334.5333,523.6082,523.4746
334.5667,522.7903,522.7279
334.6000,521.9243,521.6692
334.6333,521.0106,520.9507
334.6667,520.0493,519.6071
334.7000,519.0408,518.8266
334.7333,517.9853,517.5782
334.7667,516.8833,516.8665
334.8000,515.7350,515.5782
334.8333,514.5408,514.7436
334.8667,513.3010,513.0373
334.9000,512.0161,512.0007
334.9333,510.6864,510.7267
334.9667,509.3123,509.0215
335.0000,507.8942,507.5782
335.0333,506.4326,506.4897
335.0667,504.9279,504.8979
335.1000,503.3806,503.2786
335.1333,501.7912,501.4673
335.1667,500.1601,500.0007
335.2000,498.4878,498.5855
335.2333,496.7749,496.9286
335.2667,495.0218,494.9286
335.3000,493.2291,492.9286
335.3333,491.3973,491.1868
335.3667,489.5271,489.1868
335.4000,487.6189,487.4171
335.4333,485.6734,485.6436
335.4667,483.6911,483.6436
335.5000,481.6726,481.6101
335.5333,479.6186,479.4913
335.5667,477.5297,477.1868
335.6000,475.4066,475.1868
335.6333,473.2497,473.1052
335.6667,471.0600,471.1052
335.7000,468.8379,468.8194
335.7333,466.5841,466.8194
335.7667,464.2995,464.3586
335.8000,461.9846,461.7084
335.8333,459.6401,459.4628
335.8667,457.2668,457.1052
335.9000,454.8654,454.8194
335.9333,452.4367,452.3573
335.9667,449.9813,449.6872
336.0000,447.5000,447.2846
336.0333,444.9936,444.8998
336.0667,442.4628,442.3335
336.1000,439.9084,439.7084
336.1333,437.3312,437.2008
336.1667,434.7320,434.8191
336.2000,432.1115,432.0039
336.2333,429.4706,429.2846
336.2667,426.8101,426.7386
336.3000,424.1307,424.2522
336.3333,421.4333,421.2846
336.3667,418.7187,418.7386
336.4000,415.9878,415.6258
336.4333,413.2413,413.1412
336.4667,410.4802,410.7386
336.5000,407.7051,407.6041
336.5333,404.9171,404.7386
336.5667,402.1169,402.2522
336.6000,399.3054,399.2909
336.6333,396.4835,396.7386
336.6667,393.6519,393.4662
336.7000,390.8117,391.0466
336.7333,387.9636,387.9457
336.7667,385.1084,385.0466
336.8000,382.2472,382.1244
336.8333,379.3807,379.2000
336.8667,376.5098,376.6014
336.9000,373.6354,373.4692
336.9333,370.7584,370.7774
336.9667,367.8796,367.8348
337.0000,365.0000,364.9649
337.0333,362.1204,362.2522
337.0667,359.2416,359.0041
337.1000,356.3646,356.2522
337.1333,353.4902,353.2956
337.1667,350.6193,350.5905
337.2000,347.7528,347.4692
337.2333,344.8916,345.1278
337.2667,342.0364,341.8539
337.3000,339.1883,338.9943
337.3333,336.3481,336.3848
337.3667,333.5165,333.3882
337.4000,330.6946,330.7779
337.4333,327.8831,328.0725
337.4667,325.0829,324.9692
337.5000,322.2949,322.3954
337.5333,319.5198,319.3229
337.5667,316.7587,316.7774
337.6000,314.0122,313.8382
337.6333,311.2813,310.9692
337.6667,308.5667,308.5734
337.7000,305.8693,305.5590
337.7333,303.1899,302.9692
337.7667,300.5294,300.5734
337.8000,297.8885,297.5940
337.8333,295.2680,295.1331
337.8667,292.6688,292.7608
337.9000,290.0916,289.8301
337.9333,287.5372,287.3229
337.9667,285.0064,284.9362
338.0000,282.5000,282.4964
338.0333,280.0187,279.8382
338.0667,277.5633,277.3469
338.1000,275.1346,274.9692
338.1333,272.7332,272.5916
338.1667,270.3599,270.4661
338.2000,268.0154,267.8382
338.2333,265.7005,265.3325
338.2667,263.4159,262.9692
338.3000,261.1621,260.9692
338.3333,258.9400,258.9692
338.3667,256.7503,256.7182
338.4000,254.5934,254.5870
338.4333,252.4703,252.6087
338.4667,250.3814,250.6087
338.5000,248.3274,248.6118
338.5333,246.3089,246.6118
338.5667,244.3266,244.6118
338.6000,242.3811,242.6118
338.6333,240.4729,240.6118
338.6667,238.6027,238.6118
338.7000,236.7709,236.9692
338.7333,234.9782,234.9692
338.7667,233.2251,232.9692
338.8000,231.5122,231.3469
338.8333,229.8399,229.3469
338.8667,228.2088,227.9722
338.9000,226.6194,226.7869
338.9333,225.0721,224.9919
338.9667,223.5674,223.2509
339.0000,222.1058,222.1359
339.0333,220.6877,220.5703
339.0667,219.3136,219.1532
339.1000,217.9839,218.1389
339.1333,216.6990,216.7670
339.1667,215.4592,215.3469
339.2000,214.2650,214.1359
339.2333,213.1167,212.9692
339.2667,212.0147,212.1068
339.3000,210.9592,211.0352
339.3333,209.9507,210.1068
339.3667,208.9894,209.0352
339.4000,208.0757,208.0338
339.4333,207.2097,207.0352
339.4667,206.3918,206.5480
339.5000,205.6222,205.4370
339.5333,204.9012,205.0352
339.5667,204.2289,204.5480
339.6000,203.6056,203.5084
339.6333,203.0315,203.0352
339.6667,202.5067,202.6852
339.7000,202.0314,202.1061
339.7333,201.6058,201.4370
339.7667,201.2299,201.1876
339.8000,200.9039,200.9260
339.8333,200.6279,200.6566
339.8667,200.4019,200.5012
339.9000,200.2261,200.2856
339.9333,200.1005,200.2212
339.9667,200.0251,200.4097
340.0000,200.0000,199.7175
340.0333,200.0565,200.0248
340.0667,200.2261,200.2970
340.1000,200.5086,200.5736
340.1333,200.9039,201.0074
340.1667,201.4116,201.4603
340.2000,202.0314,202.0000
340.2333,202.7629,202.5614
340.2667,203.6056,203.4531
340.3000,204.5590,204.5614
340.3333,205.6222,205.4709
340.3667,206.7947,206.6399
340.4000,208.0757,208.0339
340.4333,209.4642,209.3148
340.4667,210.9592,211.0057
340.5000,212.5599,212.5614
340.5333,214.2650,214.0545
340.5667,216.0734,216.0351
340.6000,217.9839,218.0351
340.6333,219.9952,220.0312
340.6667,222.1058,222.0312
340.7000,224.3144,224.5110
340.7333,226.6194,226.8271
340.7667,229.0192,228.8271
340.8000,231.5122,231.2279
340.8333,234.0967,233.9186
340.8667,236.7709,236.8271
340.9000,239.5330,239.3057
340.9333,242.3811,242.4028
340.9667,245.3132,244.8443
341.0000,248.3274,248.3084
341.0333,251.4215,251.2360
341.0667,254.5934,254.7773
341.1000,257.8411,257.6207
341.1333,261.1621,260.9718
341.1667,264.5544,264.7616
341.2000,268.0154,267.9078
341.2333,271.5430,271.3628
341.2667,275.1346,274.9718
341.3000,278.7877,278.7843
341.3333,282.5000,282.5736
341.3667,286.2688,286.3276
341.4000,290.0916,290.0140
341.4333,293.9657,294.0080
341.4667,297.8885,298.0080
341.5000,301.8572,301.8270
341.5333,305.8693,305.8538
341.5667,309.9219,309.8952
341.6000,314.0122,313.9286
341.6333,318.1375,318.3074
341.6667,322.2949,322.3206
341.7000,326.4815,326.3206
341.7333,330.6946,330.7746
341.7667,334.9311,334.8882
341.8000,339.1883,338.9113
341.8333,343.4632,343.1405
341.8667,347.7528,347.7201
341.9000,352.0542,352.0128
341.9333,356.3646,356.5572
341.9667,360.6808,360.7654
342.0000,365.0000,364.9019
342.0333,369.3192,369.1133
342.0667,373.6354,373.4061
342.1000,377.9458,378.0068
342.1333,382.2472,382.2938
342.1667,386.5368,386.5057
342.2000,390.8117,390.9248
342.2333,395.0689,394.9815
342.2667,399.3054,398.9815
342.3000,403.5185,403.4386
342.3333,407.7051,407.6750
342.3667,411.8625,411.6750
342.4000,415.9878,415.6724
342.4333,420.0781,419.9592
342.4667,424.1307,423.9592
342.5000,428.1428,427.9592
342.5333,432.1115,431.9732
342.5667,436.0343,435.9732
342.6000,439.9084,439.7832
342.6333,443.7312,443.5665
342.6667,447.5000,447.1300
342.7000,451.2123,451.1300
342.7333,454.8654,455.0472
342.7667,458.4570,458.6724
342.8000,461.9846,461.9971
342.8333,465.4456,465.3231
342.8667,468.8379,469.0472
342.9000,472.1589,472.1505
342.9333,475.4066,475.4457
342.9667,478.5785,478.6960
343.0000,481.6726,481.4321
343.0333,484.6868,484.6960
343.0667,487.6189,487.4405
343.1000,490.4670,490.5956
343.1333,493.2291,492.9271
343.1667,495.9033,495.7024
343.2000,498.4878,498.5881
343.2333,500.9808,500.9299
343.2667,503.3806,503.4405
343.3000,505.6856,505.5920
343.3333,507.8942,507.8539
343.3667,510.0048,509.8539
343.4000,512.0161,511.8507
343.4333,513.9266,513.8539
343.4667,515.7350,515.5877
343.5000,517.4401,517.2555
343.5333,519.0408,519.0703
343.5667,520.5358,520.6064
343.6000,521.9243,521.8539
343.6333,523.2053,523.1840
343.6667,524.3778,524.4168
343.7000,525.4410,525.3793
343.7333,526.3944,526.3612
343.7667,527.2371,527.0589
343.8000,527.9686,527.9730
343.8333,528.5884,528.7756
343.8667,529.0961,529.3078
343.9000,529.4914,529.6322
343.9333,529.7739,529.6876
343.9667,529.9435,529.8282
344.0000,530.0000,529.8282
344.0333,529.9749,529.7932
344.0667,529.8995,529.7618
344.1000,529.7739,529.7341
344.1333,529.5981,529.5778
344.1667,529.3721,529.4305
344.2000,529.0961,529.2878
344.2333,528.7701,529.0312
344.2667,528.3942,528.6565
344.3000,527.9686,527.9730
344.3333,527.4933,527.4389
344.3667,526.9685,526.9151
344.4000,526.3944,526.4072
344.4333,525.7711,525.4964
344.4667,525.0988,524.9804
344.5000,524.3778,524.4072
344.5333,523.6082,523.4746
344.5667,522.7903,522.7279
344.6000,521.9243,521.6692
344.6333,521.0106,520.9507
344.6667,520.0493,519.6071
344.7000,519.0408,518.8266
344.7333,517.9853,517.5782
344.7667,516.8833,516.8665
344.8000,515.7350,515.5782
344.8333,514.5408,514.7436
344.8667,513.3010,513.0373
344.9000,512.0161,512.0007
344.9333,510.6864,510.7267
344.9667,509.3123,509.0215
345.0000,507.8942,507.5782
345.0333,506.4326,506.4897
345.0667,504.9279,504.8979
345.1000,503.3806,503.2786
345.1333,501.7912,501.4673
345.1667,500.1601,500.0007
345.2000,498.4878,498.5855
345.2333,496.7749,496.9286
345.2667,495.0218,494.9286
345.3000,493.2291,492.9286
345.3333,491.3973,491.1868
345.3667,489.5271,489.1868
345.4000,487.6189,487.4171
345.4333,485.6734,485.6436
345.4667,483.6911,483.6436
345.5000,481.6726,481.6101
345.5333,479.6186,479.4913
345.5667,477.5297,477.1868
345.6000,475.4066,475.1868
345.6333,473.2497,473.1052
345.6667,471.0600,471.1052
345.7000,468.8379,468.8194
345.7333,466.5841,466.8194
345.7667,464.2995,464.3586
345.8000,461.9846,461.7084
345.8333,459.6401,459.4628
345.8667,457.2668,457.1052
345.9000,454.8654,454.8194
345.9333,452.4367,452.3573
345.9667,449.9813,449.6872
346.0000,447.5000,447.2846
346.0333,444.9936,444.8998
346.0667,442.4628,442.3335
346.1000,439.9084,439.7084
346.1333,437.3312,437.2008
346.1667,434.7320,434.8191
346.2000,432.1115,432.0039
346.2333,429.4706,429.2846
346.2667,426.8101,426.7386
346.3000,424.1307,424.2522
346.3333,421.4333,421.2846
346.3667,418.7187,418.7386
346.4000,415.9878,415.6258
346.4333,413.2413,413.1412
346.4667,410.4802,410.7386
346.5000,407.7051,407.6041
346.5333,404.9171,404.7386
346.5667,402.1169,402.2522
346.6000,399.3054,399.2909
346.6333,396.4835,396.7386
346.6667,393.6519,393.4662
346.7000,390.8117,391.0466
346.7333,387.9636,387.9457
346.7667,385.1084,385.0466
346.8000,382.2472,382.1244
346.8333,379.3807,379.2000
346.8667,376.5098,376.6014
346.9000,373.6354,373.4692
346.9333,370.7584,370.7774
346.9667,367.8796,367.8348
347.0000,365.0000,364.9649
347.0333,362.1204,362.2522
347.0667,359.2416,359.0041
347.1000,356.3646,356.2522
347.1333,353.4902,353.2956
347.1667,350.6193,350.5905
347.2000,347.7528,347.4692
347.2333,344.8916,345.1278
347.2667,342.0364,341.8539
347.3000,339.1883,338.9943
347.3333,336.3481,336.3848
347.3667,333.5165,333.3882
347.4000,330.6946,330.7779
347.4333,327.8831,328.0725
347.4667,325.0829,324.9692
347.5000,322.2949,322.3954
347.5333,319.5198,319.3229
347.5667,316.7587,316.7774
347.6000,314.0122,313.8382
347.6333,311.2813,310.9692
347.6667,308.5667,308.5734
347.7000,305.8693,305.5590
347.7333,303.1899,302.9692
347.7667,300.5294,300.5734
347.8000,297.8885,297.5940
347.8333,295.2680,295.1331
347.8667,292.6688,292.7608
347.9000,290.0916,289.8301
347.9333,287.5372,287.3229
347.9667,285.0064,284.9362
348.0000,282.5000,282.4964
348.0333,280.0187,279.8382
348.0667,277.5633,277.3469
348.1000,275.1346,274.9692
348.1333,272.7332,272.5916
348.1667,270.3599,270.4661
348.2000,268.0154,267.8382
348.2333,265.7005,265.3325
348.2667,263.4159,262.9692
348.3000,261.1621,260.9692
348.3333,258.9400,258.9692
348.3667,256.7503,256.7182
348.4000,254.5934,254.5870
348.4333,252.4703,252.6087
348.4667,250.3814,250.6087
348.5000,248.3274,248.6118
348.5333,246.3089,246.6118
348.5667,244.3266,244.6118
348.6000,242.3811,242.6118
348.6333,240.4729,240.6118
348.6667,238.6027,238.6118
348.7000,236.7709,236.9692
348.7333,234.9782,234.9692
348.7667,233.2251,232.9692
348.8000,231.5122,231.3469
348.8333,229.8399,229.3469
348.8667,228.2088,227.9722
348.9000,226.6194,226.7869
348.9333,225.0721,224.9919
348.9667,223.5674,223.2509
349.0000,222.1058,222.1359
349.0333,220.6877,220.5703
349.0667,219.3136,219.1532
349.1000,217.9839,218.1389
349.1333,216.6990,216.7670
349.1667,215.4592,215.3469
349.2000,214.2650,214.1359
349.2333,213.1167,212.9692
349.2667,212.0147,212.1068
349.3000,210.9592,211.0352
349.3333,209.9507,210.1068
349.3667,208.9894,209.0352
349.4000,208.0757,208.0338
349.4333,207.2097,207.0352
349.4667,206.3918,206.5480
349.5000,205.6222,205.4370
349.5333,204.9012,205.0352
349.5667,204.2289,204.5480
349.6000,203.6056,203.5084
349.6333,203.0315,203.0352
349.6667,202.5067,202.6852
349.7000,202.0314,202.1061
349.7333,201.6058,201.4370
349.7667,201.2299,201.1876
349.8000,200.9039,200.9260
349.8333,200.6279,200.6566
349.8667,200.4019,200.5012
349.9000,200.2261,200.2856
349.9333,200.1005,200.2212
349.9667,200.0251,200.4097
350.0000,200.0000,199.7175
350.0333,200.0565,200.0248
350.0667,200.2261,200.2970
350.1000,200.5086,200.5736
350.1333,200.9039,201.0074
350.1667,201.4116,201.4603
350.2000,202.0314,202.0000
350.2333,202.7629,202.5614
350.2667,203.6056,203.4531
350.3000,204.5590,204.5614
350.3333,205.6222,205.4709
350.3667,206.7947,206.6399
350.4000,208.0757,208.0339
350.4333,209.4642,209.3148
350.4667,210.9592,211.0057
350.5000,212.5599,212.5614
350.5333,214.2650,214.0545
350.5667,216.0734,216.0351
350.6000,217.9839,218.0351
350.6333,219.9952,220.0312
350.6667,222.1058,222.0312
350.7000,224.3144,224.5110
350.7333,226.6194,226.8271
350.7667,229.0192,228.8271
350.8000,231.5122,231.2279
350.8333,234.0967,233.9186
350.8667,236.7709,236.8271
350.9000,239.5330,239.3057
350.9333,242.3811,242.4028
350.9667,245.3132,244.8443
351.0000,248.3274,248.3084
351.0333,251.4215,251.2360
351.0667,254.5934,254.7773
351.1000,257.8411,257.6207
351.1333,261.1621,260.9718
351.1667,264.5544,264.7616
351.2000,268.0154,267.9078
351.2333,271.5430,271.3628
351.2667,275.1346,274.9718
351.3000,278.7877,278.7843
351.3333,282.5000,282.5736
351.3667,286.2688,286.3276
351.4000,290.0916,290.0140
351.4333,293.9657,294.0080
351.4667,297.8885,298.0080
351.5000,301.8572,301.8270
351.5333,305.8693,305.8538
351.5667,309.9219,309.8952
351.6000,314.0122,313.9286
351.6333,318.1375,318.3074
351.6667,322.2949,322.3206
351.7000,326.4815,326.3206
351.7333,330.6946,330.7746
351.7667,334.9311,334.8882
351.8000,339.1883,338.9113
351.8333,343.4632,343.1405
351.8667,347.7528,347.7201
351.9000,352.0542,352.0128
351.9333,356.3646,356.5572
351.9667,360.6808,360.7654
352.0000,365.0000,364.9019
352.0333,369.3192,369.1133
352.0667,373.6354,373.4061
352.1000,377.9458,378.0068
352.1333,382.2472,382.2938
352.1667,386.5368,386.5057
352.2000,390.8117,390.9248
352.2333,395.0689,394.9815
352.2667,399.3054,398.9815
352.3000,403.5185,403.4386
352.3333,407.7051,407.6750
352.3667,411.8625,411.6750
352.4000,415.9878,415.6724
352.4333,420.0781,419.9592
352.4667,424.1307,423.9592
352.5000,428.1428,427.9592
352.5333,432.1115,431.9732
352.5667,436.0343,435.9732
352.6000,439.9084,439.7832
352.6333,443.7312,443.5665
352.6667,447.5000,447.1300
352.7000,451.2123,451.1300
352.7333,454.8654,455.0472
352.7667,458.4570,458.6724
352.8000,461.9846,461.9971
352.8333,465.4456,465.3231
352.8667,468.8379,469.0472
352.9000,472.1589,472.1505
352.9333,475.4066,475.4457
352.9667,478.5785,478.6960
353.0000,481.6726,481.4321
353.0333,484.6868,484.6960
353.0667,487.6189,487.4405
353.1000,490.4670,490.5956
353.1333,493.2291,492.9271
353.1667,495.9033,495.7024
353.2000,498.4878,498.5881
353.2333,500.9808,500.9299
353.2667,503.3806,503.4405
353.3000,505.6856,505.5920
353.3333,507.8942,507.8539
353.3667,510.0048,509.8539
353.4000,512.0161,511.8507
353.4333,513.9266,513.8539
353.4667,515.7350,515.5877
353.5000,517.4401,517.2555
353.5333,519.0408,519.0703
353.5667,520.5358,520.6064
353.6000,521.9243,521.8539
353.6333,523.2053,523.1840
353.6667,524.3778,524.4168
353.7000,525.4410,525.3793
353.7333,526.3944,526.3612
353.7667,527.2371,527.0589
353.8000,527.9686,527.9730
353.8333,528.5884,528.7756
353.8667,529.0961,529.3078
353.9000,529.4914,529.6322
353.9333,529.7739,529.6876
353.9667,529.9435,529.8282
354.0000,530.0000,529.8282
354.0333,529.9749,529.7932
354.0667,529.8995,529.7618
354.1000,529.7739,529.7341
354.1333,529.5981,529.5778
354.1667,529.3721,529.4305
354.2000,529.0961,529.2878
354.2333,528.7701,529.0312
354.2667,528.3942,528.6565
354.3000,527.9686,527.9730
354.3333,527.4933,527.4389
354.3667,526.9685,526.9151
354.4000,526.3944,526.4072
354.4333,525.7711,525.4964
354.4667,525.0988,524.9804
354.5000,524.3778,524.4072
354.5333,523.6082,523.4746
354.5667,522.7903,522.7279
354.6000,521.9243,521.6692
354.6333,521.0106,520.9507
354.6667,520.0493,519.6071
354.7000,519.0408,518.8266
354.7333,517.9853,517.5782
354.7667,516.8833,516.8665
354.8000,515.7350,515.5782
354.8333,514.5408,514.7436
354.8667,513.3010,513.0373
354.9000,512.0161,512.0007
354.9333,510.6864,510.7267
354.9667,509.3123,509.0215
355.0000,507.8942,507.5782
355.0333,506.4326,506.4897
355.0667,504.9279,504.8979
355.1000,503.3806,503.2786
355.1333,501.7912,501.4673
355.1667,500.1601,500.0007
355.2000,498.4878,498.5855
355.2333,496.7749,496.9286
355.2667,495.0218,494.9286
355.3000,493.2291,492.9286
355.3333,491.3973,491.1868
355.3667,489.5271,489.1868
355.4000,487.6189,487.4171
355.4333,485.6734,485.6436
355.4667,483.6911,483.6436
355.5000,481.6726,481.6101
355.5333,479.6186,479.4913
355.5667,477.5297,477.1868
355.6000,475.4066,475.1868
355.6333,473.2497,473.1052
355.6667,471.0600,471.1052
355.7000,468.8379,468.8194
355.7333,466.5841,466.8194
355.7667,464.2995,464.3586
355.8000,461.9846,461.7084
355.8333,459.6401,459.4628
355.8667,457.2668,457.1052
355.9000,454.8654,454.8194
355.9333,452.4367,452.3573
355.9667,449.9813,449.6872
356.0000,447.5000,447.2846
356.0333,444.9936,444.8998
356.0667,442.4628,442.3335
356.1000,439.9084,439.7084
356.1333,437.3312,437.2008
356.1667,434.7320,434.8191
356.2000,432.1115,432.0039
356.2333,429.4706,429.2846
356.2667,426.8101,426.7386
356.3000,424.1307,424.2522
356.3333,421.4333,421.2846
356.3667,418.7187,418.7386
356.4000,415.9878,415.6258
356.4333,413.2413,413.1412
356.4667,410.4802,410.7386
356.5000,407.7051,407.6041
356.5333,404.9171,404.7386
356.5667,402.1169,402.2522
356.6000,399.3054,399.2909
356.6333,396.4835,396.7386
356.6667,393.6519,393.4662
356.7000,390.8117,391.0466
356.7333,387.9636,387.9457
356.7667,385.1084,385.0466
356.8000,382.2472,382.1244
356.8333,379.3807,379.2000
356.8667,376.5098,376.6014
356.9000,373.6354,373.4692
356.9333,370.7584,370.7774
356.9667,367.8796,367.8348
357.0000,365.0000,364.9649
357.0333,362.1204,362.2522
357.0667,359.2416,359.0041
357.1000,356.3646,356.2522
357.1333,353.4902,353.2956
357.1667,350.6193,350.5905
357.2000,347.7528,347.4692
357.2333,344.8916,345.1278
357.2667,342.0364,341.8539
357.3000,339.1883,338.9943
357.3333,336.3481,336.3848
357.3667,333.5165,333.3882
357.4000,330.6946,330.7779
357.4333,327.8831,328.0725
357.4667,325.0829,324.9692
357.5000,322.2949,322.3954
357.5333,319.5198,319.3229
357.5667,316.7587,316.7774
357.6000,314.0122,313.8382
357.6333,311.2813,310.9692
357.6667,308.5667,308.5734
357.7000,305.8693,305.5590
357.7333,303.1899,302.9692
357.7667,300.5294,300.5734
357.8000,297.8885,297.5940
357.8333,295.2680,295.1331
357.8667,292.6688,292.7608
357.9000,290.0916,289.8301
357.9333,287.5372,287.3229
357.9667,285.0064,284.9362
358.0000,282.5000,282.4964
358.0333,280.0187,279.8382
358.0667,277.5633,277.3469
358.1000,275.1346,274.9692
358.1333,272.7332,272.5916
358.1667,270.3599,270.4661
358.2000,268.0154,267.8382
358.2333,265.7005,265.3325
358.2667,263.4159,262.9692
358.3000,261.1621,260.9692
358.3333,258.9400,258.9692
358.3667,256.7503,256.7182
358.4000,254.5934,254.5870
358.4333,252.4703,252.6087
358.4667,250.3814,250.6087
358.5000,248.3274,248.6118
358.5333,246.3089,246.6118
358.5667,244.3266,244.6118
358.6000,242.3811,242.6118
358.6333,240.4729,240.6118
358.6667,238.6027,238.6118
358.7000,236.7709,236.9692
358.7333,234.9782,234.9692
358.7667,233.2251,232.9692
358.8000,231.5122,231.3469
358.8333,229.8399,229.3469
358.8667,228.2088,227.9722
358.9000,226.6194,226.7869
358.9333,225.0721,224.9919
358.9667,223.5674,223.2509
359.0000,222.1058,222.1359
359.0333,220.6877,220.5703
359.0667,219.3136,219.1532
359.1000,217.9839,218.1389
359.1333,216.6990,216.7670
359.1667,215.4592,215.3469
359.2000,214.2650,214.1359
359.2333,213.1167,212.9692
359.2667,212.0147,212.1068
359.3000,210.9592,211.0352
359.3333,209.9507,210.1068
359.3667,208.9894,209.0352
359.4000,208.0757,208.0338
359.4333,207.2097,207.0352
359.4667,206.3918,206.5480
359.5000,205.6222,205.4370
359.5333,204.9012,205.0352
359.5667,204.2289,204.5480
359.6000,203.6056,203.5084
359.6333,203.0315,203.0352
359.6667,202.5067,202.6852
359.7000,202.0314,202.1061
359.7333,201.6058,201.4370
359.7667,201.2299,201.1876
359.8000,200.9039,200.9260
359.8333,200.6279,200.6566
359.8667,200.4019,200.5012
359.9000,200.2261,200.2856
359.9333,200.1005,200.2212
359.9667,200.0251,200.4097
360.0000,200.0000,199.7175
360.0333,200.0565,200.0248
360.0667,200.2261,200.2970
360.1000,200.5086,200.5736
360.1333,200.9039,201.0074
360.1667,201.4116,201.4603
360.2000,202.0314,202.0000
360.2333,202.7629,202.5614
360.2667,203.6056,203.4531
360.3000,204.5590,204.5614
360.3333,205.6222,205.4709
360.3667,206.7947,206.6399
360.4000,208.0757,208.0339
360.4333,209.4642,209.3148
360.4667,210.9592,211.0057
360.5000,212.5599,212.5614
360.5333,214.2650,214.0545
360.5667,216.0734,216.0351
360.6000,217.9839,218.0351
360.6333,219.9952,220.0312
360.6667,222.1058,222.0312
360.7000,224.3144,224.5110
360.7333,226.6194,226.8271
360.7667,229.0192,228.8271
360.8000,231.5122,231.2360
360.8333,234.0967,233.9186
360.8667,236.7709,236.8271
360.9000,239.5330,239.2259
360.9333,242.3811,242.3956
360.9667,245.3132,245.0450
361.0000,248.3274,248.3956
361.0333,251.4215,251.1599
361.0667,254.5934,254.5400
361.1000,257.8411,257.6573
361.1333,261.1621,260.9417
361.1667,264.5544,264.5400
361.2000,268.0154,268.0188
361.2333,271.5430,271.4336
361.2667,275.1346,274.9417
361.3000,278.7877,278.7468
361.3333,282.5000,282.5400
361.3667,286.2688,286.2895
361.4000,290.0916,290.0000
361.4333,293.9657,293.9860
361.4667,297.8885,297.6866
361.5000,301.8572,301.6597
361.5333,305.8693,305.6597
361.5667,309.9219,309.6866
361.6000,314.0122,313.6866
361.6333,318.1375,318.2653
361.6667,322.2949,322.2718
361.7000,326.4815,326.5127
361.7333,330.6946,330.7543
361.7667,334.9311,334.9375
361.8000,339.1883,339.1712
361.8333,343.4632,343.6483
361.8667,347.7528,347.6623
361.9000,352.0542,352.0882
361.9333,356.3646,356.5457
361.9667,360.6808,360.7543
362.0000,365.0000,364.9375
362.0333,369.3192,369.0000
362.0667,373.6354,373.4763
362.1000,377.9458,378.0370
362.1333,382.2472,381.8750
362.1667,386.5368,386.7055
362.2000,390.8117,390.9133
362.2333,395.0689,395.0804
362.2667,399.3054,399.0856
362.3000,403.5185,403.3869
362.3333,407.7051,407.5264
362.3667,411.8625,411.5264
362.4000,415.9878,415.8537
362.4333,420.0781,420.1622
362.4667,424.1307,424.1622
362.5000,428.1428,428.1622
362.5333,432.1115,432.1622
362.5667,436.0343,435.7940
362.6000,439.9084,439.7940
362.6333,443.7312,443.5400
362.6667,447.5000,447.2955
362.7000,451.2123,451.2955
362.7333,454.8654,454.9142
362.7667,458.4570,458.4238
362.8000,461.9846,461.8553
362.8333,465.4456,465.3117
362.8667,468.8379,468.9142
362.9000,472.1589,472.1602
362.9333,475.4066,475.2573
362.9667,478.5785,478.8299
363.0000,481.6726,481.3493
363.0333,484.6868,484.8299
363.0667,487.6189,487.2573
363.1000,490.4670,490.5530
363.1333,493.2291,493.1478
363.1667,495.9033,495.7062
363.2000,498.4878,498.3741
363.2333,500.9808,500.8564
363.2667,503.3806,503.2373
363.3000,505.6856,505.4820
363.3333,507.8942,507.7104
363.3667,510.0048,509.7104
363.4000,512.0161,511.7104
363.4333,513.9266,513.7104
363.4667,515.7350,515.7104
363.5000,517.4401,517.2373
363.5333,519.0408,519.0792
363.5667,520.5358,520.6085
363.6000,521.9243,521.7104
363.6333,523.2053,523.2373
363.6667,524.3778,524.3678
363.7000,525.4410,525.2373
363.7333,526.3944,526.1919
363.7667,527.2371,527.1445
363.8000,527.9686,527.8934
363.8333,528.5884,528.8944
363.8667,529.0961,529.2849
363.9000,529.4914,529.7195
363.9333,529.7739,529.9144
363.9667,529.9435,530.1419
364.0000,530.0000,530.3557
364.0333,529.9749,530.1267
364.0667,529.8995,529.8789
364.1000,529.7739,529.6643
364.1333,529.5981,529.6643
364.1667,529.3721,529.3296
364.2000,529.0961,529.1824
364.2333,528.7701,529.0502
364.2667,528.3942,528.5753
364.3000,527.9686,527.8934
364.3333,527.4933,527.3813
364.3667,526.9685,526.9249
364.4000,526.3944,526.4907
364.4333,525.7711,525.5954
364.4667,525.0988,525.1817
364.5000,524.3778,524.4793
364.5333,523.6082,523.4993
364.5667,522.7903,522.7912
364.6000,521.9243,521.4993
364.6333,521.0106,521.0923
364.6667,520.0493,519.7961
364.7000,519.0408,518.8648
364.7333,517.9853,518.2237
364.7667,516.8833,516.8672
364.8000,515.7350,515.5343
364.8333,514.5408,514.6958
364.8667,513.3010,513.0332
364.9000,512.0161,511.7989
364.9333,510.6864,510.7776
364.9667,509.3123,509.0824
365.0000,507.8942,507.7997
365.0333,506.4326,506.5880
365.0667,504.9279,504.9662
365.1000,503.3806,503.1603
365.1333,501.7912,501.8392
365.1667,500.1601,500.1317
365.2000,498.4878,498.6151
365.2333,496.7749,496.8159
365.2667,495.0218,495.0000
365.3000,493.2291,493.0000
365.3333,491.3973,491.1550
365.3667,489.5271,489.1550
365.4000,487.6189,487.1550
365.4333,485.6734,485.5947
365.4667,483.6911,483.5947
365.5000,481.6726,481.4561
365.5333,479.6186,479.2447
365.5667,477.5297,477.1550
365.6000,475.4066,475.1508
365.6333,473.2497,473.0697
365.6667,471.0600,470.8972
365.7000,468.8379,468.8972
365.7333,466.5841,466.7132
365.7667,464.2995,464.2553
365.8000,461.9846,461.6223
365.8333,459.6401,459.6223
365.8667,457.2668,457.0697
365.9000,454.8654,454.8972
365.9333,452.4367,452.4958
365.9667,449.9813,449.6223
366.0000,447.5000,447.2219
366.0333,444.9936,444.8972
366.0667,442.4628,442.4958
366.1000,439.9084,439.6223
366.1333,437.3312,437.2219
366.1667,434.7320,434.8604
366.2000,432.1115,432.0552
366.2333,429.4706,429.2219
366.2667,426.8101,426.8604
366.3000,424.1307,424.0552
366.3333,421.4333,421.2219
366.3667,418.7187,418.8604
366.4000,415.9878,415.7956
366.4333,413.2413,413.2208
366.4667,410.4802,410.6263
366.5000,407.7051,407.7796
366.5333,404.9171,404.8604
366.5667,402.1169,402.3856
366.6000,399.3054,399.0905
366.6333,396.4835,396.3856
366.6667,393.6519,393.4614
366.7000,390.8117,390.7987
366.7333,387.9636,387.6535
366.7667,385.1084,385.0500
366.8000,382.2472,382.2794
366.8333,379.3807,379.0500
366.8667,376.5098,376.6961
366.9000,373.6354,373.2431
366.9333,370.7584,370.6889
366.9667,367.8796,367.7420
367.0000,365.0000,365.0600
367.0333,362.1204,362.0769
367.0667,359.2416,359.0600
367.1000,356.3646,356.5865
367.1333,353.4902,353.1678
367.1667,350.6193,350.6573
367.2000,347.7528,347.5587
367.2333,344.8916,345.1220
367.2667,342.0364,342.1019
367.3000,339.1883,339.1220
367.3333,336.3481,336.4686
367.3667,333.5165,333.4612
367.4000,330.6946,330.6668
367.4333,327.8831,327.8266
367.4667,325.0829,325.0041
367.5000,322.2949,322.0970
367.5333,319.5198,319.3655
367.5667,316.7587,316.7921
367.6000,314.0122,313.9315
367.6333,311.2813,311.0041
367.6667,308.5667,308.6187
367.7000,305.8693,305.3958
367.7333,303.1899,303.0041
367.7667,300.5294,300.6187
367.8000,297.8885,297.3958
367.8333,295.2680,295.0041
367.8667,292.6688,292.6187
367.9000,290.0916,289.9315
367.9333,287.5372,287.3655
367.9667,285.0064,285.0041
368.0000,282.5000,282.5412
368.0333,280.0187,279.9315
368.0667,277.5633,277.3655
368.1000,275.1346,275.0041
368.1333,272.7332,272.6187
368.1667,270.3599,270.5075
368.2000,268.0154,267.9315
368.2333,265.7005,265.3994
368.2667,263.4159,263.0041
368.3000,261.1621,261.0041
368.3333,258.9400,259.0041
368.3667,256.7503,256.7748
368.4000,254.5934,254.7994
368.4333,252.4703,252.6061
368.4667,250.3814,250.6061
368.5000,248.3274,248.6061
368.5333,246.3089,246.5977
368.5667,244.3266,244.5977
368.6000,242.3811,242.5977
368.6333,240.4729,240.6288
368.6667,238.6027,238.6288
368.7000,236.7709,237.0041
368.7333,234.9782,235.0041
368.7667,233.2251,233.0041
368.8000,231.5122,231.1970
368.8333,229.8399,229.4492
368.8667,228.2088,228.0694
368.9000,226.6194,226.6275
368.9333,225.0721,224.9696
368.9667,223.5674,223.3482
369.0000,222.1058,222.1313
369.0333,220.6877,220.6345
369.0667,219.3136,219.0294
369.1000,217.9839,218.0454
369.1333,216.6990,216.6187
369.1667,215.4592,215.1970
369.2000,214.2650,214.1313
369.2333,213.1167,213.0041
369.2667,212.0147,212.1014
369.3000,210.9592,211.0041
369.3333,209.9507,209.9245
369.3667,208.9894,209.0041
369.4000,208.0757,207.9245
369.4333,207.2097,207.0041
369.4667,206.3918,206.5286
369.5000,205.6222,205.3830
369.5333,204.9012,204.9613
369.5667,204.2289,204.0202
369.6000,203.6056,203.3914
369.6333,203.0315,202.9941
369.6667,202.5067,202.5580
369.7000,202.0314,201.9245
369.7333,201.6058,201.5115
369.7667,201.2299,201.0041
369.8000,200.9039,201.0041
369.8333,200.6279,200.7824
369.8667,200.4019,200.4462
369.9000,200.2261,199.9245
369.9333,200.1005,199.9245
369.9667,200.0251,199.9245
370.0000,200.0000,199.6422
370.0333,200.0565,199.9057
370.0667,200.2261,200.2006
370.1000,200.5086,200.4698
370.1333,200.9039,200.8965
370.1667,201.4116,201.3709
370.2000,202.0314,201.9180
370.2333,202.7629,202.6921
370.2667,203.6056,203.4869
370.3000,204.5590,204.4856
370.3333,205.6222,205.3661
370.3667,206.7947,206.6003
370.4000,208.0757,207.9254
370.4333,209.4642,209.2288
370.4667,210.9592,210.9286
370.5000,212.5599,212.4856
370.5333,214.2650,214.2319
370.5667,216.0734,215.9254
370.6000,217.9839,217.9254
370.6333,219.9952,219.9254
370.6667,222.1058,221.9254
370.7000,224.3144,224.4505
370.7333,226.6194,226.6065
370.7667,229.0192,228.9902
370.8000,231.5122,231.4003
370.8333,234.0967,233.8799
370.8667,236.7709,236.9902
370.9000,239.5330,239.4003
370.9333,242.3811,242.6515
370.9667,245.3132,244.9903
371.0000,248.3274,248.3458
371.0333,251.4215,251.4003
371.0667,254.5934,254.8495
371.1000,257.8411,257.7664
371.1333,261.1621,260.9902
371.1667,264.5544,264.6065
371.2000,268.0154,267.9902
371.2333,271.5430,271.4210
371.2667,275.1346,275.0571
371.3000,278.7877,278.8595
371.3333,282.5000,282.6644
371.3667,286.2688,286.4212
371.4000,290.0916,290.1389
371.4333,293.9657,293.8000
371.4667,297.8885,297.8429
371.5000,301.8572,301.8429
371.5333,305.8693,305.8429
371.5667,309.9219,309.8429
371.6000,314.0122,313.8604
371.6333,318.1375,318.0880
371.6667,322.2949,322.4187
371.7000,326.4815,326.3917
371.7333,330.6946,330.9392
371.7667,334.9311,334.9576
371.8000,339.1883,338.9701
371.8333,343.4632,343.3379
371.8667,347.7528,347.8154
371.9000,352.0542,351.8574
371.9333,356.3646,356.5264
371.9667,360.6808,360.9714
372.0000,365.0000,364.9701
372.0333,369.3192,369.2612
372.0667,373.6354,373.4993
372.1000,377.9458,377.8276
372.1333,382.2472,382.4034
372.1667,386.5368,387.0174
372.2000,390.8117,391.0174
372.2333,395.0689,395.1667
372.2667,399.3054,399.1667
372.3000,403.5185,403.3931
372.3333,407.7051,407.6264
372.3667,411.8625,411.6264
372.4000,415.9878,415.9333
372.4333,420.0781,419.9070
372.4667,424.1307,423.9459
372.5000,428.1428,427.9459
372.5333,432.1115,431.9459
372.5667,436.0343,435.8400
372.6000,439.9084,439.8400
372.6333,443.7312,443.3615
372.6667,447.5000,447.3615
372.7000,451.2123,451.1748
372.7333,454.8654,454.9794
372.7667,458.4570,458.5123
372.8000,461.9846,461.9429
372.8333,465.4456,465.2826
372.8667,468.8379,468.6778
372.9000,472.1589,471.8178
372.9333,475.4066,475.4121
372.9667,478.5785,478.5038
373.0000,481.6726,481.3736
373.0333,484.6868,484.5038
373.0667,487.6189,487.3635
373.1000,490.4670,490.5038
373.1333,493.2291,493.0020
373.1667,495.9033,495.8710
373.2000,498.4878,498.4692
373.2333,500.9808,501.0420
373.2667,503.3806,503.3635
373.3000,505.6856,505.5939
373.3333,507.8942,507.7236
373.3667,510.0048,509.7236
373.4000,512.0161,511.7236
373.4333,513.9266,513.7236
373.4667,515.7350,515.6532
373.5000,517.4401,517.0258
373.5333,519.0408,519.0554
373.5667,520.5358,520.6167
373.6000,521.9243,521.7236
373.6333,523.2053,523.0953
373.6667,524.3778,524.2865
373.7000,525.4410,525.1877
373.7333,526.3944,526.4114
373.7667,527.2371,527.2110
373.8000,527.9686,528.2000
373.8333,528.5884,528.8985
373.8667,529.0961,529.2978
373.9000,529.4914,529.7377
373.9333,529.7739,529.9054
373.9667,529.9435,530.2846
374.0000,530.0000,530.4000
374.0333,529.9749,530.1748
374.0667,529.8995,529.9810
374.1000,529.7739,529.7897
374.1333,529.5981,529.5984
374.1667,529.3721,529.4398
374.2000,529.0961,529.2872
374.2333,528.7701,529.0828
374.2667,528.3942,528.7827
374.3000,527.9686,528.2000
374.3333,527.4933,527.5544
374.3667,526.9685,526.9666
374.4000,526.3944,526.3977
374.4333,525.7711,525.7251
374.4667,525.0988,525.0566
374.5000,524.3778,524.4221
374.5333,523.6082,523.3389
374.5667,522.7903,522.8021
374.6000,521.9243,522.0822
374.6333,521.0106,520.8903
374.6667,520.0493,520.0403
374.7000,519.0408,518.8903
374.7333,517.9853,518.0504
374.7667,516.8833,516.8903
374.8000,515.7350,515.4750
374.8333,514.5408,514.6375
374.8667,513.3010,513.0553
374.9000,512.0161,512.0152
374.9333,510.6864,510.7668
374.9667,509.3123,509.2393
375.0000,507.8942,507.7048
375.0333,506.4326,506.4753
375.0667,504.9279,504.8903
375.1000,503.3806,503.2730
375.1333,501.7912,501.7177
375.1667,500.1601,500.0068
375.2000,498.4878,498.4731
375.2333,496.7749,496.8903
375.2667,495.0218,494.8903
375.3000,493.2291,492.8903
375.3333,491.3973,491.3543
375.3667,489.5271,489.3543
375.4000,487.6189,487.4684
375.4333,485.6734,485.4684
375.4667,483.6911,483.4684
375.5000,481.6726,481.4684
375.5333,479.6186,479.4590
375.5667,477.5297,477.3456
375.6000,475.4066,475.3456
375.6333,473.2497,473.3456
375.6667,471.0600,471.0221
375.7000,468.8379,468.7457
375.7333,466.5841,466.7457
375.7667,464.2995,464.2625
375.8000,461.9846,461.8957
375.8333,459.6401,459.6229
375.8667,457.2668,457.0828
375.9000,454.8654,454.7393
375.9333,452.4367,452.5083
375.9667,449.9813,449.6986
376.0000,447.5000,447.2200
376.0333,444.9936,444.7393
376.0667,442.4628,442.6827
376.1000,439.9084,439.8957
376.1333,437.3312,437.2200
376.1667,434.7320,434.7393
376.2000,432.1115,431.6986
376.2333,429.4706,429.2200
376.2667,426.8101,426.7393
376.3000,424.1307,424.2826
376.3333,421.4333,421.2200
376.3667,418.7187,418.7393
376.4000,415.9878,415.9428
376.4333,413.2413,413.2155
376.4667,410.4802,410.7407
376.5000,407.7051,407.6207
376.5333,404.9171,404.7393
376.5667,402.1169,402.5261
376.6000,399.3054,399.0177
376.6333,396.4835,396.7309
376.6667,393.6519,393.4463
376.7000,390.8117,390.6502
376.7333,387.9636,387.7269
376.7667,385.1084,385.0217
376.8000,382.2472,382.0751
376.8333,379.3807,379.2148
376.8667,376.5098,376.6190
376.9000,373.6354,373.4463
376.9333,370.7584,371.0270
376.9667,367.8796,367.7269
377.0000,365.0000,365.0217
377.0333,362.1204,362.2803
377.0667,359.2416,359.0217
377.1000,356.3646,356.2803
377.1333,353.4902,353.3684
377.1667,350.6193,350.6123
377.2000,347.7528,347.4367
377.2333,344.8916,345.0217
377.2667,342.0364,342.2499
377.3000,339.1883,339.0217
377.3333,336.3481,336.5006
377.3667,333.5165,333.4318
377.4000,330.6946,330.7110
377.4333,327.8831,328.0165
377.4667,325.0829,325.0000
377.5000,322.2949,322.5006
377.5333,319.5198,319.1533
377.5667,316.7587,316.6978
377.6000,314.0122,313.7854
377.6333,311.2813,311.0684
377.6667,308.5667,308.7940
377.7000,305.8693,305.6066
377.7333,303.1899,303.1533
377.7667,300.5294,300.7940
377.8000,297.8885,297.6066
377.8333,295.2680,295.1533
377.8667,292.6688,292.7911
377.9000,290.0916,290.1796
377.9333,287.5372,287.1533
377.9667,285.0064,285.0684
378.0000,282.5000,282.6836
378.0333,280.0187,279.8512
378.0667,277.5633,277.1533
378.1000,275.1346,275.1533
378.1333,272.7332,272.7464
378.1667,270.3599,270.4376
378.2000,268.0154,267.8377
378.2333,265.7005,265.6066
378.2667,263.4159,263.1533
378.3000,261.1621,261.1533
378.3333,258.9400,258.9815
378.3667,256.7503,256.8006
378.4000,254.5934,254.7329
378.4333,252.4703,252.7329
378.4667,250.3814,250.2178
378.5000,248.3274,248.2178
378.5333,246.3089,246.2178
378.5667,244.3266,244.2288
378.6000,242.3811,242.2288
378.6333,240.4729,240.4653
378.6667,238.6027,238.7061
378.7000,236.7709,236.9264
378.7333,234.9782,234.9264
378.7667,233.2251,233.1282
378.8000,231.5122,231.1225
378.8333,229.8399,229.5773
378.8667,228.2088,228.2087
378.9000,226.6194,226.7061
378.9333,225.0721,225.0370
378.9667,223.5674,223.4032
379.0000,222.1058,222.2201
379.0333,220.6877,220.7061
379.0667,219.3136,219.1127
379.1000,217.9839,218.1392
379.1333,216.6990,216.7535
379.1667,215.4592,215.2174
379.2000,214.2650,214.2201
379.2333,213.1167,213.0113
379.2667,212.0147,211.7093
379.3000,210.9592,211.0154
379.3333,209.9507,209.7093
379.3667,208.9894,208.9304
379.4000,208.0757,207.8894
379.4333,207.2097,207.0333
379.4667,206.3918,206.5307
379.5000,205.6222,205.4864
379.5333,204.9012,204.9865
379.5667,204.2289,204.4900
379.6000,203.6056,203.4491
379.6333,203.0315,202.9865
379.6667,202.5067,202.6610
379.7000,202.0314,202.1111
379.7333,201.6058,201.4515
379.7667,201.2299,201.0554
379.8000,200.9039,200.8800
379.8333,200.6279,200.6025
379.8667,200.4019,200.3748
379.9000,200.2261,200.0394
379.9333,200.1005,200.0394
379.9667,200.0251,200.5947
380.0000,200.0000,199.7175
380.0333,200.0565,200.0248
380.0667,200.2261,200.2970
380.1000,200.5086,200.5736
380.1333,200.9039,201.0074
380.1667,201.4116,201.4603
380.2000,202.0314,202.0000
380.2333,202.7629,202.5614
380.2667,203.6056,203.4531
380.3000,204.5590,204.5614
380.3333,205.6222,205.4709
380.3667,206.7947,206.6399
380.4000,208.0757,208.0339
380.4333,209.4642,209.3148
380.4667,210.9592,211.0057
380.5000,212.5599,212.5614
380.5333,214.2650,214.0545
380.5667,216.0734,216.0351
380.6000,217.9839,218.0351
380.6333,219.9952,220.0312
380.6667,222.1058,222.0312
380.7000,224.3144,224.5110
380.7333,226.6194,226.8271
380.7667,229.0192,228.8271
380.8000,231.5122,231.2279
380.8333,234.0967,233.9186
380.8667,236.7709,236.8271
380.9000,239.5330,239.3057
380.9333,242.3811,242.4028
380.9667,245.3132,244.8443
381.0000,248.3274,248.3084
381.0333,251.4215,251.2360
381.0667,254.5934,254.7773
381.1000,257.8411,257.6207
381.1333,261.1621,260.9718
381.1667,264.5544,264.7616
381.2000,268.0154,267.9078
381.2333,271.5430,271.3628
381.2667,275.1346,274.9718
381.3000,278.7877,278.7843
381.3333,282.5000,282.5736
381.3667,286.2688,286.3276
381.4000,290.0916,290.0140
381.4333,293.9657,294.0080
381.4667,297.8885,298.0080
381.5000,301.8572,301.8270
381.5333,305.8693,305.8538
381.5667,309.9219,309.8952
381.6000,314.0122,313.9286
381.6333,318.1375,318.3074
381.6667,322.2949,322.3206
381.7000,326.4815,326.3206
381.7333,330.6946,330.7746
381.7667,334.9311,334.8882
381.8000,339.1883,338.9113
381.8333,343.4632,343.1405
381.8667,347.7528,347.7201
381.9000,352.0542,352.0128
381.9333,356.3646,356.5572
381.9667,360.6808,360.7654
382.0000,365.0000,364.9019
382.0333,369.3192,369.1133
382.0667,373.6354,373.4061
382.1000,377.9458,378.0068
382.1333,382.2472,382.2938
382.1667,386.5368,386.5057
382.2000,390.8117,390.9248
382.2333,395.0689,394.9815
382.2667,399.3054,398.9815
382.3000,403.5185,403.4386
382.3333,407.7051,407.6750
382.3667,411.8625,411.6750
382.4000,415.9878,415.6724
382.4333,420.0781,419.9592
382.4667,424.1307,423.9592
382.5000,428.1428,427.9592
382.5333,432.1115,431.9732
382.5667,436.0343,435.9732
382.6000,439.9084,439.7832
382.6333,443.7312,443.5665
382.6667,447.5000,447.1300
382.7000,451.2123,451.1300
382.7333,454.8654,455.0472
382.7667,458.4570,458.6724
382.8000,461.9846,461.9971
382.8333,465.4456,465.3231
382.8667,468.8379,469.0472
382.9000,472.1589,472.1505
382.9333,475.4066,475.4457
382.9667,478.5785,478.6960
383.0000,481.6726,481.4321
383.0333,484.6868,484.6960
383.0667,487.6189,487.4405
383.1000,490.4670,490.5956
383.1333,493.2291,492.9271
383.1667,495.9033,495.7024
383.2000,498.4878,498.5881
383.2333,500.9808,500.9299
383.2667,503.3806,503.4405
383.3000,505.6856,505.5920
383.3333,507.8942,507.8539
383.3667,510.0048,509.8539
383.4000,512.0161,511.8507
383.4333,513.9266,513.8539
383.4667,515.7350,515.5877
383.5000,517.4401,517.2555
383.5333,519.0408,519.0703
383.5667,520.5358,520.6064
383.6000,521.9243,521.8539
383.6333,523.2053,523.1840
383.6667,524.3778,524.4168
383.7000,525.4410,525.3793
383.7333,526.3944,526.3612
383.7667,527.2371,527.0589
383.8000,527.9686,527.9730
383.8333,528.5884,528.7756
383.8667,529.0961,529.3078
383.9000,529.4914,529.6322
383.9333,529.7739,529.6876
383.9667,529.9435,529.8282
384.0000,530.0000,529.8282
384.0333,529.9749,529.7932
384.0667,529.8995,529.7618
384.1000,529.7739,529.7341
384.1333,529.5981,529.5778
384.1667,529.3721,529.4305
384.2000,529.0961,529.2878
384.2333,528.7701,529.0312
384.2667,528.3942,528.6565
384.3000,527.9686,527.9730
384.3333,527.4933,527.4389
384.3667,526.9685,526.9151
384.4000,526.3944,526.4072
384.4333,525.7711,525.4964
384.4667,525.0988,524.9804
384.5000,524.3778,524.4072
384.5333,523.6082,523.4746
384.5667,522.7903,522.7279
384.6000,521.9243,521.6692
384.6333,521.0106,520.9507
384.6667,520.0493,519.6071
384.7000,519.0408,518.8266
384.7333,517.9853,517.5782
384.7667,516.8833,516.8665
384.8000,515.7350,515.5782
384.8333,514.5408,514.7436
384.8667,513.3010,513.0373
384.9000,512.0161,512.0007
384.9333,510.6864,510.7267
384.9667,509.3123,509.0215
385.0000,507.8942,507.5782
385.0333,506.4326,506.4897
385.0667,504.9279,504.8979
385.1000,503.3806,503.2786
385.1333,501.7912,501.4673
385.1667,500.1601,500.0007
385.2000,498.4878,498.5855
385.2333,496.7749,496.9286
385.2667,495.0218,494.9286
385.3000,493.2291,492.9286
385.3333,491.3973,491.1868
385.3667,489.5271,489.1868
385.4000,487.6189,487.4171
385.4333,485.6734,485.6436
385.4667,483.6911,483.6436
385.5000,481.6726,481.6101
385.5333,479.6186,479.4913
385.5667,477.5297,477.1868
385.6000,475.4066,475.1868
385.6333,473.2497,473.1052
385.6667,471.0600,471.1052
385.7000,468.8379,468.8194
385.7333,466.5841,466.8194
385.7667,464.2995,464.3586
385.8000,461.9846,461.7084
385.8333,459.6401,459.4628
385.8667,457.2668,457.1052
385.9000,454.8654,454.8194
385.9333,452.4367,452.3573
385.9667,449.9813,449.6872
386.0000,447.5000,447.2846
386.0333,444.9936,444.8998
386.0667,442.4628,442.3335
386.1000,439.9084,439.7084
386.1333,437.3312,437.2008
386.1667,434.7320,434.8191
386.2000,432.1115,432.0039
386.2333,429.4706,429.2846
386.2667,426.8101,426.7386
386.3000,424.1307,424.2522
386.3333,421.4333,421.2846
386.3667,418.7187,418.7386
386.4000,415.9878,415.6258
386.4333,413.2413,413.1412
386.4667,410.4802,410.7386
386.5000,407.7051,407.6041
386.5333,404.9171,404.7386
386.5667,402.1169,402.2522
386.6000,399.3054,399.2909
386.6333,396.4835,396.7386
386.6667,393.6519,393.4662
386.7000,390.8117,391.0466
386.7333,387.9636,387.9457
386.7667,385.1084,385.0466
386.8000,382.2472,382.1244
386.8333,379.3807,379.2000
386.8667,376.5098,376.6014
386.9000,373.6354,373.4692
386.9333,370.7584,370.7774
386.9667,367.8796,367.8348
387.0000,365.0000,364.9649
387.0333,362.1204,362.2522
387.0667,359.2416,359.0041
387.1000,356.3646,356.2522
387.1333,353.4902,353.2956
387.1667,350.6193,350.5905
387.2000,347.7528,347.4692
387.2333,344.8916,345.1278
387.2667,342.0364,341.8539
387.3000,339.1883,338.9943
387.3333,336.3481,336.3848
387.3667,333.5165,333.3882
387.4000,330.6946,330.7779
387.4333,327.8831,328.0725
387.4667,325.0829,324.9692
387.5000,322.2949,322.3954
387.5333,319.5198,319.3229
387.5667,316.7587,316.7774
387.6000,314.0122,313.8382
387.6333,311.2813,310.9692
387.6667,308.5667,308.5734
387.7000,305.8693,305.5590
387.7333,303.1899,302.9692
387.7667,300.5294,300.5734
387.8000,297.8885,297.5940
387.8333,295.2680,295.1331
387.8667,292.6688,292.7608
387.9000,290.0916,289.8301
387.9333,287.5372,287.3229
387.9667,285.0064,284.9362
388.0000,282.5000,282.4964
388.0333,280.0187,279.8382
388.0667,277.5633,277.3469
388.1000,275.1346,274.9692
388.1333,272.7332,272.5916
388.1667,270.3599,270.4661
388.2000,268.0154,267.8382
388.2333,265.7005,265.3325
388.2667,263.4159,262.9692
388.3000,261.1621,260.9692
388.3333,258.9400,258.9692
388.3667,256.7503,256.7182
388.4000,254.5934,254.5870
388.4333,252.4703,252.6087
388.4667,250.3814,250.6087
388.5000,248.3274,248.6118
388.5333,246.3089,246.6118
388.5667,244.3266,244.6118
388.6000,242.3811,242.6118
388.6333,240.4729,240.6118
388.6667,238.6027,238.6118
388.7000,236.7709,236.9692
388.7333,234.9782,234.9692
388.7667,233.2251,232.9692
388.8000,231.5122,231.3469
388.8333,229.8399,229.3469
388.8667,228.2088,227.9722
388.9000,226.6194,226.7869
388.9333,225.0721,224.9919
388.9667,223.5674,223.2509
389.0000,222.1058,222.1359
389.0333,220.6877,220.5703
389.0667,219.3136,219.1532
389.1000,217.9839,218.1389
389.1333,216.6990,216.7670
389.1667,215.4592,215.3469
389.2000,214.2650,214.1359
389.2333,213.1167,212.9692
389.2667,212.0147,212.1068
389.3000,210.9592,211.0352
389.3333,209.9507,210.1068
389.3667,208.9894,209.0352
389.4000,208.0757,208.0338
389.4333,207.2097,207.0352
389.4667,206.3918,206.5480
389.5000,205.6222,205.4370
389.5333,204.9012,205.0352
389.5667,204.2289,204.5480
389.6000,203.6056,203.5084
389.6333,203.0315,203.0352
389.6667,202.5067,202.6852
389.7000,202.0314,202.1061
389.7333,201.6058,201.4370
389.7667,201.2299,201.1876
389.8000,200.9039,200.9260
389.8333,200.6279,200.6566
389.8667,200.4019,200.5012
389.9000,200.2261,200.2856
389.9333,200.1005,200.2212
389.9667,200.0251,200.4097
390.0000,200.0000,199.7175
390.0333,200.0565,200.0248
390.0667,200.2261,200.2970
390.1000,200.5086,200.5736
390.1333,200.9039,201.0074
390.1667,201.4116,201.4603
390.2000,202.0314,202.0000
390.2333,202.7629,202.5614
390.2667,203.6056,203.4531
390.3000,204.5590,204.5614
390.3333,205.6222,205.4709
390.3667,206.7947,206.6399
390.4000,208.0757,208.0339
390.4333,209.4642,209.3148
390.4667,210.9592,211.0057
390.5000,212.5599,212.5614
390.5333,214.2650,214.0545
390.5667,216.0734,216.0351
390.6000,217.9839,218.0351
390.6333,219.9952,220.0312
390.6667,222.1058,222.0312
390.7000,224.3144,224.5110
390.7333,226.6194,226.8271
390.7667,229.0192,228.8271
390.8000,231.5122,231.2279
390.8333,234.0967,233.9186
390.8667,236.7709,236.8271
390.9000,239.5330,239.3057
390.9333,242.3811,242.4028
390.9667,245.3132,244.8443
391.0000,248.3274,248.3084
391.0333,251.4215,251.2360
391.0667,254.5934,254.7773
391.1000,257.8411,257.6207
391.1333,261.1621,260.9718
391.1667,264.5544,264.7616
391.2000,268.0154,267.9078
391.2333,271.5430,271.3628
391.2667,275.1346,274.9718
391.3000,278.7877,278.7843
391.3333,282.5000,282.5736
391.3667,286.2688,286.3276
391.4000,290.0916,290.0140
391.4333,293.9657,294.0080
391.4667,297.8885,298.0080
391.5000,301.8572,301.8270
391.5333,305.8693,305.8538
391.5667,309.9219,309.8952
391.6000,314.0122,313.9286
391.6333,318.1375,318.3074
391.6667,322.2949,322.3206
391.7000,326.4815,326.3206
391.7333,330.6946,330.7746
391.7667,334.9311,334.8882
391.8000,339.1883,338.9113
391.8333,343.4632,343.1405
391.8667,347.7528,347.7201
391.9000,352.0542,352.0128
391.9333,356.3646,356.5572
391.9667,360.6808,360.7654
392.0000,365.0000,364.9019
392.0333,369.3192,369.1133
392.0667,373.6354,373.4061
392.1000,377.9458,378.0068
392.1333,382.2472,382.2938
392.1667,386.5368,386.5057
392.2000,390.8117,390.9248
392.2333,395.0689,394.9815
392.2667,399.3054,398.9815
392.3000,403.5185,403.4386
392.3333,407.7051,407.6750
392.3667,411.8625,411.6750
392.4000,415.9878,415.6724
392.4333,420.0781,419.9592
392.4667,424.1307,423.9592
392.5000,428.1428,427.9592
392.5333,432.1115,431.9732
392.5667,436.0343,435.9732
392.6000,439.9084,439.7832
392.6333,443.7312,443.5665
392.6667,447.5000,447.1300
392.7000,451.2123,451.1300
392.7333,454.8654,455.0472
392.7667,458.4570,458.6724
392.8000,461.9846,461.9971
392.8333,465.4456,465.3231
392.8667,468.8379,469.0472
392.9000,472.1589,472.1505
392.9333,475.4066,475.4457
392.9667,478.5785,478.6960
393.0000,481.6726,481.4321
393.0333,484.6868,484.6960
393.0667,487.6189,487.4405
393.1000,490.4670,490.5956
393.1333,493.2291,492.9271
393.1667,495.9033,495.7024
393.2000,498.4878,498.5881
393.2333,500.9808,500.9299
393.2667,503.3806,503.4405
393.3000,505.6856,505.5920
393.3333,507.8942,507.8539
393.3667,510.0048,509.8539
393.4000,512.0161,511.8507
393.4333,513.9266,513.8539
393.4667,515.7350,515.5877
393.5000,517.4401,517.2555
393.5333,519.0408,519.0703
393.5667,520.5358,520.6064
393.6000,521.9243,521.8539
393.6333,523.2053,523.1840
393.6667,524.3778,524.4168
393.7000,525.4410,525.3793
393.7333,526.3944,526.3612
393.7667,527.2371,527.0589
393.8000,527.9686,527.9730
393.8333,528.5884,528.7756
393.8667,529.0961,529.3078
393.9000,529.4914,529.6322
393.9333,529.7739,529.6876
393.9667,529.9435,529.8282
394.0000,530.0000,529.8282
394.0333,529.9749,529.7932
394.0667,529.8995,529.7618
394.1000,529.7739,529.7341
394.1333,529.5981,529.5778
394.1667,529.3721,529.4305
394.2000,529.0961,529.2878
394.2333,528.7701,529.0312
394.2667,528.3942,528.6565
394.3000,527.9686,527.9730
394.3333,527.4933,527.4389
394.3667,526.9685,526.9151
394.4000,526.3944,526.4072
394.4333,525.7711,525.4964
394.4667,525.0988,524.9804
394.5000,524.3778,524.4072
394.5333,523.6082,523.4746
394.5667,522.7903,522.7279
394.6000,521.9243,521.6692
394.6333,521.0106,520.9507
394.6667,520.0493,519.6071
394.7000,519.0408,518.8266
394.7333,517.9853,517.5782
394.7667,516.8833,516.8665
394.8000,515.7350,515.5782
394.8333,514.5408,514.7436
394.8667,513.3010,513.0373
394.9000,512.0161,512.0007
394.9333,510.6864,510.7267
394.9667,509.3123,509.0215
395.0000,507.8942,507.5782
395.0333,506.4326,506.4897
395.0667,504.9279,504.8979
395.1000,503.3806,503.2786
395.1333,501.7912,501.4673
395.1667,500.1601,500.0007
395.2000,498.4878,498.5855
395.2333,496.7749,496.9286
395.2667,495.0218,494.9286
395.3000,493.2291,492.9286
395.3333,491.3973,491.1868
395.3667,489.5271,489.1868
395.4000,487.6189,487.4171
395.4333,485.6734,485.6436
395.4667,483.6911,483.6436
395.5000,481.6726,481.6101
395.5333,479.6186,479.4913
395.5667,477.5297,477.1868
395.6000,475.4066,475.1868
395.6333,473.2497,473.1052
395.6667,471.0600,471.1052
395.7000,468.8379,468.8194
395.7333,466.5841,466.8194
395.7667,464.2995,464.3586
395.8000,461.9846,461.7084
395.8333,459.6401,459.4628
395.8667,457.2668,457.1052
395.9000,454.8654,454.8194
395.9333,452.4367,452.3573
395.9667,449.9813,449.6872
396.0000,447.5000,447.2846
396.0333,444.9936,444.8998
396.0667,442.4628,442.3335
396.1000,439.9084,439.7084
396.1333,437.3312,437.2008
396.1667,434.7320,434.8191
396.2000,432.1115,432.0039
396.2333,429.4706,429.2846
396.2667,426.8101,426.7386
396.3000,424.1307,424.2522
396.3333,421.4333,421.2846
396.3667,418.7187,418.7386
396.4000,415.9878,415.6258
396.4333,413.2413,413.1412
396.4667,410.4802,410.7386
396.5000,407.7051,407.6041
396.5333,404.9171,404.7386
396.5667,402.1169,402.2522
396.6000,399.3054,399.2909
396.6333,396.4835,396.7386
396.6667,393.6519,393.4662
396.7000,390.8117,391.0466
396.7333,387.9636,387.9457
396.7667,385.1084,385.0466
396.8000,382.2472,382.1244
396.8333,379.3807,379.2000
396.8667,376.5098,376.6014
396.9000,373.6354,373.4692
396.9333,370.7584,370.7774
396.9667,367.8796,367.8348
397.0000,365.0000,364.9649
397.0333,362.1204,362.2522
397.0667,359.2416,359.0041
397.1000,356.3646,356.2522
397.1333,353.4902,353.2956
397.1667,350.6193,350.5905
397.2000,347.7528,347.4692
397.2333,344.8916,345.1278
397.2667,342.0364,341.8539
397.3000,339.1883,338.9943
397.3333,336.3481,336.3848
397.3667,333.5165,333.3882
397.4000,330.6946,330.7779
397.4333,327.8831,328.0725
397.4667,325.0829,324.9692
397.5000,322.2949,322.3954
397.5333,319.5198,319.3229
397.5667,316.7587,316.7774
397.6000,314.0122,313.8382
397.6333,311.2813,310.9692
397.6667,308.5667,308.5734
397.7000,305.8693,305.5590
397.7333,303.1899,302.9692
397.7667,300.5294,300.5734
397.8000,297.8885,297.5940
397.8333,295.2680,295.1331
397.8667,292.6688,292.7608
397.9000,290.0916,289.8301
397.9333,287.5372,287.3229
397.9667,285.0064,284.9362
398.0000,282.5000,282.4964
398.0333,280.0187,279.8382
398.0667,277.5633,277.3469
398.1000,275.1346,274.9692
398.1333,272.7332,272.5916
398.1667,270.3599,270.4661
398.2000,268.0154,267.8382
398.2333,265.7005,265.3325
398.2667,263.4159,262.9692
398.3000,261.1621,260.9692
398.3333,258.9400,258.9692
398.3667,256.7503,256.7182
398.4000,254.5934,254.5870
398.4333,252.4703,252.6087
398.4667,250.3814,250.6087
398.5000,248.3274,248.6118
398.5333,246.3089,246.6118
398.5667,244.3266,244.6118
398.6000,242.3811,242.6118
398.6333,240.4729,240.6118
398.6667,238.6027,238.6118
398.7000,236.7709,236.9692
398.7333,234.9782,234.9692
398.7667,233.2251,232.9692
398.8000,231.5122,231.3469
398.8333,229.8399,229.3469
398.8667,228.2088,227.9722
398.9000,226.6194,226.7869
398.9333,225.0721,224.9919
398.9667,223.5674,223.2509
399.0000,222.1058,222.1359
399.0333,220.6877,220.5703
399.0667,219.3136,219.1532
399.1000,217.9839,218.1389
399.1333,216.6990,216.7670
399.1667,215.4592,215.3469
399.2000,214.2650,214.1359
399.2333,213.1167,212.9692
399.2667,212.0147,212.1068
399.3000,210.9592,211.0352
399.3333,209.9507,210.1068
399.3667,208.9894,209.0352
399.4000,208.0757,208.0338
399.4333,207.2097,207.0352
399.4667,206.3918,206.5480
399.5000,205.6222,205.4370
399.5333,204.9012,205.0352
399.5667,204.2289,204.5480
399.6000,203.6056,203.5084
399.6333,203.0315,203.0352
399.6667,202.5067,202.6852
399.7000,202.0314,202.1061
399.7333,201.6058,201.4370
399.7667,201.2299,201.1876
399.8000,200.9039,200.9260
399.8333,200.6279,200.6566
399.8667,200.4019,200.5012
399.9000,200.2261,200.2856
399.9333,200.1005,200.2212
399.9667,200.0251,200.4097
400.0000,200.0000,199.7175
400.0333,200.0565,200.0248
400.0667,200.2261,200.2970
400.1000,200.5086,200.5736
400.1333,200.9039,201.0074
400.1667,201.4116,201.4603
400.2000,202.0314,202.0000
400.2333,202.7629,202.5614
400.2667,203.6056,203.4531
400.3000,204.5590,204.5614
400.3333,205.6222,205.4709
400.3667,206.7947,206.6399
400.4000,208.0757,208.0339
400.4333,209.4642,209.3148
400.4667,210.9592,211.0057
400.5000,212.5599,212.5614
400.5333,214.2650,214.0545
400.5667,216.0734,216.0351
400.6000,217.9839,218.0351
400.6333,219.9952,220.0312
400.6667,222.1058,222.0312
400.7000,224.3144,224.5110
400.7333,226.6194,226.8271
400.7667,229.0192,228.8271
400.8000,231.5122,231.2279
400.8333,234.0967,233.9186
400.8667,236.7709,236.8271
400.9000,239.5330,239.3057
400.9333,242.3811,242.4028
400.9667,245.3132,244.8443
401.0000,248.3274,248.3084
401.0333,251.4215,251.2360
401.0667,254.5934,254.7773
401.1000,257.8411,257.6207
401.1333,261.1621,260.9718
401.1667,264.5544,264.7616
401.2000,268.0154,267.9078
401.2333,271.5430,271.3628
401.2667,275.1346,274.9718
401.3000,278.7877,278.7843
401.3333,282.5000,282.5736
401.3667,286.2688,286.3276
401.4000,290.0916,290.0140
401.4333,293.9657,294.0080
401.4667,297.8885,298.0080
401.5000,301.8572,301.8270
401.5333,305.8693,305.8538
401.5667,309.9219,309.8952
401.6000,314.0122,313.9286
401.6333,318.1375,318.3074
401.6667,322.2949,322.3206
401.7000,326.4815,326.3206
401.7333,330.6946,330.7746
401.7667,334.9311,334.8882
401.8000,339.1883,338.9113
401.8333,343.4632,343.1405
401.8667,347.7528,347.7201
401.9000,352.0542,352.0128
401.9333,356.3646,356.5572
401.9667,360.6808,360.7654
402.0000,365.0000,364.9019
402.0333,369.3192,369.1133
402.0667,373.6354,373.4061
402.1000,377.9458,378.0068
402.1333,382.2472,382.2938
402.1667,386.5368,386.5057
402.2000,390.8117,390.9248
402.2333,395.0689,394.9815
402.2667,399.3054,398.9815
402.3000,403.5185,403.4386
402.3333,407.7051,407.6750
402.3667,411.8625,411.6750
402.4000,415.9878,415.6724
402.4333,420.0781,419.9592
402.4667,424.1307,423.9592
402.5000,428.1428,427.9592
402.5333,432.1115,431.9732
402.5667,436.0343,435.9732
402.6000,439.9084,439.7832
402.6333,443.7312,443.5665
402.6667,447.5000,447.1300
402.7000,451.2123,451.1300
402.7333,454.8654,455.0472
402.7667,458.4570,458.6724
402.8000,461.9846,461.9971
402.8333,465.4456,465.3231
402.8667,468.8379,469.0472
402.9000,472.1589,472.1505
402.9333,475.4066,475.4457
402.9667,478.5785,478.6960
403.0000,481.6726,481.4321
403.0333,484.6868,484.6960
403.0667,487.6189,487.4405
403.1000,490.4670,490.5956
403.1333,493.2291,492.9271
403.1667,495.9033,495.7024
403.2000,498.4878,498.5881
403.2333,500.9808,500.9299
403.2667,503.3806,503.4405
403.3000,505.6856,505.5920
403.3333,507.8942,507.8539
403.3667,510.0048,509.8539
403.4000,512.0161,511.8507
403.4333,513.9266,513.8539
403.4667,515.7350,515.5877
403.5000,517.4401,517.2555
403.5333,519.0408,519.0703
403.5667,520.5358,520.6064
403.6000,521.9243,521.8539
403.6333,523.2053,523.1840
403.6667,524.3778,524.4168
403.7000,525.4410,525.3793
403.7333,526.3944,526.3612
403.7667,527.2371,527.0589
403.8000,527.9686,527.9730
403.8333,528.5884,528.7756
403.8667,529.0961,529.3078
403.9000,529.4914,529.6322
403.9333,529.7739,529.6876
403.9667,529.9435,529.8282
404.0000,530.0000,529.8282
404.0333,529.9749,529.7932
404.0667,529.8995,529.7618
404.1000,529.7739,529.7341
404.1333,529.5981,529.5778
404.1667,529.3721,529.4305
404.2000,529.0961,529.2878
404.2333,528.7701,529.0312
404.2667,528.3942,528.6565
404.3000,527.9686,527.9730
404.3333,527.4933,527.4389
404.3667,526.9685,526.9151
404.4000,526.3944,526.4072
404.4333,525.7711,525.4964
404.4667,525.0988,524.9804
404.5000,524.3778,524.4072
404.5333,523.6082,523.4746
404.5667,522.7903,522.7279
404.6000,521.9243,521.6692
404.6333,521.0106,520.9507
404.6667,520.0493,519.6071
404.7000,519.0408,518.8266
404.7333,517.9853,517.5782
404.7667,516.8833,516.8665
404.8000,515.7350,515.5782
404.8333,514.5408,514.7436
404.8667,513.3010,513.0373
404.9000,512.0161,512.0007
404.9333,510.6864,510.7267
404.9667,509.3123,509.0215
405.0000,507.8942,507.5782
405.0333,506.4326,506.4897
405.0667,504.9279,504.8979
405.1000,503.3806,503.2786
405.1333,501.7912,501.4673
405.1667,500.1601,500.0007
405.2000,498.4878,498.5855
405.2333,496.7749,496.9286
405.2667,495.0218,494.9286
405.3000,493.2291,492.9286
405.3333,491.3973,491.1868
405.3667,489.5271,489.1868
405.4000,487.6189,487.4171
405.4333,485.6734,485.6436
405.4667,483.6911,483.6436
405.5000,481.6726,481.6101
405.5333,479.6186,479.4913
405.5667,477.5297,477.1868
405.6000,475.4066,475.1868
405.6333,473.2497,473.1052
405.6667,471.0600,471.1052
405.7000,468.8379,468.8194
405.7333,466.5841,466.8194
405.7667,464.2995,464.3586
405.8000,461.9846,461.7084
405.8333,459.6401,459.4628
405.8667,457.2668,457.1052
405.9000,454.8654,454.8194
405.9333,452.4367,452.3573
405.9667,449.9813,449.6872
406.0000,447.5000,447.2846
406.0333,444.9936,444.8998
406.0667,442.4628,442.3335
406.1000,439.9084,439.7084
406.1333,437.3312,437.2008
406.1667,434.7320,434.8191
406.2000,432.1115,432.0039
406.2333,429.4706,429.2846
406.2667,426.8101,426.7386
406.3000,424.1307,424.2522
406.3333,421.4333,421.2846
406.3667,418.7187,418.7386
406.4000,415.9878,415.6258
406.4333,413.2413,413.1412
406.4667,410.4802,410.7386
406.5000,407.7051,407.6041
406.5333,404.9171,404.7386
406.5667,402.1169,402.2522
406.6000,399.3054,399.2909
406.6333,396.4835,396.7386
406.6667,393.6519,393.4662
406.7000,390.8117,391.0466
406.7333,387.9636,387.9457
406.7667,385.1084,385.0466
406.8000,382.2472,382.1244
406.8333,379.3807,379.2000
406.8667,376.5098,376.6014
406.9000,373.6354,373.4692
406.9333,370.7584,370.7774
406.9667,367.8796,367.8348
407.0000,365.0000,364.9649
407.0333,362.1204,362.2522
407.0667,359.2416,359.0041
407.1000,356.3646,356.2522
407.1333,353.4902,353.2956
407.1667,350.6193,350.5905
407.2000,347.7528,347.4692
407.2333,344.8916,345.1278
407.2667,342.0364,341.8539
407.3000,339.1883,338.9943
407.3333,336.3481,336.3848
407.3667,333.5165,333.3882
407.4000,330.6946,330.7779
407.4333,327.8831,328.0725
407.4667,325.0829,324.9692
407.5000,322.2949,322.3954
407.5333,319.5198,319.3229
407.5667,316.7587,316.7774
407.6000,314.0122,313.8382
407.6333,311.2813,310.9692
407.6667,308.5667,308.5734
407.7000,305.8693,305.5590
407.7333,303.1899,302.9692
407.7667,300.5294,300.5734
407.8000,297.8885,297.5940
407.8333,295.2680,295.1331
407.8667,292.6688,292.7608
407.9000,290.0916,289.8301
407.9333,287.5372,287.3229
407.9667,285.0064,284.9362
408.0000,282.5000,282.4964
408.0333,280.0187,279.8382
408.0667,277.5633,277.3469
408.1000,275.1346,274.9692
408.1333,272.7332,272.5916
408.1667,270.3599,270.4661
408.2000,268.0154,267.8382
408.2333,265.7005,265.3325
408.2667,263.4159,262.9692
408.3000,261.1621,260.9692
408.3333,258.9400,258.9692
408.3667,256.7503,256.7182
408.4000,254.5934,254.5870
408.4333,252.4703,252.6087
408.4667,250.3814,250.6087
408.5000,248.3274,248.6118
408.5333,246.3089,246.6118
408.5667,244.3266,244.6118
408.6000,242.3811,242.6118
408.6333,240.4729,240.6118
408.6667,238.6027,238.6118
408.7000,236.7709,236.9692
408.7333,234.9782,234.9692
408.7667,233.2251,232.9692
408.8000,231.5122,231.3469
408.8333,229.8399,229.3469
408.8667,228.2088,227.9722
408.9000,226.6194,226.7869
408.9333,225.0721,224.9919
408.9667,223.5674,223.2509
409.0000,222.1058,222.1359
409.0333,220.6877,220.5703
409.0667,219.3136,219.1532
409.1000,217.9839,218.1389
409.1333,216.6990,216.7670
409.1667,215.4592,215.3469
409.2000,214.2650,214.1359
409.2333,213.1167,212.9692
409.2667,212.0147,212.1068
409.3000,210.9592,211.0352
409.3333,209.9507,210.1068
409.3667,208.9894,209.0352
409.4000,208.0757,208.0338
409.4333,207.2097,207.0352
409.4667,206.3918,206.5480
409.5000,205.6222,205.4370
409.5333,204.9012,205.0352
409.5667,204.2289,204.5480
409.6000,203.6056,203.5084
409.6333,203.0315,203.0352
409.6667,202.5067,202.6852
409.7000,202.0314,202.1061
409.7333,201.6058,201.4370
409.7667,201.2299,201.1876
409.8000,200.9039,200.9260
409.8333,200.6279,200.6566
409.8667,200.4019,200.5012
409.9000,200.2261,200.2856
409.9333,200.1005,200.2212
409.9667,200.0251,200.4097
410.0000,200.0000,199.7175
410.0333,200.0565,200.0248
410.0667,200.2261,200.2970
410.1000,200.5086,200.5736
410.1333,200.9039,201.0074
410.1667,201.4116,201.4603
410.2000,202.0314,202.0000
410.2333,202.7629,202.5614
410.2667,203.6056,203.4531
410.3000,204.5590,204.5614
410.3333,205.6222,205.4709
410.3667,206.7947,206.6399
410.4000,208.0757,208.0339
410.4333,209.4642,209.3148
410.4667,210.9592,211.0057
410.5000,212.5599,212.5614
410.5333,214.2650,214.0545
410.5667,216.0734,216.0351
410.6000,217.9839,218.0351
410.6333,219.9952,220.0312
410.6667,222.1058,222.0312
410.7000,224.3144,224.5110
410.7333,226.6194,226.8271
410.7667,229.0192,228.8271
410.8000,231.5122,231.2279
410.8333,234.0967,233.9186
410.8667,236.7709,236.8271
410.9000,239.5330,239.3057
410.9333,242.3811,242.4028
410.9667,245.3132,244.8443
411.0000,248.3274,248.3084
411.0333,251.4215,251.2360
411.0667,254.5934,254.7773
411.1000,257.8411,257.6207
411.1333,261.1621,260.9718
411.1667,264.5544,264.7616
411.2000,268.0154,267.9078
411.2333,271.5430,271.3628
411.2667,275.1346,274.9718
411.3000,278.7877,278.7843
411.3333,282.5000,282.5736
411.3667,286.2688,286.3276
411.4000,290.0916,290.0140
411.4333,293.9657,294.0080
411.4667,297.8885,298.0080
411.5000,301.8572,301.8270
411.5333,305.8693,305.8538
411.5667,309.9219,309.8952
411.6000,314.0122,313.9286
411.6333,318.1375,318.3074
411.6667,322.2949,322.3206
411.7000,326.4815,326.3206
411.7333,330.6946,330.7746
411.7667,334.9311,334.8882
411.8000,339.1883,338.9113
411.8333,343.4632,343.1405
411.8667,347.7528,347.7201
411.9000,352.0542,352.0128
411.9333,356.3646,356.5572
411.9667,360.6808,360.7654
412.0000,365.0000,364.9019
412.0333,369.3192,369.1133
412.0667,373.6354,373.4061
412.1000,377.9458,378.0068
412.1333,382.2472,382.2938
412.1667,386.5368,386.5057
412.2000,390.8117,390.9248
412.2333,395.0689,394.9815
412.2667,399.3054,398.9815
412.3000,403.5185,403.4386
412.3333,407.7051,407.6750
412.3667,411.8625,411.6750
412.4000,415.9878,415.6724
412.4333,420.0781,419.9592
412.4667,424.1307,423.9592
412.5000,428.1428,427.9592
412.5333,432.1115,431.9732
412.5667,436.0343,435.9732
412.6000,439.9084,439.7832
412.6333,443.7312,443.5665
412.6667,447.5000,447.1300
412.7000,451.2123,451.1300
412.7333,454.8654,455.0472
412.7667,458.4570,458.6724
412.8000,461.9846,461.9971
412.8333,465.4456,465.3231
412.8667,468.8379,469.0472
412.9000,472.1589,472.1505
412.9333,475.4066,475.4457
412.9667,478.5785,478.6960
413.0000,481.6726,481.4321
413.0333,484.6868,484.6960
413.0667,487.6189,487.4405
413.1000,490.4670,490.5956
413.1333,493.2291,492.9271
413.1667,495.9033,495.7024
413.2000,498.4878,498.5881
413.2333,500.9808,500.9299
413.2667,503.3806,503.4405
413.3000,505.6856,505.5920
413.3333,507.8942,507.8539
413.3667,510.0048,509.8539
413.4000,512.0161,511.8507
413.4333,513.9266,513.8539
413.4667,515.7350,515.5877
413.5000,517.4401,517.2555
413.5333,519.0408,519.0703
413.5667,520.5358,520.6064
413.6000,521.9243,521.8539
413.6333,523.2053,523.1840
413.6667,524.3778,524.4168
413.7000,525.4410,525.3793
413.7333,526.3944,526.3612
413.7667,527.2371,527.0589
413.8000,527.9686,527.9730
413.8333,528.5884,528.7756
413.8667,529.0961,529.3078
413.9000,529.4914,529.6322
413.9333,529.7739,529.6876
413.9667,529.9435,529.8282
414.0000,530.0000,529.8282
414.0333,529.9749,529.7932
414.0667,529.8995,529.7618
414.1000,529.7739,529.7341
414.1333,529.5981,529.5778
414.1667,529.3721,529.4305
414.2000,529.0961,529.2878
414.2333,528.7701,529.0312
414.2667,528.3942,528.6565
414.3000,527.9686,527.9730
414.3333,527.4933,527.4389
414.3667,526.9685,526.9151
414.4000,526.3944,526.4072
414.4333,525.7711,525.4964
414.4667,525.0988,524.9804
414.5000,524.3778,524.4072
414.5333,523.6082,523.4746
414.5667,522.7903,522.7279
414.6000,521.9243,521.6692
414.6333,521.0106,520.9507
414.6667,520.0493,519.6071
414.7000,519.0408,518.8266
414.7333,517.9853,517.5782
414.7667,516.8833,516.8665
414.8000,515.7350,515.5782
414.8333,514.5408,514.7436
414.8667,513.3010,513.0373
414.9000,512.0161,512.0007
414.9333,510.6864,510.7267
414.9667,509.3123,509.0215
415.0000,507.8942,507.5782
415.0333,506.4326,506.4897
415.0667,504.9279,504.8979
415.1000,503.3806,503.2786
415.1333,501.7912,501.4673
415.1667,500.1601,500.0007
415.2000,498.4878,498.5855
415.2333,496.7749,496.9286
415.2667,495.0218,494.9286
415.3000,493.2291,492.9286
415.3333,491.3973,491.1868
415.3667,489.5271,489.1868
415.4000,487.6189,487.4171
415.4333,485.6734,485.6436
415.4667,483.6911,483.6436
415.5000,481.6726,481.6101
415.5333,479.6186,479.4913
415.5667,477.5297,477.1868
415.6000,475.4066,475.1868
415.6333,473.2497,473.1052
415.6667,471.0600,471.1052
415.7000,468.8379,468.8194
415.7333,466.5841,466.8194
415.7667,464.2995,464.3586
415.8000,461.9846,461.7084
415.8333,459.6401,459.4628
415.8667,457.2668,457.1052
415.9000,454.8654,454.8194
415.9333,452.4367,452.3573
415.9667,449.9813,449.6872
416.0000,447.5000,447.2846
416.0333,444.9936,444.8998
416.0667,442.4628,442.3335
416.1000,439.9084,439.7084
416.1333,437.3312,437.2008
416.1667,434.7320,434.8191
416.2000,432.1115,432.0039
416.2333,429.4706,429.2846
416.2667,426.8101,426.7386
416.3000,424.1307,424.2522
416.3333,421.4333,421.2846
416.3667,418.7187,418.7386
416.4000,415.9878,415.6258
416.4333,413.2413,413.1412
416.4667,410.4802,410.7386
416.5000,407.7051,407.6041
416.5333,404.9171,404.7386
416.5667,402.1169,402.2522
416.6000,399.3054,399.2909
416.6333,396.4835,396.7386
416.6667,393.6519,393.4662
416.7000,390.8117,391.0466
416.7333,387.9636,387.9457
416.7667,385.1084,385.0466
416.8000,382.2472,382.1244
416.8333,379.3807,379.2000
416.8667,376.5098,376.6014
416.9000,373.6354,373.4692
416.9333,370.7584,370.7774
416.9667,367.8796,367.8348
417.0000,365.0000,364.9649
417.0333,362.1204,362.2522
417.0667,359.2416,359.0041
417.1000,356.3646,356.2522
417.1333,353.4902,353.2956
417.1667,350.6193,350.5905
417.2000,347.7528,347.4692
417.2333,344.8916,345.1278
417.2667,342.0364,341.8539
417.3000,339.1883,338.9943
417.3333,336.3481,336.3848
417.3667,333.5165,333.3882
417.4000,330.6946,330.7779
417.4333,327.8831,328.0725
417.4667,325.0829,324.9692
417.5000,322.2949,322.3954
417.5333,319.5198,319.3229
417.5667,316.7587,316.7774
417.6000,314.0122,313.8382
417.6333,311.2813,310.9692
417.6667,308.5667,308.5734
417.7000,305.8693,305.5590
417.7333,303.1899,302.9692
417.7667,300.5294,300.5734
417.8000,297.8885,297.5940
417.8333,295.2680,295.1331
417.8667,292.6688,292.7608
417.9000,290.0916,289.8301
417.9333,287.5372,287.3229
417.9667,285.0064,284.9362
418.0000,282.5000,282.4964
418.0333,280.0187,279.8382
418.0667,277.5633,277.3469
418.1000,275.1346,274.9692
418.1333,272.7332,272.5916
418.1667,270.3599,270.4661
418.2000,268.0154,267.8382
418.2333,265.7005,265.3325
418.2667,263.4159,262.9692
418.3000,261.1621,260.9692
418.3333,258.9400,258.9692
418.3667,256.7503,256.7182
418.4000,254.5934,254.5870
418.4333,252.4703,252.6087
418.4667,250.3814,250.6087
418.5000,248.3274,248.6118
418.5333,246.3089,246.6118
418.5667,244.3266,244.6118
418.6000,242.3811,242.6118
418.6333,240.4729,240.6118
418.6667,238.6027,238.6118
418.7000,236.7709,236.9692
418.7333,234.9782,234.9692
418.7667,233.2251,232.9692
418.8000,231.5122,231.3469
418.8333,229.8399,229.3469
418.8667,228.2088,227.9722
418.9000,226.6194,226.7869
418.9333,225.0721,224.9919
418.9667,223.5674,223.2509
419.0000,222.1058,222.1359
419.0333,220.6877,220.5703
419.0667,219.3136,219.1532
419.1000,217.9839,218.1389
419.1333,216.6990,216.7670
419.1667,215.4592,215.3469
419.2000,214.2650,214.1359
419.2333,213.1167,212.9692
419.2667,212.0147,212.1068
419.3000,210.9592,211.0352
419.3333,209.9507,210.1068
419.3667,208.9894,209.0352
419.4000,208.0757,208.0338
419.4333,207.2097,207.0352
419.4667,206.3918,206.5480
419.5000,205.6222,205.4370
419.5333,204.9012,205.0352
419.5667,204.2289,204.5480
419.6000,203.6056,203.5084
419.6333,203.0315,203.0352
419.6667,202.5067,202.6852
419.7000,202.0314,202.1061
419.7333,201.6058,201.4370
419.7667,201.2299,201.1876
419.8000,200.9039,200.9260
419.8333,200.6279,200.6566
419.8667,200.4019,200.5012
419.9000,200.2261,200.2856
419.9333,200.1005,200.2212
419.9667,200.0251,200.4097
420.0000,200.0000,199.7175
420.0333,200.0565,200.0248
420.0667,200.2261,200.2970
420.1000,200.5086,200.5736
420.1333,200.9039,201.0074
420.1667,201.4116,201.4603
420.2000,202.0314,202.0000
420.2333,202.7629,202.5614
420.2667,203.6056,203.4531
420.3000,204.5590,204.5614
420.3333,205.6222,205.4709
420.3667,206.7947,206.6399
420.4000,208.0757,208.0339
420.4333,209.4642,209.3148
420.4667,210.9592,211.0057
420.5000,212.5599,212.5614
420.5333,214.2650,214.0545
420.5667,216.0734,216.0351
420.6000,217.9839,218.0351
420.6333,219.9952,220.0312
420.6667,222.1058,222.0312
420.7000,224.3144,224.5110
420.7333,226.6194,226.8271
420.7667,229.0192,228.8271
420.8000,231.5122,231.2279
420.8333,234.0967,233.9186
420.8667,236.7709,236.8271
420.9000,239.5330,239.3057
420.9333,242.3811,242.4028
420.9667,245.3132,244.8443
421.0000,248.3274,248.3084
421.0333,251.4215,251.2360
421.0667,254.5934,254.7773
421.1000,257.8411,257.6207
421.1333,261.1621,260.9718
421.1667,264.5544,264.7616
421.2000,268.0154,267.9078
421.2333,271.5430,271.3628
421.2667,275.1346,274.9718
421.3000,278.7877,278.7843
421.3333,282.5000,282.5736
421.3667,286.2688,286.3276
421.4000,290.0916,290.0140
421.4333,293.9657,294.0080
421.4667,297.8885,298.0080
421.5000,301.8572,301.8270
421.5333,305.8693,305.8538
421.5667,309.9219,309.8952
421.6000,314.0122,313.9286
421.6333,318.1375,318.3074
421.6667,322.2949,322.3206
421.7000,326.4815,326.3206
421.7333,330.6946,330.7746
421.7667,334.9311,334.8882
421.8000,339.1883,338.9113
421.8333,343.4632,343.1405
421.8667,347.7528,347.7201
421.9000,352.0542,352.0128
421.9333,356.3646,356.5572
421.9667,360.6808,360.7654
422.0000,365.0000,364.9019
422.0333,369.3192,369.1133
422.0667,373.6354,373.4061
422.1000,377.9458,378.0068
422.1333,382.2472,382.2938
422.1667,386.5368,386.5057
422.2000,390.8117,390.9248
422.2333,395.0689,394.9815
422.2667,399.3054,398.9815
422.3000,403.5185,403.4386
422.3333,407.7051,407.6750
422.3667,411.8625,411.6750
422.4000,415.9878,415.6724
422.4333,420.0781,419.9592
422.4667,424.1307,423.9592
422.5000,428.1428,427.9592
422.5333,432.1115,431.9732
422.5667,436.0343,435.9732
422.6000,439.9084,439.7832
422.6333,443.7312,443.5665
422.6667,447.5000,447.1300
422.7000,451.2123,451.1300
422.7333,454.8654,455.0472
422.7667,458.4570,458.6724
422.8000,461.9846,461.9971
422.8333,465.4456,465.3231
422.8667,468.8379,469.0472
422.9000,472.1589,472.1505
422.9333,475.4066,475.4457
422.9667,478.5785,478.6960
423.0000,481.6726,481.4321
423.0333,484.6868,484.6960
423.0667,487.6189,487.4405
423.1000,490.4670,490.5956
423.1333,493.2291,492.9271
423.1667,495.9033,495.7024
423.2000,498.4878,498.5881
423.2333,500.9808,500.9299
423.2667,503.3806,503.4405
423.3000,505.6856,505.5920
423.3333,507.8942,507.8539
423.3667,510.0048,509.8539
423.4000,512.0161,511.8507
423.4333,513.9266,513.8539
423.4667,515.7350,515.5877
423.5000,517.4401,517.2555
423.5333,519.0408,519.0703
423.5667,520.5358,520.6064
423.6000,521.9243,521.8539
423.6333,523.2053,523.1840
423.6667,524.3778,524.4168
423.7000,525.4410,525.3793
423.7333,526.3944,526.3612
423.7667,527.2371,527.0589
423.8000,527.9686,527.9730
423.8333,528.5884,528.7756
423.8667,529.0961,529.3078
423.9000,529.4914,529.6322
423.9333,529.7739,529.6876
423.9667,529.9435,529.8282
424.0000,530.0000,529.8282
424.0333,529.9749,529.7932
424.0667,529.8995,529.7618
424.1000,529.7739,529.7341
424.1333,529.5981,529.5778
424.1667,529.3721,529.4305
424.2000,529.0961,529.2878
424.2333,528.7701,529.0312
424.2667,528.3942,528.6565
424.3000,527.9686,527.9730
424.3333,527.4933,527.4389
424.3667,526.9685,526.9151
424.4000,526.3944,526.4072
424.4333,525.7711,525.4964
424.4667,525.0988,524.9804
424.5000,524.3778,524.4072
424.5333,523.6082,523.4746
424.5667,522.7903,522.7279
424.6000,521.9243,521.6692
424.6333,521.0106,520.9507
424.6667,520.0493,519.6071
424.7000,519.0408,518.8266
424.7333,517.9853,517.5782
424.7667,516.8833,516.8665
424.8000,515.7350,515.5782
424.8333,514.5408,514.7436
424.8667,513.3010,513.0373
424.9000,512.0161,512.0007
424.9333,510.6864,510.7267
424.9667,509.3123,509.0215
425.0000,507.8942,507.5782
425.0333,506.4326,506.4897
425.0667,504.9279,504.8979
425.1000,503.3806,503.2786
425.1333,501.7912,501.4673
425.1667,500.1601,500.0007
425.2000,498.4878,498.5855
425.2333,496.7749,496.9286
425.2667,495.0218,494.9286
425.3000,493.2291,492.9286
425.3333,491.3973,491.1868
425.3667,489.5271,489.1868
425.4000,487.6189,487.4171
425.4333,485.6734,485.6436
425.4667,483.6911,483.6436
425.5000,481.6726,481.6101
425.5333,479.6186,479.4913
425.5667,477.5297,477.1868
425.6000,475.4066,475.1868
425.6333,473.2497,473.1052
425.6667,471.0600,471.1052
425.7000,468.8379,468.8194
425.7333,466.5841,466.8194
425.7667,464.2995,464.3586
425.8000,461.9846,461.7084
425.8333,459.6401,459.4628
425.8667,457.2668,457.1052
425.9000,454.8654,454.8194
425.9333,452.4367,452.3573
425.9667,449.9813,449.6872
426.0000,447.5000,447.2846
426.0333,444.9936,444.8998
426.0667,442.4628,442.3335
426.1000,439.9084,439.7084
426.1333,437.3312,437.2008
426.1667,434.7320,434.8191
426.2000,432.1115,432.0039
426.2333,429.4706,429.2846
426.2667,426.8101,426.7386
426.3000,424.1307,424.2522
426.3333,421.4333,421.2846
426.3667,418.7187,418.7386
426.4000,415.9878,415.6258
426.4333,413.2413,413.1412
426.4667,410.4802,410.7386
426.5000,407.7051,407.6041
426.5333,404.9171,404.7386
426.5667,402.1169,402.2522
426.6000,399.3054,399.2909
426.6333,396.4835,396.7386
426.6667,393.6519,393.4662
426.7000,390.8117,391.0466
426.7333,387.9636,387.9457
426.7667,385.1084,385.0466
426.8000,382.2472,382.1244
426.8333,379.3807,379.2000
426.8667,376.5098,376.6014
426.9000,373.6354,373.4692
426.9333,370.7584,370.7774
426.9667,367.8796,367.8348
427.0000,365.0000,364.9649
427.0333,362.1204,362.2522
427.0667,359.2416,359.0041
427.1000,356.3646,356.2522
427.1333,353.4902,353.2956
427.1667,350.6193,350.5905
427.2000,347.7528,347.4692
427.2333,344.8916,345.1278
427.2667,342.0364,341.8539
427.3000,339.1883,338.9943
427.3333,336.3481,336.3848
427.3667,333.5165,333.3882
427.4000,330.6946,330.7779
427.4333,327.8831,328.0725
427.4667,325.0829,324.9692
427.5000,322.2949,322.3954
427.5333,319.5198,319.3229
427.5667,316.7587,316.7774
427.6000,314.0122,313.8382
427.6333,311.2813,310.9692
427.6667,308.5667,308.5734
427.7000,305.8693,305.5590
427.7333,303.1899,302.9692
427.7667,300.5294,300.5734
427.8000,297.8885,297.5940
427.8333,295.2680,295.1331
427.8667,292.6688,292.7608
427.9000,290.0916,289.8301
427.9333,287.5372,287.3229
427.9667,285.0064,284.9362
428.0000,282.5000,282.4964
428.0333,280.0187,279.8382
428.0667,277.5633,277.3469
428.1000,275.1346,274.9692
428.1333,272.7332,272.5916
428.1667,270.3599,270.4661
428.2000,268.0154,267.8382
428.2333,265.7005,265.3325
428.2667,263.4159,262.9692
428.3000,261.1621,260.9692
428.3333,258.9400,258.9692
428.3667,256.7503,256.7182
428.4000,254.5934,254.5870
428.4333,252.4703,252.6087
428.4667,250.3814,250.6087
428.5000,248.3274,248.6118
428.5333,246.3089,246.6118
428.5667,244.3266,244.6118
428.6000,242.3811,242.6118
428.6333,240.4729,240.6118
428.6667,238.6027,238.6118
428.7000,236.7709,236.9692
428.7333,234.9782,234.9692
428.7667,233.2251,232.9692
428.8000,231.5122,231.3469
428.8333,229.8399,229.3469
428.8667,228.2088,227.9722
428.9000,226.6194,226.7869
428.9333,225.0721,224.9919
428.9667,223.5674,223.2509
429.0000,222.1058,222.1359
429.0333,220.6877,220.5703
429.0667,219.3136,219.1532
429.1000,217.9839,218.1389
429.1333,216.6990,216.7670
429.1667,215.4592,215.3469
429.2000,214.2650,214.1359
429.2333,213.1167,212.9692
429.2667,212.0147,212.1068
429.3000,210.9592,211.0352
429.3333,209.9507,210.1068
429.3667,208.9894,209.0352
429.4000,208.0757,208.0338
429.4333,207.2097,207.0352
429.4667,206.3918,206.5480
429.5000,205.6222,205.4370
429.5333,204.9012,205.0352
429.5667,204.2289,204.5480
429.6000,203.6056,203.5084
429.6333,203.0315,203.0352
429.6667,202.5067,202.6852
429.7000,202.0314,202.1061
429.7333,201.6058,201.4370
429.7667,201.2299,201.1876
429.8000,200.9039,200.9260
429.8333,200.6279,200.6566
429.8667,200.4019,200.5012
429.9000,200.2261,200.2856
429.9333,200.1005,200.2212
429.9667,200.0251,200.4097
430.0000,200.0000,199.7175
430.0333,200.0565,200.0248
430.0667,200.2261,200.2970
430.1000,200.5086,200.5736
430.1333,200.9039,201.0074
430.1667,201.4116,201.4603
430.2000,202.0314,202.0000
430.2333,202.7629,202.5614
430.2667,203.6056,203.4531
430.3000,204.5590,204.5614
430.3333,205.6222,205.4709
430.3667,206.7947,206.6399
430.4000,208.0757,208.0339
430.4333,209.4642,209.3148
430.4667,210.9592,211.0057
430.5000,212.5599,212.5614
430.5333,214.2650,214.0545
430.5667,216.0734,216.0351
430.6000,217.9839,218.0351
430.6333,219.9952,220.0312
430.6667,222.1058,222.0312
430.7000,224.3144,224.5110
430.7333,226.6194,226.8271
430.7667,229.0192,228.8271
430.8000,231.5122,231.2279
430.8333,234.0967,233.9186
430.8667,236.7709,236.8271
430.9000,239.5330,239.3057
430.9333,242.3811,242.4028
430.9667,245.3132,244.8443
431.0000,248.3274,248.3084
431.0333,251.4215,251.2360
431.0667,254.5934,254.7773
431.1000,257.8411,257.6207
431.1333,261.1621,260.9718
431.1667,264.5544,264.7616
431.2000,268.0154,267.9078
431.2333,271.5430,271.3628
431.2667,275.1346,274.9718
431.3000,278.7877,278.7843
431.3333,282.5000,282.5736
431.3667,286.2688,286.3276
431.4000,290.0916,290.0140
431.4333,293.9657,294.0080
431.4667,297.8885,298.0080
431.5000,301.8572,301.8270
431.5333,305.8693,305.8538
431.5667,309.9219,309.8952
431.6000,314.0122,313.9286
431.6333,318.1375,318.3074
431.6667,322.2949,322.3206
431.7000,326.4815,326.3206
431.7333,330.6946,330.7746
431.7667,334.9311,334.8882
431.8000,339.1883,338.9113
431.8333,343.4632,343.1405
431.8667,347.7528,347.7201
431.9000,352.0542,352.0128
431.9333,356.3646,356.5572
431.9667,360.6808,360.7654
432.0000,365.0000,364.9019
432.0333,369.3192,369.1133
432.0667,373.6354,373.4061
432.1000,377.9458,378.0068
432.1333,382.2472,382.2938
432.1667,386.5368,386.5057
432.2000,390.8117,390.9248
432.2333,395.0689,394.9815
432.2667,399.3054,398.9815
432.3000,403.5185,403.4386
432.3333,407.7051,407.6750
432.3667,411.8625,411.6750
432.4000,415.9878,415.6724
432.4333,420.0781,419.9592
432.4667,424.1307,423.9592
432.5000,428.1428,427.9592
432.5333,432.1115,431.9732
432.5667,436.0343,435.9732
432.6000,439.9084,439.7832
432.6333,443.7312,443.5665
432.6667,447.5000,447.1300
432.7000,451.2123,451.1300
432.7333,454.8654,455.0472
432.7667,458.4570,458.6724
432.8000,461.9846,461.9971
432.8333,465.4456,465.3231
432.8667,468.8379,469.0472
432.9000,472.1589,472.1505
432.9333,475.4066,475.4457
432.9667,478.5785,478.6960
433.0000,481.6726,481.4321
433.0333,484.6868,484.6960
433.0667,487.6189,487.4405
433.1000,490.4670,490.5956
433.1333,493.2291,492.9271
433.1667,495.9033,495.7024
433.2000,498.4878,498.5881
433.2333,500.9808,500.9299
433.2667,503.3806,503.4405
433.3000,505.6856,505.5920
433.3333,507.8942,507.8539
433.3667,510.0048,509.8539
433.4000,512.0161,511.8507
433.4333,513.9266,513.8539
433.4667,515.7350,515.5877
433.5000,517.4401,517.2555
433.5333,519.0408,519.0703
433.5667,520.5358,520.6064
433.6000,521.9243,521.8539
433.6333,523.2053,523.1840
433.6667,524.3778,524.4168
433.7000,525.4410,525.3793
433.7333,526.3944,526.3612
433.7667,527.2371,527.0589
433.8000,527.9686,527.9730
433.8333,528.5884,528.7756
433.8667,529.0961,529.3078
433.9000,529.4914,529.6322
433.9333,529.7739,529.6876
433.9667,529.9435,529.8282
434.0000,530.0000,529.8282
434.0333,529.9749,529.7932
434.0667,529.8995,529.7618
434.1000,529.7739,529.7341
434.1333,529.5981,529.5778
434.1667,529.3721,529.4305
434.2000,529.0961,529.2878
434.2333,528.7701,529.0312
434.2667,528.3942,528.6565
434.3000,527.9686,527.9730
434.3333,527.4933,527.4389
434.3667,526.9685,526.9151
434.4000,526.3944,526.4072
434.4333,525.7711,525.4964
434.4667,525.0988,524.9804
434.5000,524.3778,524.4072
434.5333,523.6082,523.4746
434.5667,522.7903,522.7279
434.6000,521.9243,521.6692
434.6333,521.0106,520.9507
434.6667,520.0493,519.6071
434.7000,519.0408,518.8266
434.7333,517.9853,517.5782
434.7667,516.8833,516.8665
434.8000,515.7350,515.5782
434.8333,514.5408,514.7436
434.8667,513.3010,513.0373
434.9000,512.0161,512.0007
434.9333,510.6864,510.7267
434.9667,509.3123,509.0215
435.0000,507.8942,507.5782
435.0333,506.4326,506.4897
435.0667,504.9279,504.8979
435.1000,503.3806,503.2786
435.1333,501.7912,501.4673
435.1667,500.1601,500.0007
435.2000,498.4878,498.5855
435.2333,496.7749,496.9286
435.2667,495.0218,494.9286
435.3000,493.2291,492.9286
435.3333,491.3973,491.1868
435.3667,489.5271,489.1868
435.4000,487.6189,487.4171
435.4333,485.6734,485.6436
435.4667,483.6911,483.6436
435.5000,481.6726,481.6101
435.5333,479.6186,479.4913
435.5667,477.5297,477.1868
435.6000,475.4066,475.1868
435.6333,473.2497,473.1052
435.6667,471.0600,471.1052
435.7000,468.8379,468.8194
435.7333,466.5841,466.8194
435.7667,464.2995,464.3586
435.8000,461.9846,461.7084
435.8333,459.6401,459.4628
435.8667,457.2668,457.1052
435.9000,454.8654,454.8194
435.9333,452.4367,452.3573
435.9667,449.9813,449.6872
436.0000,447.5000,447.2846
436.0333,444.9936,444.8998
436.0667,442.4628,442.3335
436.1000,439.9084,439.7084
436.1333,437.3312,437.2008
436.1667,434.7320,434.8191
436.2000,432.1115,432.0039
436.2333,429.4706,429.2846
436.2667,426.8101,426.7386
436.3000,424.1307,424.2522
436.3333,421.4333,421.2846
436.3667,418.7187,418.7386
436.4000,415.9878,415.6258
436.4333,413.2413,413.1412
436.4667,410.4802,410.7386
436.5000,407.7051,407.6041
436.5333,404.9171,404.7386
436.5667,402.1169,402.2522
436.6000,399.3054,399.2909
436.6333,396.4835,396.7386
436.6667,393.6519,393.4662
436.7000,390.8117,391.0466
436.7333,387.9636,387.9457
436.7667,385.1084,385.0466
436.8000,382.2472,382.1244
436.8333,379.3807,379.2000
436.8667,376.5098,376.6014
436.9000,373.6354,373.4692
436.9333,370.7584,370.7774
436.9667,367.8796,367.8348
437.0000,365.0000,364.9649
437.0333,362.1204,362.2522
437.0667,359.2416,359.0041
437.1000,356.3646,356.2522
437.1333,353.4902,353.2956
437.1667,350.6193,350.5905
437.2000,347.7528,347.4692
437.2333,344.8916,345.1278
437.2667,342.0364,341.8539
437.3000,339.1883,338.9943
437.3333,336.3481,336.3848
437.3667,333.5165,333.3882
437.4000,330.6946,330.7779
437.4333,327.8831,328.0725
437.4667,325.0829,324.9692
437.5000,322.2949,322.3954
437.5333,319.5198,319.3229
437.5667,316.7587,316.7774
437.6000,314.0122,313.8382
437.6333,311.2813,310.9692
437.6667,308.5667,308.5734
437.7000,305.8693,305.5590
437.7333,303.1899,302.9692
437.7667,300.5294,300.5734
437.8000,297.8885,297.5940
437.8333,295.2680,295.1331
437.8667,292.6688,292.7608
437.9000,290.0916,289.8301
437.9333,287.5372,287.3229
437.9667,285.0064,284.9362
438.0000,282.5000,282.4964
438.0333,280.0187,279.8382
438.0667,277.5633,277.3469
438.1000,275.1346,274.9692
438.1333,272.7332,272.5916
438.1667,270.3599,270.4661
438.2000,268.0154,267.8382
438.2333,265.7005,265.3325
438.2667,263.4159,262.9692
438.3000,261.1621,260.9692
438.3333,258.9400,258.9692
438.3667,256.7503,256.7182
438.4000,254.5934,254.5870
438.4333,252.4703,252.6087
438.4667,250.3814,250.6087
438.5000,248.3274,248.6118
438.5333,246.3089,246.6118
438.5667,244.3266,244.6118
438.6000,242.3811,242.6118
438.6333,240.4729,240.6118
438.6667,238.6027,238.6118
438.7000,236.7709,236.9692
438.7333,234.9782,234.9692
438.7667,233.2251,232.9692
438.8000,231.5122,231.3469
438.8333,229.8399,229.3469
438.8667,228.2088,227.9722
438.9000,226.6194,226.7869
438.9333,225.0721,224.9919
438.9667,223.5674,223.2509
439.0000,222.1058,222.1359
439.0333,220.6877,220.5703
439.0667,219.3136,219.1532
439.1000,217.9839,218.1389
439.1333,216.6990,216.7670
439.1667,215.4592,215.3469
439.2000,214.2650,214.1359
439.2333,213.1167,212.9692
439.2667,212.0147,212.1068
439.3000,210.9592,211.0352
439.3333,209.9507,210.1068
439.3667,208.9894,209.0352
439.4000,208.0757,208.0338
439.4333,207.2097,207.0352
439.4667,206.3918,206.5480
439.5000,205.6222,205.4370
439.5333,204.9012,205.0352
439.5667,204.2289,204.5480
439.6000,203.6056,203.5084
439.6333,203.0315,203.0352
439.6667,202.5067,202.6852
439.7000,202.0314,202.1061
439.7333,201.6058,201.4370
439.7667,201.2299,201.1876
439.8000,200.9039,200.9260
439.8333,200.6279,200.6566
439.8667,200.4019,200.5012
439.9000,200.2261,200.2856
439.9333,200.1005,200.2212
439.9667,200.0251,200.4097
440.0000,200.0000,199.7175
440.0333,200.0565,200.0248
440.0667,200.2261,200.2970
440.1000,200.5086,200.5736
440.1333,200.9039,201.0074
440.1667,201.4116,201.4603
440.2000,202.0314,202.0000
440.2333,202.7629,202.5614
440.2667,203.6056,203.4531
440.3000,204.5590,204.5614
440.3333,205.6222,205.4709
440.3667,206.7947,206.6399
440.4000,208.0757,208.0339
440.4333,209.4642,209.3148
440.4667,210.9592,211.0057
440.5000,212.5599,212.5614
440.5333,214.2650,214.0545
440.5667,216.0734,216.0351
440.6000,217.9839,218.0351
440.6333,219.9952,220.0312
440.6667,222.1058,222.0312
440.7000,224.3144,224.5110
440.7333,226.6194,226.8271
440.7667,229.0192,228.8271
440.8000,231.5122,231.2279
440.8333,234.0967,233.9186
440.8667,236.7709,236.8271
440.9000,239.5330,239.3057
440.9333,242.3811,242.4028
440.9667,245.3132,244.8443
441.0000,248.3274,248.3084
441.0333,251.4215,251.2360
441.0667,254.5934,254.7773
441.1000,257.8411,257.6207
441.1333,261.1621,260.9718
441.1667,264.5544,264.7616
441.2000,268.0154,267.9078
441.2333,271.5430,271.3628
441.2667,275.1346,274.9718
441.3000,278.7877,278.7843
441.3333,282.5000,282.5736
441.3667,286.2688,286.3276
441.4000,290.0916,290.0140
441.4333,293.9657,294.0080
441.4667,297.8885,298.0080
441.5000,301.8572,301.8270
441.5333,305.8693,305.8538
441.5667,309.9219,309.8952
441.6000,314.0122,313.9286
441.6333,318.1375,318.3074
441.6667,322.2949,322.3206
441.7000,326.4815,326.3206
441.7333,330.6946,330.7746
441.7667,334.9311,334.8882
441.8000,339.1883,338.9113
441.8333,343.4632,343.1405
441.8667,347.7528,347.7201
441.9000,352.0542,352.0128
441.9333,356.3646,356.5572
441.9667,360.6808,360.7654
442.0000,365.0000,364.9019
442.0333,369.3192,369.1133
442.0667,373.6354,373.4061
442.1000,377.9458,378.0068
442.1333,382.2472,382.2938
442.1667,386.5368,386.5057
442.2000,390.8117,390.9248
442.2333,395.0689,394.9815
442.2667,399.3054,398.9815
442.3000,403.5185,403.4386
442.3333,407.7051,407.6750
442.3667,411.8625,411.6750
442.4000,415.9878,415.6724
442.4333,420.0781,419.9592
442.4667,424.1307,423.9592
442.5000,428.1428,427.9592
442.5333,432.1115,431.9732
442.5667,436.0343,435.9732
442.6000,439.9084,439.7832
442.6333,443.7312,443.5665
442.6667,447.5000,447.1300
442.7000,451.2123,451.1300
442.7333,454.8654,455.0472
442.7667,458.4570,458.6724
442.8000,461.9846,461.9971
442.8333,465.4456,465.3231
442.8667,468.8379,469.0472
442.9000,472.1589,472.1505
442.9333,475.4066,475.4457
442.9667,478.5785,478.6960
443.0000,481.6726,481.4321
443.0333,484.6868,484.6960
443.0667,487.6189,487.4405
443.1000,490.4670,490.5956
443.1333,493.2291,492.9271
443.1667,495.9033,495.7024
443.2000,498.4878,498.5881
443.2333,500.9808,500.9299
443.2667,503.3806,503.4405
443.3000,505.6856,505.5920
443.3333,507.8942,507.8539
443.3667,510.0048,509.8539
443.4000,512.0161,511.8507
443.4333,513.9266,513.8539
443.4667,515.7350,515.5877
443.5000,517.4401,517.2555
443.5333,519.0408,519.0703
443.5667,520.5358,520.6064
443.6000,521.9243,521.8539
443.6333,523.2053,523.1840
443.6667,524.3778,524.4168
443.7000,525.4410,525.3793
443.7333,526.3944,526.3612
443.7667,527.2371,527.0589
443.8000,527.9686,527.9730
443.8333,528.5884,528.7756
443.8667,529.0961,529.3078
443.9000,529.4914,529.6322
443.9333,529.7739,529.6876
443.9667,529.9435,529.8282
444.0000,530.0000,529.8282
444.0333,529.9749,529.7932
444.0667,529.8995,529.7618
444.1000,529.7739,529.7341
444.1333,529.5981,529.5778
444.1667,529.3721,529.4305
444.2000,529.0961,529.2878
444.2333,528.7701,529.0312
444.2667,528.3942,528.6565
444.3000,527.9686,527.9730
444.3333,527.4933,527.4389
444.3667,526.9685,526.9151
444.4000,526.3944,526.4072
444.4333,525.7711,525.4964
444.4667,525.0988,524.9804
444.5000,524.3778,524.4072
444.5333,523.6082,523.4746
444.5667,522.7903,522.7279
444.6000,521.9243,521.6692
444.6333,521.0106,520.9507
444.6667,520.0493,519.6071
444.7000,519.0408,518.8266
444.7333,517.9853,517.5782
444.7667,516.8833,516.8665
444.8000,515.7350,515.5782
444.8333,514.5408,514.7436
444.8667,513.3010,513.0373
444.9000,512.0161,512.0007
444.9333,510.6864,510.7267
444.9667,509.3123,509.0215
445.0000,507.8942,507.5782
445.0333,506.4326,506.4897
445.0667,504.9279,504.8979
445.1000,503.3806,503.2786
445.1333,501.7912,501.4673
445.1667,500.1601,500.0007
445.2000,498.4878,498.5855
445.2333,496.7749,496.9286
445.2667,495.0218,494.9286
445.3000,493.2291,492.9286
445.3333,491.3973,491.1868
445.3667,489.5271,489.1868
445.4000,487.6189,487.4171
445.4333,485.6734,485.6436
445.4667,483.6911,483.6436
445.5000,481.6726,481.6101
445.5333,479.6186,479.4913
445.5667,477.5297,477.1868
445.6000,475.4066,475.1868
445.6333,473.2497,473.1052
445.6667,471.0600,471.1052
445.7000,468.8379,468.8194
445.7333,466.5841,466.8194
445.7667,464.2995,464.3586
445.8000,461.9846,461.7084
445.8333,459.6401,459.4628
445.8667,457.2668,457.1052
445.9000,454.8654,454.8194
445.9333,452.4367,452.3573
445.9667,449.9813,449.6872
446.0000,447.5000,447.2846
446.0333,444.9936,444.8998
446.0667,442.4628,442.3335
446.1000,439.9084,439.7084
446.1333,437.3312,437.2008
446.1667,434.7320,434.8191
446.2000,432.1115,432.0039
446.2333,429.4706,429.2846
446.2667,426.8101,426.7386
446.3000,424.1307,424.2522
446.3333,421.4333,421.2846
446.3667,418.7187,418.7386
446.4000,415.9878,415.6258
446.4333,413.2413,413.1412
446.4667,410.4802,410.7386
446.5000,407.7051,407.6041
446.5333,404.9171,404.7386
446.5667,402.1169,402.2522
446.6000,399.3054,399.2909
446.6333,396.4835,396.7386
446.6667,393.6519,393.4662
446.7000,390.8117,391.0466
446.7333,387.9636,387.9457
446.7667,385.1084,385.0466
446.8000,382.2472,382.1244
446.8333,379.3807,379.2000
446.8667,376.5098,376.6014
446.9000,373.6354,373.4692
446.9333,370.7584,370.7774
446.9667,367.8796,367.8348
447.0000,365.0000,364.9649
447.0333,362.1204,362.2522
447.0667,359.2416,359.0041
447.1000,356.3646,356.2522
447.1333,353.4902,353.2956
447.1667,350.6193,350.5905
447.2000,347.7528,347.4692
447.2333,344.8916,345.1278
447.2667,342.0364,341.8539
447.3000,339.1883,338.9943
447.3333,336.3481,336.3848
447.3667,333.5165,333.3882
447.4000,330.6946,330.7779
447.4333,327.8831,328.0725
447.4667,325.0829,324.9692
447.5000,322.2949,322.3954
447.5333,319.5198,319.3229
447.5667,316.7587,316.7774
447.6000,314.0122,313.8382
447.6333,311.2813,310.9692
447.6667,308.5667,308.5734
447.7000,305.8693,305.5590
447.7333,303.1899,302.9692
447.7667,300.5294,300.5734
447.8000,297.8885,297.5940
447.8333,295.2680,295.1331
447.8667,292.6688,292.7608
447.9000,290.0916,289.8301
447.9333,287.5372,287.3229
447.9667,285.0064,284.9362
448.0000,282.5000,282.4964
448.0333,280.0187,279.8382
448.0667,277.5633,277.3469
448.1000,275.1346,274.9692
448.1333,272.7332,272.5916
448.1667,270.3599,270.4661
448.2000,268.0154,267.8382
448.2333,265.7005,265.3325
448.2667,263.4159,262.9692
448.3000,261.1621,260.9692
448.3333,258.9400,258.9692
448.3667,256.7503,256.7182
448.4000,254.5934,254.5870
448.4333,252.4703,252.6087
448.4667,250.3814,250.6087
448.5000,248.3274,248.6118
448.5333,246.3089,246.6118
448.5667,244.3266,244.6118
448.6000,242.3811,242.6118
448.6333,240.4729,240.6118
448.6667,238.6027,238.6118
448.7000,236.7709,236.9692
448.7333,234.9782,234.9692
448.7667,233.2251,232.9692
448.8000,231.5122,231.3469
448.8333,229.8399,229.3469
448.8667,228.2088,227.9722
448.9000,226.6194,226.7869
448.9333,225.0721,224.9919
448.9667,223.5674,223.2509
449.0000,222.1058,222.1359
449.0333,220.6877,220.5703
449.0667,219.3136,219.1532
449.1000,217.9839,218.1389
449.1333,216.6990,216.7670
449.1667,215.4592,215.3469
449.2000,214.2650,214.1359
449.2333,213.1167,212.9692
449.2667,212.0147,212.1068
449.3000,210.9592,211.0352
449.3333,209.9507,210.1068
449.3667,208.9894,209.0352
449.4000,208.0757,208.0338
449.4333,207.2097,207.0352
449.4667,206.3918,206.5480
449.5000,205.6222,205.4370
449.5333,204.9012,205.0352
449.5667,204.2289,204.5480
449.6000,203.6056,203.5084
449.6333,203.0315,203.0352
449.6667,202.5067,202.6852
449.7000,202.0314,202.1061
449.7333,201.6058,201.4370
449.7667,201.2299,201.1876
449.8000,200.9039,200.9260
449.8333,200.6279,200.6566
449.8667,200.4019,200.5012
449.9000,200.2261,200.2856
449.9333,200.1005,200.2212
449.9667,200.0251,200.4097
450.0000,200.0000,199.7175
450.0333,200.0565,200.0248
450.0667,200.2261,200.2970
450.1000,200.5086,200.5736
450.1333,200.9039,201.0074
450.1667,201.4116,201.4603
450.2000,202.0314,202.0000
450.2333,202.7629,202.5614
450.2667,203.6056,203.4531
450.3000,204.5590,204.5614
450.3333,205.6222,205.4709
450.3667,206.7947,206.6399
450.4000,208.0757,208.0339
450.4333,209.4642,209.3148
450.4667,210.9592,211.0057
450.5000,212.5599,212.5614
450.5333,214.2650,214.0545
450.5667,216.0734,216.0351
450.6000,217.9839,218.0351
450.6333,219.9952,220.0312
450.6667,222.1058,222.0312
450.7000,224.3144,224.5110
450.7333,226.6194,226.8271
450.7667,229.0192,228.8271
450.8000,231.5122,231.2279
450.8333,234.0967,233.9186
450.8667,236.7709,236.8271
450.9000,239.5330,239.3057
450.9333,242.3811,242.4028
450.9667,245.3132,244.8443
451.0000,248.3274,248.3084
451.0333,251.4215,251.2360
451.0667,254.5934,254.7773
451.1000,257.8411,257.6207
451.1333,261.1621,260.9718
451.1667,264.5544,264.7616
451.2000,268.0154,267.9078
451.2333,271.5430,271.3628
451.2667,275.1346,274.9718
451.3000,278.7877,278.7843
451.3333,282.5000,282.5736
451.3667,286.2688,286.3276
451.4000,290.0916,290.0140
451.4333,293.9657,294.0080
451.4667,297.8885,298.0080
451.5000,301.8572,301.8270
451.5333,305.8693,305.8538
451.5667,309.9219,309.8952
451.6000,314.0122,313.9286
451.6333,318.1375,318.3074
451.6667,322.2949,322.3206
451.7000,326.4815,326.3206
451.7333,330.6946,330.7746
451.7667,334.9311,334.8882
451.8000,339.1883,338.9113
451.8333,343.4632,343.1405
451.8667,347.7528,347.7201
451.9000,352.0542,352.0128
451.9333,356.3646,356.5572
451.9667,360.6808,360.7654
452.0000,365.0000,364.9019
452.0333,369.3192,369.1133
452.0667,373.6354,373.4061
452.1000,377.9458,378.0068
452.1333,382.2472,382.2938
452.1667,386.5368,386.5057
452.2000,390.8117,390.9248
452.2333,395.0689,394.9815
452.2667,399.3054,398.9815
452.3000,403.5185,403.4386
452.3333,407.7051,407.6750
452.3667,411.8625,411.6750
452.4000,415.9878,415.6724
452.4333,420.0781,419.9592
452.4667,424.1307,423.9592
452.5000,428.1428,427.9592
452.5333,432.1115,431.9732
452.5667,436.0343,435.9732
452.6000,439.9084,439.7832
452.6333,443.7312,443.5665
452.6667,447.5000,447.1300
452.7000,451.2123,451.1300
452.7333,454.8654,455.0472
452.7667,458.4570,458.6724
452.8000,461.9846,461.9971
452.8333,465.4456,465.3231
452.8667,468.8379,469.0472
452.9000,472.1589,472.1505
452.9333,475.4066,475.4457
452.9667,478.5785,478.6960
453.0000,481.6726,481.4321
453.0333,484.6868,484.6960
453.0667,487.6189,487.4405
453.1000,490.4670,490.5956
453.1333,493.2291,492.9271
453.1667,495.9033,495.7024
453.2000,498.4878,498.5881
453.2333,500.9808,500.9299
453.2667,503.3806,503.4405
453.3000,505.6856,505.5920
453.3333,507.8942,507.8539
453.3667,510.0048,509.8539
453.4000,512.0161,511.8507
453.4333,513.9266,513.8539
453.4667,515.7350,515.5877
453.5000,517.4401,517.2555
453.5333,519.0408,519.0703
453.5667,520.5358,520.6064
453.6000,521.9243,521.8539
453.6333,523.2053,523.1840
453.6667,524.3778,524.4168
453.7000,525.4410,525.3793
453.7333,526.3944,526.3612
453.7667,527.2371,527.0589
453.8000,527.9686,527.9730
453.8333,528.5884,528.7756
453.8667,529.0961,529.3078
453.9000,529.4914,529.6322
453.9333,529.7739,529.6876
453.9667,529.9435,529.8282
454.0000,530.0000,529.8282
454.0333,529.9749,529.7932
454.0667,529.8995,529.7618
454.1000,529.7739,529.7341
454.1333,529.5981,529.5778
454.1667,529.3721,529.4305
454.2000,529.0961,529.2878
454.2333,528.7701,529.0312
454.2667,528.3942,528.6565
454.3000,527.9686,527.9730
454.3333,527.4933,527.4389
454.3667,526.9685,526.9151
454.4000,526.3944,526.4072
454.4333,525.7711,525.4964
454.4667,525.0988,524.9804
454.5000,524.3778,524.4072
454.5333,523.6082,523.4746
454.5667,522.7903,522.7279
454.6000,521.9243,521.6692
454.6333,521.0106,520.9507
454.6667,520.0493,519.6071
454.7000,519.0408,518.8266
454.7333,517.9853,517.5782
454.7667,516.8833,516.8665
454.8000,515.7350,515.5782
454.8333,514.5408,514.7436
454.8667,513.3010,513.0373
454.9000,512.0161,512.0007
454.9333,510.6864,510.7267
454.9667,509.3123,509.0215
455.0000,507.8942,507.5782
455.0333,506.4326,506.4897
455.0667,504.9279,504.8979
455.1000,503.3806,503.2786
455.1333,501.7912,501.4673
455.1667,500.1601,500.0007
455.2000,498.4878,498.5855
455.2333,496.7749,496.9286
455.2667,495.0218,494.9286
455.3000,493.2291,492.9286
455.3333,491.3973,491.1868
455.3667,489.5271,489.1868
455.4000,487.6189,487.4171
455.4333,485.6734,485.6436
455.4667,483.6911,483.6436
455.5000,481.6726,481.6101
455.5333,479.6186,479.4913
455.5667,477.5297,477.1868
455.6000,475.4066,475.1868
455.6333,473.2497,473.1052
455.6667,471.0600,471.1052
455.7000,468.8379,468.8194
455.7333,466.5841,466.8194
455.7667,464.2995,464.3586
455.8000,461.9846,461.7084
455.8333,459.6401,459.4628
455.8667,457.2668,457.1052
455.9000,454.8654,454.8194
455.9333,452.4367,452.3573
455.9667,449.9813,449.6872
456.0000,447.5000,447.2846
456.0333,444.9936,444.8998
456.0667,442.4628,442.3335
456.1000,439.9084,439.7084
456.1333,437.3312,437.2008
456.1667,434.7320,434.8191
456.2000,432.1115,432.0039
456.2333,429.4706,429.2846
456.2667,426.8101,426.7386
456.3000,424.1307,424.2522
456.3333,421.4333,421.2846
456.3667,418.7187,418.7386
456.4000,415.9878,415.6258
456.4333,413.2413,413.1412
456.4667,410.4802,410.7386
456.5000,407.7051,407.6041
456.5333,404.9171,404.7386
456.5667,402.1169,402.2522
456.6000,399.3054,399.2909
456.6333,396.4835,396.7386
456.6667,393.6519,393.4662
456.7000,390.8117,391.0466
456.7333,387.9636,387.9457
456.7667,385.1084,385.0466
456.8000,382.2472,382.1244
456.8333,379.3807,379.2000
456.8667,376.5098,376.6014
456.9000,373.6354,373.4692
456.9333,370.7584,370.7774
456.9667,367.8796,367.8348
457.0000,365.0000,364.9649
457.0333,362.1204,362.2522
457.0667,359.2416,359.0041
457.1000,356.3646,356.2522
457.1333,353.4902,353.2956
457.1667,350.6193,350.5905
457.2000,347.7528,347.4692
457.2333,344.8916,345.1278
457.2667,342.0364,341.8539
457.3000,339.1883,338.9943
457.3333,336.3481,336.3848
457.3667,333.5165,333.3882
457.4000,330.6946,330.7779
457.4333,327.8831,328.0725
457.4667,325.0829,324.9692
457.5000,322.2949,322.3954
457.5333,319.5198,319.3229
457.5667,316.7587,316.7774
457.6000,314.0122,313.8382
457.6333,311.2813,310.9692
457.6667,308.5667,308.5734
457.7000,305.8693,305.5590
457.7333,303.1899,302.9692
457.7667,300.5294,300.5734
457.8000,297.8885,297.5940
457.8333,295.2680,295.1331
457.8667,292.6688,292.7608
457.9000,290.0916,289.8301
457.9333,287.5372,287.3229
457.9667,285.0064,284.9362
458.0000,282.5000,282.4964
458.0333,280.0187,279.8382
458.0667,277.5633,277.3469
458.1000,275.1346,274.9692
458.1333,272.7332,272.5916
458.1667,270.3599,270.4661
458.2000,268.0154,267.8382
458.2333,265.7005,265.3325
458.2667,263.4159,262.9692
458.3000,261.1621,260.9692
458.3333,258.9400,258.9692
458.3667,256.7503,256.7182
458.4000,254.5934,254.5870
458.4333,252.4703,252.6087
458.4667,250.3814,250.6087
458.5000,248.3274,248.6118
458.5333,246.3089,246.6118
458.5667,244.3266,244.6118
458.6000,242.3811,242.6118
458.6333,240.4729,240.6118
458.6667,238.6027,238.6118
458.7000,236.7709,236.9692
458.7333,234.9782,234.9692
458.7667,233.2251,232.9692
458.8000,231.5122,231.3469
458.8333,229.8399,229.3469
458.8667,228.2088,227.9722
458.9000,226.6194,226.7869
458.9333,225.0721,224.9919
458.9667,223.5674,223.2509
459.0000,222.1058,222.1359
459.0333,220.6877,220.5703
459.0667,219.3136,219.1532
459.1000,217.9839,218.1389
459.1333,216.6990,216.7670
459.1667,215.4592,215.3469
459.2000,214.2650,214.1359
459.2333,213.1167,212.9692
459.2667,212.0147,212.1068
459.3000,210.9592,211.0352
459.3333,209.9507,210.1068
459.3667,208.9894,209.0352
459.4000,208.0757,208.0338
459.4333,207.2097,207.0352
459.4667,206.3918,206.5480
459.5000,205.6222,205.4370
459.5333,204.9012,205.0352
459.5667,204.2289,204.5480
459.6000,203.6056,203.5084
459.6333,203.0315,203.0352
459.6667,202.5067,202.6852
459.7000,202.0314,202.1061
459.7333,201.6058,201.4370
459.7667,201.2299,201.1876
459.8000,200.9039,200.9260
459.8333,200.6279,200.6566
459.8667,200.4019,200.5012
459.9000,200.2261,200.2856
459.9333,200.1005,200.2212
459.9667,200.0251,200.4097
460.0000,200.0000,199.7175
460.0333,200.0565,200.0248
460.0667,200.2261,200.2970
460.1000,200.5086,200.5736
460.1333,200.9039,201.0074
460.1667,201.4116,201.4603
460.2000,202.0314,202.0000
460.2333,202.7629,202.5614
460.2667,203.6056,203.4531
460.3000,204.5590,204.5614
460.3333,205.6222,205.4709
460.3667,206.7947,206.6399
460.4000,208.0757,208.0339
460.4333,209.4642,209.3148
460.4667,210.9592,211.0057
460.5000,212.5599,212.5614
460.5333,214.2650,214.0545
460.5667,216.0734,216.0351
460.6000,217.9839,218.0351
460.6333,219.9952,220.0312
460.6667,222.1058,222.0312
460.7000,224.3144,224.5110
460.7333,226.6194,226.8271
460.7667,229.0192,228.8271
460.8000,231.5122,231.2279
460.8333,234.0967,233.9186
460.8667,236.7709,236.8271
460.9000,239.5330,239.3057
460.9333,242.3811,242.4028
460.9667,245.3132,244.8443
461.0000,248.3274,248.3084
461.0333,251.4215,251.2360
461.0667,254.5934,254.7773
461.1000,257.8411,257.6207
461.1333,261.1621,260.9718
461.1667,264.5544,264.7616
461.2000,268.0154,267.9078
461.2333,271.5430,271.3628
461.2667,275.1346,274.9718
461.3000,278.7877,278.7843
461.3333,282.5000,282.5736
461.3667,286.2688,286.3276
461.4000,290.0916,290.0140
461.4333,293.9657,294.0080
461.4667,297.8885,298.0080
461.5000,301.8572,301.8270
461.5333,305.8693,305.8538
461.5667,309.9219,309.8952
461.6000,314.0122,313.9286
461.6333,318.1375,318.3074
461.6667,322.2949,322.3206
461.7000,326.4815,326.3206
461.7333,330.6946,330.7746
461.7667,334.9311,334.8882
461.8000,339.1883,338.9113
461.8333,343.4632,343.1405
461.8667,347.7528,347.7201
461.9000,352.0542,352.0128
461.9333,356.3646,356.5572
461.9667,360.6808,360.7654
462.0000,365.0000,364.9019
462.0333,369.3192,369.1133
462.0667,373.6354,373.4061
462.1000,377.9458,378.0068
462.1333,382.2472,382.2938
462.1667,386.5368,386.5057
462.2000,390.8117,390.9248
462.2333,395.0689,394.9815
462.2667,399.3054,398.9815
462.3000,403.5185,403.4386
462.3333,407.7051,407.6750
462.3667,411.8625,411.6750
462.4000,415.9878,415.6724
462.4333,420.0781,419.9592
462.4667,424.1307,423.9592
462.5000,428.1428,427.9592
462.5333,432.1115,431.9732
462.5667,436.0343,435.9732
462.6000,439.9084,439.7832
462.6333,443.7312,443.5665
462.6667,447.5000,447.1300
462.7000,451.2123,451.1300
462.7333,454.8654,455.0472
462.7667,458.4570,458.6724
462.8000,461.9846,461.9971
462.8333,465.4456,465.3231
462.8667,468.8379,469.0472
462.9000,472.1589,472.1505
462.9333,475.4066,475.4457
462.9667,478.5785,478.6960
463.0000,481.6726,481.4321
463.0333,484.6868,484.6960
463.0667,487.6189,487.4405
463.1000,490.4670,490.5956
463.1333,493.2291,492.9271
463.1667,495.9033,495.7024
463.2000,498.4878,498.5881
463.2333,500.9808,500.9299
463.2667,503.3806,503.4405
463.3000,505.6856,505.5920
463.3333,507.8942,507.8539
463.3667,510.0048,509.8539
463.4000,512.0161,511.8507
463.4333,513.9266,513.8539
463.4667,515.7350,515.5877
463.5000,517.4401,517.2555
463.5333,519.0408,519.0703
463.5667,520.5358,520.6064
463.6000,521.9243,521.8539
463.6333,523.2053,523.1840
463.6667,524.3778,524.4168
463.7000,525.4410,525.3793
463.7333,526.3944,526.3612
463.7667,527.2371,527.0589
463.8000,527.9686,527.9730
463.8333,528.5884,528.7756
463.8667,529.0961,529.3078
463.9000,529.4914,529.6322
463.9333,529.7739,529.6876
463.9667,529.9435,529.8282
464.0000,530.0000,529.8282
464.0333,529.9749,529.7932
464.0667,529.8995,529.7618
464.1000,529.7739,529.7341
464.1333,529.5981,529.5778
464.1667,529.3721,529.4305
464.2000,529.0961,529.2878
464.2333,528.7701,529.0312
464.2667,528.3942,528.6565
464.3000,527.9686,527.9730
464.3333,527.4933,527.4389
464.3667,526.9685,526.9151
464.4000,526.3944,526.4072
464.4333,525.7711,525.4964
464.4667,525.0988,524.9804
464.5000,524.3778,524.4072
464.5333,523.6082,523.4746
464.5667,522.7903,522.7279
464.6000,521.9243,521.6692
464.6333,521.0106,520.9507
464.6667,520.0493,519.6071
464.7000,519.0408,518.8266
464.7333,517.9853,517.5782
464.7667,516.8833,516.8665
464.8000,515.7350,515.5782
464.8333,514.5408,514.7436
464.8667,513.3010,513.0373
464.9000,512.0161,512.0007
464.9333,510.6864,510.7267
464.9667,509.3123,509.0215
465.0000,507.8942,507.5782
465.0333,506.4326,506.4897
465.0667,504.9279,504.8979
465.1000,503.3806,503.2786
465.1333,501.7912,501.4673
465.1667,500.1601,500.0007
465.2000,498.4878,498.5855
465.2333,496.7749,496.9286
465.2667,495.0218,494.9286
465.3000,493.2291,492.9286
465.3333,491.3973,491.1868
465.3667,489.5271,489.1868
465.4000,487.6189,487.4171
465.4333,485.6734,485.6436
465.4667,483.6911,483.6436
465.5000,481.6726,481.6101
465.5333,479.6186,479.4913
465.5667,477.5297,477.1868
465.6000,475.4066,475.1868
465.6333,473.2497,473.1052
465.6667,471.0600,471.1052
465.7000,468.8379,468.8194
465.7333,466.5841,466.8194
465.7667,464.2995,464.3586
465.8000,461.9846,461.7084
465.8333,459.6401,459.4628
465.8667,457.2668,457.1052
465.9000,454.8654,454.8194
465.9333,452.4367,452.3573
465.9667,449.9813,449.6872
466.0000,447.5000,447.2846
466.0333,444.9936,444.8998
466.0667,442.4628,442.3335
466.1000,439.9084,439.7084
466.1333,437.3312,437.2008
466.1667,434.7320,434.8191
466.2000,432.1115,432.0039
466.2333,429.4706,429.2846
466.2667,426.8101,426.7386
466.3000,424.1307,424.2522
466.3333,421.4333,421.2846
466.3667,418.7187,418.7386
466.4000,415.9878,415.6258
466.4333,413.2413,413.1412
466.4667,410.4802,410.7386
466.5000,407.7051,407.6041
466.5333,404.9171,404.7386
466.5667,402.1169,402.2522
466.6000,399.3054,399.2909
466.6333,396.4835,396.7386
466.6667,393.6519,393.4662
466.7000,390.8117,391.0466
466.7333,387.9636,387.9457
466.7667,385.1084,385.0466
466.8000,382.2472,382.1244
466.8333,379.3807,379.2000
466.8667,376.5098,376.6014
466.9000,373.6354,373.4692
466.9333,370.7584,370.7774
466.9667,367.8796,367.8348
467.0000,365.0000,364.9649
467.0333,362.1204,362.2522
467.0667,359.2416,359.0041
467.1000,356.3646,356.2522
467.1333,353.4902,353.2956
467.1667,350.6193,350.5905
467.2000,347.7528,347.4692
467.2333,344.8916,345.1278
467.2667,342.0364,341.8539
467.3000,339.1883,338.9943
467.3333,336.3481,336.3848
467.3667,333.5165,333.3882
467.4000,330.6946,330.7779
467.4333,327.8831,328.0725
467.4667,325.0829,324.9692
467.5000,322.2949,322.3954
467.5333,319.5198,319.3229
467.5667,316.7587,316.7774
467.6000,314.0122,313.8382
467.6333,311.2813,310.9692
467.6667,308.5667,308.5734
467.7000,305.8693,305.5590
467.7333,303.1899,302.9692
467.7667,300.5294,300.5734
467.8000,297.8885,297.5940
467.8333,295.2680,295.1331
467.8667,292.6688,292.7608
467.9000,290.0916,289.8301
467.9333,287.5372,287.3229
467.9667,285.0064,284.9362
468.0000,282.5000,282.4964
468.0333,280.0187,279.8382
468.0667,277.5633,277.3469
468.1000,275.1346,274.9692
468.1333,272.7332,272.5916
468.1667,270.3599,270.4661
468.2000,268.0154,267.8382
468.2333,265.7005,265.3325
468.2667,263.4159,262.9692
468.3000,261.1621,260.9692
468.3333,258.9400,258.9692
468.3667,256.7503,256.7182
468.4000,254.5934,254.5870
468.4333,252.4703,252.6087
468.4667,250.3814,250.6087
468.5000,248.3274,248.6118
468.5333,246.3089,246.6118
468.5667,244.3266,244.6118
468.6000,242.3811,242.6118
468.6333,240.4729,240.6118
468.6667,238.6027,238.6118
468.7000,236.7709,236.9692
468.7333,234.9782,234.9692
468.7667,233.2251,232.9692
468.8000,231.5122,231.3469
468.8333,229.8399,229.3469
468.8667,228.2088,227.9722
468.9000,226.6194,226.7869
468.9333,225.0721,224.9919
468.9667,223.5674,223.2509
469.0000,222.1058,222.1359
469.0333,220.6877,220.5703
469.0667,219.3136,219.1532
469.1000,217.9839,218.1389
469.1333,216.6990,216.7670
469.1667,215.4592,215.3469
469.2000,214.2650,214.1359
469.2333,213.1167,212.9692
469.2667,212.0147,212.1068
469.3000,210.9592,211.0352
469.3333,209.9507,210.1068
469.3667,208.9894,209.0352
469.4000,208.0757,208.0338
469.4333,207.2097,207.0352
469.4667,206.3918,206.5480
469.5000,205.6222,205.4370
469.5333,204.9012,205.0352
469.5667,204.2289,204.5480
469.6000,203.6056,203.5084
469.6333,203.0315,203.0352
469.6667,202.5067,202.6852
469.7000,202.0314,202.1061
469.7333,201.6058,201.4370
469.7667,201.2299,201.1876
469.8000,200.9039,200.9260
469.8333,200.6279,200.6566
469.8667,200.4019,200.5012
469.9000,200.2261,200.2856
469.9333,200.1005,200.2212
469.9667,200.0251,200.4097
470.0000,200.0000,199.7175
470.0333,200.0565,200.0248
470.0667,200.2261,200.2970
470.1000,200.5086,200.5736
470.1333,200.9039,201.0074
470.1667,201.4116,201.4603
470.2000,202.0314,202.0000
470.2333,202.7629,202.5614
470.2667,203.6056,203.4531
470.3000,204.5590,204.5614
470.3333,205.6222,205.4709
470.3667,206.7947,206.6399
470.4000,208.0757,208.0339
470.4333,209.4642,209.3148
470.4667,210.9592,211.0057
470.5000,212.5599,212.5614
470.5333,214.2650,214.0545
470.5667,216.0734,216.0351
470.6000,217.9839,218.0351
470.6333,219.9952,220.0312
470.6667,222.1058,222.0312
470.7000,224.3144,224.5110
470.7333,226.6194,226.8271
470.7667,229.0192,228.8271
470.8000,231.5122,231.2279
470.8333,234.0967,233.9186
470.8667,236.7709,236.8271
470.9000,239.5330,239.3057
470.9333,242.3811,242.4028
470.9667,245.3132,244.8443
471.0000,248.3274,248.3084
471.0333,251.4215,251.2360
471.0667,254.5934,254.7773
471.1000,257.8411,257.6207
471.1333,261.1621,260.9718
471.1667,264.5544,264.7616
471.2000,268.0154,267.9078
471.2333,271.5430,271.3628
471.2667,275.1346,274.9718
471.3000,278.7877,278.7843
471.3333,282.5000,282.5736
471.3667,286.2688,286.3276
471.4000,290.0916,290.0140
471.4333,293.9657,294.0080
471.4667,297.8885,298.0080
471.5000,301.8572,301.8270
471.5333,305.8693,305.8538
471.5667,309.9219,309.8952
471.6000,314.0122,313.9286
471.6333,318.1375,318.3074
471.6667,322.2949,322.3206
471.7000,326.4815,326.3206
471.7333,330.6946,330.7746
471.7667,334.9311,334.8882
471.8000,339.1883,338.9113
471.8333,343.4632,343.1405
471.8667,347.7528,347.7201
471.9000,352.0542,352.0128
471.9333,356.3646,356.5572
471.9667,360.6808,360.7654
472.0000,365.0000,364.9019
472.0333,369.3192,369.1133
472.0667,373.6354,373.4061
472.1000,377.9458,378.0068
472.1333,382.2472,382.2938
472.1667,386.5368,386.5057
472.2000,390.8117,390.9248
472.2333,395.0689,394.9815
472.2667,399.3054,398.9815
472.3000,403.5185,403.4386
472.3333,407.7051,407.6750
472.3667,411.8625,411.6750
472.4000,415.9878,415.6724
472.4333,420.0781,419.9592
472.4667,424.1307,423.9592
472.5000,428.1428,427.9592
472.5333,432.1115,431.9732
472.5667,436.0343,435.9732
472.6000,439.9084,439.7832
472.6333,443.7312,443.5665
472.6667,447.5000,447.1300
472.7000,451.2123,451.1300
472.7333,454.8654,455.0472
472.7667,458.4570,458.6724
472.8000,461.9846,461.9971
472.8333,465.4456,465.3231
472.8667,468.8379,469.0472
472.9000,472.1589,472.1505
472.9333,475.4066,475.4457
472.9667,478.5785,478.6960
473.0000,481.6726,481.4321
473.0333,484.6868,484.6960
473.0667,487.6189,487.4405
473.1000,490.4670,490.5956
473.1333,493.2291,492.9271
473.1667,495.9033,495.7024
473.2000,498.4878,498.5881
473.2333,500.9808,500.9299
473.2667,503.3806,503.4405
473.3000,505.6856,505.5920
473.3333,507.8942,507.8539
473.3667,510.0048,509.8539
473.4000,512.0161,511.8507
473.4333,513.9266,513.8539
473.4667,515.7350,515.5877
473.5000,517.4401,517.2555
473.5333,519.0408,519.0703
473.5667,520.5358,520.6064
473.6000,521.9243,521.8539
473.6333,523.2053,523.1840
473.6667,524.3778,524.4168
473.7000,525.4410,525.3793
473.7333,526.3944,526.3612
473.7667,527.2371,527.0589
473.8000,527.9686,527.9730
473.8333,528.5884,528.7756
473.8667,529.0961,529.3078
473.9000,529.4914,529.6322
473.9333,529.7739,529.6876
473.9667,529.9435,529.8282
474.0000,530.0000,529.8282
474.0333,529.9749,529.7932
474.0667,529.8995,529.7618
474.1000,529.7739,529.7341
474.1333,529.5981,529.5778
474.1667,529.3721,529.4305
474.2000,529.0961,529.2878
474.2333,528.7701,529.0312
474.2667,528.3942,528.6565
474.3000,527.9686,527.9730
474.3333,527.4933,527.4389
474.3667,526.9685,526.9151
474.4000,526.3944,526.4072
474.4333,525.7711,525.4964
474.4667,525.0988,524.9804
474.5000,524.3778,524.4072
474.5333,523.6082,523.4746
474.5667,522.7903,522.7279
474.6000,521.9243,521.6692
474.6333,521.0106,520.9507
474.6667,520.0493,519.6071
474.7000,519.0408,518.8266
474.7333,517.9853,517.5782
474.7667,516.8833,516.8665
474.8000,515.7350,515.5782
474.8333,514.5408,514.7436
474.8667,513.3010,513.0373
474.9000,512.0161,512.0007
474.9333,510.6864,510.7267
474.9667,509.3123,509.0215
475.0000,507.8942,507.5782
475.0333,506.4326,506.4897
475.0667,504.9279,504.8979
475.1000,503.3806,503.2786
475.1333,501.7912,501.4673
475.1667,500.1601,500.0007
475.2000,498.4878,498.5855
475.2333,496.7749,496.9286
475.2667,495.0218,494.9286
475.3000,493.2291,492.9286
475.3333,491.3973,491.1868
475.3667,489.5271,489.1868
475.4000,487.6189,487.4171
475.4333,485.6734,485.6436
475.4667,483.6911,483.6436
475.5000,481.6726,481.6101
475.5333,479.6186,479.4913
475.5667,477.5297,477.1868
475.6000,475.4066,475.1868
475.6333,473.2497,473.1052
475.6667,471.0600,471.1052
475.7000,468.8379,468.8194
475.7333,466.5841,466.8194
475.7667,464.2995,464.3586
475.8000,461.9846,461.7084
475.8333,459.6401,459.4628
475.8667,457.2668,457.1052
475.9000,454.8654,454.8194
475.9333,452.4367,452.3573
475.9667,449.9813,449.6872
476.0000,447.5000,447.2846
476.0333,444.9936,444.8998
476.0667,442.4628,442.3335
476.1000,439.9084,439.7084
476.1333,437.3312,437.2008
476.1667,434.7320,434.8191
476.2000,432.1115,432.0039
476.2333,429.4706,429.2846
476.2667,426.8101,426.7386
476.3000,424.1307,424.2522
476.3333,421.4333,421.2846
476.3667,418.7187,418.7386
476.4000,415.9878,415.6258
476.4333,413.2413,413.1412
476.4667,410.4802,410.7386
476.5000,407.7051,407.6041
476.5333,404.9171,404.7386
476.5667,402.1169,402.2522
476.6000,399.3054,399.2909
476.6333,396.4835,396.7386
476.6667,393.6519,393.4662
476.7000,390.8117,391.0466
476.7333,387.9636,387.9457
476.7667,385.1084,385.0466
476.8000,382.2472,382.1244
476.8333,379.3807,379.2000
476.8667,376.5098,376.6014
476.9000,373.6354,373.4692
476.9333,370.7584,370.7774
476.9667,367.8796,367.8348
477.0000,365.0000,364.9649
477.0333,362.1204,362.2522
477.0667,359.2416,359.0041
477.1000,356.3646,356.2522
477.1333,353.4902,353.2956
477.1667,350.6193,350.5905
477.2000,347.7528,347.4692
477.2333,344.8916,345.1278
477.2667,342.0364,341.8539
477.3000,339.1883,338.9943
477.3333,336.3481,336.3848
477.3667,333.5165,333.3882
477.4000,330.6946,330.7779
477.4333,327.8831,328.0725
477.4667,325.0829,324.9692
477.5000,322.2949,322.3954
477.5333,319.5198,319.3229
477.5667,316.7587,316.7774
477.6000,314.0122,313.8382
477.6333,311.2813,310.9692
477.6667,308.5667,308.5734
477.7000,305.8693,305.5590
477.7333,303.1899,302.9692
477.7667,300.5294,300.5734
477.8000,297.8885,297.5940
477.8333,295.2680,295.1331
477.8667,292.6688,292.7608
477.9000,290.0916,289.8301
477.9333,287.5372,287.3229
477.9667,285.0064,284.9362
478.0000,282.5000,282.4964
478.0333,280.0187,279.8382
478.0667,277.5633,277.3469
478.1000,275.1346,274.9692
478.1333,272.7332,272.5916
478.1667,270.3599,270.4661
478.2000,268.0154,267.8382
478.2333,265.7005,265.3325
478.2667,263.4159,262.9692
478.3000,261.1621,260.9692
478.3333,258.9400,258.9692
478.3667,256.7503,256.7182
478.4000,254.5934,254.5870
478.4333,252.4703,252.6087
478.4667,250.3814,250.6087
478.5000,248.3274,248.6118
478.5333,246.3089,246.6118
478.5667,244.3266,244.6118
478.6000,242.3811,242.6118
478.6333,240.4729,240.6118
478.6667,238.6027,238.6118
478.7000,236.7709,236.9692
478.7333,234.9782,234.9692
478.7667,233.2251,232.9692
478.8000,231.5122,231.3469
478.8333,229.8399,229.3469
478.8667,228.2088,227.9722
478.9000,226.6194,226.7869
478.9333,225.0721,224.9919
478.9667,223.5674,223.2509
479.0000,222.1058,222.1359
479.0333,220.6877,220.5703
479.0667,219.3136,219.1532
479.1000,217.9839,218.1389
479.1333,216.6990,216.7670
479.1667,215.4592,215.3469
479.2000,214.2650,214.1359
479.2333,213.1167,212.9692
479.2667,212.0147,212.1068
479.3000,210.9592,211.0352
479.3333,209.9507,210.1068
479.3667,208.9894,209.0352
479.4000,208.0757,208.0338
479.4333,207.2097,207.0352
479.4667,206.3918,206.5480
479.5000,205.6222,205.4370
479.5333,204.9012,205.0352
479.5667,204.2289,204.5480
479.6000,203.6056,203.5084
479.6333,203.0315,203.0352
479.6667,202.5067,202.6852
479.7000,202.0314,202.1061
479.7333,201.6058,201.4370
479.7667,201.2299,201.1876
479.8000,200.9039,200.9260
479.8333,200.6279,200.6566
479.8667,200.4019,200.5012
479.9000,200.2261,200.2856
479.9333,200.1005,200.2212
479.9667,200.0251,200.4097
480.0000,200.0000,199.7175
480.0333,200.0565,200.0248
480.0667,200.2261,200.2970
480.1000,200.5086,200.5736
480.1333,200.9039,201.0074
480.1667,201.4116,201.4603
480.2000,202.0314,202.0000
480.2333,202.7629,202.5614
480.2667,203.6056,203.4531
480.3000,204.5590,204.5614
480.3333,205.6222,205.4709
480.3667,206.7947,206.6399
480.4000,208.0757,208.0339
480.4333,209.4642,209.3148
480.4667,210.9592,211.0057
480.5000,212.5599,212.5614
480.5333,214.2650,214.0545
480.5667,216.0734,216.0351
480.6000,217.9839,218.0351
480.6333,219.9952,220.0312
480.6667,222.1058,222.0312
480.7000,224.3144,224.5110
480.7333,226.6194,226.8271
480.7667,229.0192,228.8271
480.8000,231.5122,231.2279
480.8333,234.0967,233.9186
480.8667,236.7709,236.8271
480.9000,239.5330,239.3057
480.9333,242.3811,242.4028
480.9667,245.3132,244.8443
481.0000,248.3274,248.3084
481.0333,251.4215,251.2360
481.0667,254.5934,254.7773
481.1000,257.8411,257.6207
481.1333,261.1621,260.9718
481.1667,264.5544,264.7616
481.2000,268.0154,267.9078
481.2333,271.5430,271.3628
481.2667,275.1346,274.9718
481.3000,278.7877,278.7843
481.3333,282.5000,282.5736
481.3667,286.2688,286.3276
481.4000,290.0916,290.0140
481.4333,293.9657,294.0080
481.4667,297.8885,298.0080
481.5000,301.8572,301.8270
481.5333,305.8693,305.8538
481.5667,309.9219,309.8952
481.6000,314.0122,313.9286
481.6333,318.1375,318.3074
481.6667,322.2949,322.3206
481.7000,326.4815,326.3206
481.7333,330.6946,330.7746
481.7667,334.9311,334.8882
481.8000,339.1883,338.9113
481.8333,343.4632,343.1405
481.8667,347.7528,347.7201
481.9000,352.0542,352.0128
481.9333,356.3646,356.5572
481.9667,360.6808,360.7654
482.0000,365.0000,364.9019
482.0333,369.3192,369.1133
482.0667,373.6354,373.4061
482.1000,377.9458,378.0068
482.1333,382.2472,382.2938
482.1667,386.5368,386.5057
482.2000,390.8117,390.9248
482.2333,395.0689,394.9815
482.2667,399.3054,398.9815
482.3000,403.5185,403.4386
482.3333,407.7051,407.6750
482.3667,411.8625,411.6750
482.4000,415.9878,415.6724
482.4333,420.0781,419.9592
482.4667,424.1307,423.9592
482.5000,428.1428,427.9592
482.5333,432.1115,431.9732
482.5667,436.0343,435.9732
482.6000,439.9084,439.7832
482.6333,443.7312,443.5665
482.6667,447.5000,447.1300
482.7000,451.2123,451.1300
482.7333,454.8654,455.0472
482.7667,458.4570,458.6724
482.8000,461.9846,461.9971
482.8333,465.4456,465.3231
482.8667,468.8379,469.0472
482.9000,472.1589,472.1505
482.9333,475.4066,475.4457
482.9667,478.5785,478.6960
483.0000,481.6726,481.4321
483.0333,484.6868,484.6960
483.0667,487.6189,487.4405
483.1000,490.4670,490.5956
483.1333,493.2291,492.9271
483.1667,495.9033,495.7024
483.2000,498.4878,498.5881
483.2333,500.9808,500.9299
483.2667,503.3806,503.4405
483.3000,505.6856,505.5920
483.3333,507.8942,507.8539
483.3667,510.0048,509.8539
483.4000,512.0161,511.8507
483.4333,513.9266,513.8539
483.4667,515.7350,515.5877
483.5000,517.4401,517.2555
483.5333,519.0408,519.0703
483.5667,520.5358,520.6064
483.6000,521.9243,521.8539
483.6333,523.2053,523.1840
483.6667,524.3778,524.4168
483.7000,525.4410,525.3793
483.7333,526.3944,526.3612
483.7667,527.2371,527.0589
483.8000,527.9686,527.9730
483.8333,528.5884,528.7756
483.8667,529.0961,529.3078
483.9000,529.4914,529.6322
483.9333,529.7739,529.6876
483.9667,529.9435,529.8282
484.0000,530.0000,529.8282
484.0333,529.9749,529.7932
484.0667,529.8995,529.7618
484.1000,529.7739,529.7341
484.1333,529.5981,529.5778
484.1667,529.3721,529.4305
484.2000,529.0961,529.2878
484.2333,528.7701,529.0312
484.2667,528.3942,528.6565
484.3000,527.9686,527.9730
484.3333,527.4933,527.4389
484.3667,526.9685,526.9151
484.4000,526.3944,526.4072
484.4333,525.7711,525.4964
484.4667,525.0988,524.9804
484.5000,524.3778,524.4072
484.5333,523.6082,523.4746
484.5667,522.7903,522.7279
484.6000,521.9243,521.6692
484.6333,521.0106,520.9507
484.6667,520.0493,519.6071
484.7000,519.0408,518.8266
484.7333,517.9853,517.5782
484.7667,516.8833,516.8665
484.8000,515.7350,515.5782
484.8333,514.5408,514.7436
484.8667,513.3010,513.0373
484.9000,512.0161,512.0007
484.9333,510.6864,510.7267
484.9667,509.3123,509.0215
485.0000,507.8942,507.5782
485.0333,506.4326,506.4897
485.0667,504.9279,504.8979
485.1000,503.3806,503.2786
485.1333,501.7912,501.4673
485.1667,500.1601,500.0007
485.2000,498.4878,498.5855
485.2333,496.7749,496.9286
485.2667,495.0218,494.9286
485.3000,493.2291,492.9286
485.3333,491.3973,491.1868
485.3667,489.5271,489.1868
485.4000,487.6189,487.4171
485.4333,485.6734,485.6436
485.4667,483.6911,483.6436
485.5000,481.6726,481.6101
485.5333,479.6186,479.4913
485.5667,477.5297,477.1868
485.6000,475.4066,475.1868
485.6333,473.2497,473.1052
485.6667,471.0600,471.1052
485.7000,468.8379,468.8194
485.7333,466.5841,466.8194
485.7667,464.2995,464.3586
485.8000,461.9846,461.7084
485.8333,459.6401,459.4628
485.8667,457.2668,457.1052
485.9000,454.8654,454.8194
485.9333,452.4367,452.3573
485.9667,449.9813,449.6872
486.0000,447.5000,447.2846
486.0333,444.9936,444.8998
486.0667,442.4628,442.3335
486.1000,439.9084,439.7084
486.1333,437.3312,437.2008
486.1667,434.7320,434.8191
486.2000,432.1115,432.0039
486.2333,429.4706,429.2846
486.2667,426.8101,426.7386
486.3000,424.1307,424.2522
486.3333,421.4333,421.2846
486.3667,418.7187,418.7386
486.4000,415.9878,415.6258
486.4333,413.2413,413.1412
486.4667,410.4802,410.7386
486.5000,407.7051,407.6041
486.5333,404.9171,404.7386
486.5667,402.1169,402.2522
486.6000,399.3054,399.2909
486.6333,396.4835,396.7386
486.6667,393.6519,393.4662
486.7000,390.8117,391.0466
486.7333,387.9636,387.9457
486.7667,385.1084,385.0466
486.8000,382.2472,382.1244
486.8333,379.3807,379.2000
486.8667,376.5098,376.6014
486.9000,373.6354,373.4692
486.9333,370.7584,370.7774
486.9667,367.8796,367.8348
487.0000,365.0000,364.9649
487.0333,362.1204,362.2522
487.0667,359.2416,359.0041
487.1000,356.3646,356.2522
487.1333,353.4902,353.2956
487.1667,350.6193,350.5905
487.2000,347.7528,347.4692
487.2333,344.8916,345.1278
487.2667,342.0364,341.8539
487.3000,339.1883,338.9943
487.3333,336.3481,336.3848
487.3667,333.5165,333.3882
487.4000,330.6946,330.7779
487.4333,327.8831,328.0725
487.4667,325.0829,324.9692
487.5000,322.2949,322.3954
487.5333,319.5198,319.3229
487.5667,316.7587,316.7774
487.6000,314.0122,313.8382
487.6333,311.2813,310.9692
487.6667,308.5667,308.5734
487.7000,305.8693,305.5590
487.7333,303.1899,302.9692
487.7667,300.5294,300.5734
487.8000,297.8885,297.5940
487.8333,295.2680,295.1331
487.8667,292.6688,292.7608
487.9000,290.0916,289.8301
487.9333,287.5372,287.3229
487.9667,285.0064,284.9362
488.0000,282.5000,282.4964
488.0333,280.0187,279.8382
488.0667,277.5633,277.3469
488.1000,275.1346,274.9692
488.1333,272.7332,272.5916
488.1667,270.3599,270.4661
488.2000,268.0154,267.8382
488.2333,265.7005,265.3325
488.2667,263.4159,262.9692
488.3000,261.1621,260.9692
488.3333,258.9400,258.9692
488.3667,256.7503,256.7182
488.4000,254.5934,254.5870
488.4333,252.4703,252.6087
488.4667,250.3814,250.6087
488.5000,248.3274,248.6118
488.5333,246.3089,246.6118
488.5667,244.3266,244.6118
488.6000,242.3811,242.6118
488.6333,240.4729,240.6118
488.6667,238.6027,238.6118
488.7000,236.7709,236.9692
488.7333,234.9782,234.9692
488.7667,233.2251,232.9692
488.8000,231.5122,231.3469
488.8333,229.8399,229.3469
488.8667,228.2088,227.9722
488.9000,226.6194,226.7869
488.9333,225.0721,224.9919
488.9667,223.5674,223.2509
489.0000,222.1058,222.1359
489.0333,220.6877,220.5703
489.0667,219.3136,219.1532
489.1000,217.9839,218.1389
489.1333,216.6990,216.7670
489.1667,215.4592,215.3469
489.2000,214.2650,214.1359
489.2333,213.1167,212.9692
489.2667,212.0147,212.1068
489.3000,210.9592,211.0352
489.3333,209.9507,210.1068
489.3667,208.9894,209.0352
489.4000,208.0757,208.0338
489.4333,207.2097,207.0352
489.4667,206.3918,206.5480
489.5000,205.6222,205.4370
489.5333,204.9012,205.0352
489.5667,204.2289,204.5480
489.6000,203.6056,203.5084
489.6333,203.0315,203.0352
489.6667,202.5067,202.6852
489.7000,202.0314,202.1061
489.7333,201.6058,201.4370
489.7667,201.2299,201.1876
489.8000,200.9039,200.9260
489.8333,200.6279,200.6566
489.8667,200.4019,200.5012
489.9000,200.2261,200.2856
489.9333,200.1005,200.2212
489.9667,200.0251,200.4097
490.0000,200.0000,199.7175
490.0333,200.0565,200.0248
490.0667,200.2261,200.2970
490.1000,200.5086,200.5736
490.1333,200.9039,201.0074
490.1667,201.4116,201.4603
490.2000,202.0314,202.0000
490.2333,202.7629,202.5614
490.2667,203.6056,203.4531
490.3000,204.5590,204.5614
490.3333,205.6222,205.4709
490.3667,206.7947,206.6399
490.4000,208.0757,208.0339
490.4333,209.4642,209.3148
490.4667,210.9592,211.0057
490.5000,212.5599,212.5614
490.5333,214.2650,214.0545
490.5667,216.0734,216.0351
490.6000,217.9839,218.0351
490.6333,219.9952,220.0312
490.6667,222.1058,222.0312
490.7000,224.3144,224.5110
490.7333,226.6194,226.8271
490.7667,229.0192,228.8271
490.8000,231.5122,231.2279
490.8333,234.0967,233.9186
490.8667,236.7709,236.8271
490.9000,239.5330,239.3057
490.9333,242.3811,242.4028
490.9667,245.3132,244.8443
491.0000,248.3274,248.3084
491.0333,251.4215,251.2360
491.0667,254.5934,254.7773
491.1000,257.8411,257.6207
491.1333,261.1621,260.9718
491.1667,264.5544,264.7616
491.2000,268.0154,267.9078
491.2333,271.5430,271.3628
491.2667,275.1346,274.9718
491.3000,278.7877,278.7843
491.3333,282.5000,282.5736
491.3667,286.2688,286.3276
491.4000,290.0916,290.0140
491.4333,293.9657,294.0080
491.4667,297.8885,298.0080
491.5000,301.8572,301.8270
491.5333,305.8693,305.8538
491.5667,309.9219,309.8952
491.6000,314.0122,313.9286
491.6333,318.1375,318.3074
491.6667,322.2949,322.3206
491.7000,326.4815,326.3206
491.7333,330.6946,330.7746
491.7667,334.9311,334.8882
491.8000,339.1883,338.9113
491.8333,343.4632,343.1405
491.8667,347.7528,347.7201
491.9000,352.0542,352.0128
491.9333,356.3646,356.5572
491.9667,360.6808,360.7654
492.0000,365.0000,364.9019
492.0333,369.3192,369.1133
492.0667,373.6354,373.4061
492.1000,377.9458,378.0068
492.1333,382.2472,382.2938
492.1667,386.5368,386.5057
492.2000,390.8117,390.9248
492.2333,395.0689,394.9815
492.2667,399.3054,398.9815
492.3000,403.5185,403.4386
492.3333,407.7051,407.6750
492.3667,411.8625,411.6750
492.4000,415.9878,415.6724
492.4333,420.0781,419.9592
492.4667,424.1307,423.9592
492.5000,428.1428,427.9592
492.5333,432.1115,431.9732
492.5667,436.0343,435.9732
492.6000,439.9084,439.7832
492.6333,443.7312,443.5665
492.6667,447.5000,447.1300
492.7000,451.2123,451.1300
492.7333,454.8654,455.0472
492.7667,458.4570,458.6724
492.8000,461.9846,461.9971
492.8333,465.4456,465.3231
492.8667,468.8379,469.0472
492.9000,472.1589,472.1505
492.9333,475.4066,475.4457
492.9667,478.5785,478.6960
493.0000,481.6726,481.4321
493.0333,484.6868,484.6960
493.0667,487.6189,487.4405
493.1000,490.4670,490.5956
493.1333,493.2291,492.9271
493.1667,495.9033,495.7024
493.2000,498.4878,498.5881
493.2333,500.9808,500.9299
493.2667,503.3806,503.4405
493.3000,505.6856,505.5920
493.3333,507.8942,507.8539
493.3667,510.0048,509.8539
493.4000,512.0161,511.8507
493.4333,513.9266,513.8539
493.4667,515.7350,515.5877
493.5000,517.4401,517.2555
493.5333,519.0408,519.0703
493.5667,520.5358,520.6064
493.6000,521.9243,521.8539
493.6333,523.2053,523.1840
493.6667,524.3778,524.4168
493.7000,525.4410,525.3793
493.7333,526.3944,526.3612
493.7667,527.2371,527.0589
493.8000,527.9686,527.9730
493.8333,528.5884,528.7756
493.8667,529.0961,529.3078
493.9000,529.4914,529.6322
493.9333,529.7739,529.6876
493.9667,529.9435,529.8282
494.0000,530.0000,529.8282
494.0333,529.9749,529.7932
494.0667,529.8995,529.7618
494.1000,529.7739,529.7341
494.1333,529.5981,529.5778
494.1667,529.3721,529.4305
494.2000,529.0961,529.2878
494.2333,528.7701,529.0312
494.2667,528.3942,528.6565
494.3000,527.9686,527.9730
494.3333,527.4933,527.4389
494.3667,526.9685,526.9151
494.4000,526.3944,526.4072
494.4333,525.7711,525.4964
494.4667,525.0988,524.9804
494.5000,524.3778,524.4072
494.5333,523.6082,523.4746
494.5667,522.7903,522.7279
494.6000,521.9243,521.6692
494.6333,521.0106,520.9507
494.6667,520.0493,519.6071
494.7000,519.0408,518.8266
494.7333,517.9853,517.5782
494.7667,516.8833,516.8665
494.8000,515.7350,515.5782
494.8333,514.5408,514.7436
494.8667,513.3010,513.0373
494.9000,512.0161,512.0007
494.9333,510.6864,510.7267
494.9667,509.3123,509.0215
495.0000,507.8942,507.5782
495.0333,506.4326,506.4897
495.0667,504.9279,504.8979
495.1000,503.3806,503.2786
495.1333,501.7912,501.4673
495.1667,500.1601,500.0007
495.2000,498.4878,498.5855
495.2333,496.7749,496.9286
495.2667,495.0218,494.9286
495.3000,493.2291,492.9286
495.3333,491.3973,491.1868
495.3667,489.5271,489.1868
495.4000,487.6189,487.4171
495.4333,485.6734,485.6436
495.4667,483.6911,483.6436
495.5000,481.6726,481.6101
495.5333,479.6186,479.4913
495.5667,477.5297,477.1868
495.6000,475.4066,475.1868
495.6333,473.2497,473.1052
495.6667,471.0600,471.1052
495.7000,468.8379,468.8194
495.7333,466.5841,466.8194
495.7667,464.2995,464.3586
495.8000,461.9846,461.7084
495.8333,459.6401,459.4628
495.8667,457.2668,457.1052
495.9000,454.8654,454.8194
495.9333,452.4367,452.3573
495.9667,449.9813,449.6872
496.0000,447.5000,447.2846
496.0333,444.9936,444.8998
496.0667,442.4628,442.3335
496.1000,439.9084,439.7084
496.1333,437.3312,437.2008
496.1667,434.7320,434.8191
496.2000,432.1115,432.0039
496.2333,429.4706,429.2846
496.2667,426.8101,426.7386
496.3000,424.1307,424.2522
496.3333,421.4333,421.2846
496.3667,418.7187,418.7386
496.4000,415.9878,415.6258
496.4333,413.2413,413.1412
496.4667,410.4802,410.7386
496.5000,407.7051,407.6041
496.5333,404.9171,404.7386
496.5667,402.1169,402.2522
496.6000,399.3054,399.2909
496.6333,396.4835,396.7386
496.6667,393.6519,393.4662
496.7000,390.8117,391.0466
496.7333,387.9636,387.9457
496.7667,385.1084,385.0466
496.8000,382.2472,382.1244
496.8333,379.3807,379.2000
496.8667,376.5098,376.6014
496.9000,373.6354,373.4692
496.9333,370.7584,370.7774
496.9667,367.8796,367.8348
497.0000,365.0000,364.9649
497.0333,362.1204,362.2522
497.0667,359.2416,359.0041
497.1000,356.3646,356.2522
497.1333,353.4902,353.2956
497.1667,350.6193,350.5905
497.2000,347.7528,347.4692
497.2333,344.8916,345.1278
497.2667,342.0364,341.8539
497.3000,339.1883,338.9943
497.3333,336.3481,336.3848
497.3667,333.5165,333.3882
497.4000,330.6946,330.7779
497.4333,327.8831,328.0725
497.4667,325.0829,324.9692
497.5000,322.2949,322.3954
497.5333,319.5198,319.3229
497.5667,316.7587,316.7774
497.6000,314.0122,313.8382
497.6333,311.2813,310.9692
497.6667,308.5667,308.5734
497.7000,305.8693,305.5590
497.7333,303.1899,302.9692
497.7667,300.5294,300.5734
497.8000,297.8885,297.5940
497.8333,295.2680,295.1331
497.8667,292.6688,292.7608
497.9000,290.0916,289.8301
497.9333,287.5372,287.3229
497.9667,285.0064,284.9362
498.0000,282.5000,282.4964
498.0333,280.0187,279.8382
498.0667,277.5633,277.3469
498.1000,275.1346,274.9692
498.1333,272.7332,272.5916
498.1667,270.3599,270.4661
498.2000,268.0154,267.8382
498.2333,265.7005,265.3325
498.2667,263.4159,262.9692
498.3000,261.1621,260.9692
498.3333,258.9400,258.9692
498.3667,256.7503,256.7182
498.4000,254.5934,254.5870
498.4333,252.4703,252.6087
498.4667,250.3814,250.6087
498.5000,248.3274,248.6118
498.5333,246.3089,246.6118
498.5667,244.3266,244.6118
498.6000,242.3811,242.6118
498.6333,240.4729,240.6118
498.6667,238.6027,238.6118
498.7000,236.7709,236.9692
498.7333,234.9782,234.9692
498.7667,233.2251,232.9692
498.8000,231.5122,231.3469
498.8333,229.8399,229.3469
498.8667,228.2088,227.9722
498.9000,226.6194,226.7869
498.9333,225.0721,224.9919
498.9667,223.5674,223.2509
499.0000,222.1058,222.1359
499.0333,220.6877,220.5703
499.0667,219.3136,219.1532
499.1000,217.9839,218.1389
499.1333,216.6990,216.7670
499.1667,215.4592,215.3469
499.2000,214.2650,214.1359
499.2333,213.1167,212.9692
499.2667,212.0147,212.1068
499.3000,210.9592,211.0352
499.3333,209.9507,210.1068
499.3667,208.9894,209.0352
499.4000,208.0757,208.0338
499.4333,207.2097,207.0352
499.4667,206.3918,206.5480
499.5000,205.6222,205.4370
499.5333,204.9012,205.0352
499.5667,204.2289,204.5480
499.6000,203.6056,203.5084
499.6333,203.0315,203.0352
499.6667,202.5067,202.6852
499.7000,202.0314,202.1061
499.7333,201.6058,201.4370
499.7667,201.2299,201.1876
499.8000,200.9039,200.9260
499.8333,200.6279,200.6566
499.8667,200.4019,200.5012
499.9000,200.2261,200.2856
499.9333,200.1005,200.2212
499.9667,200.0251,200.4097
500.0000,200.0000,199.7175
500.0333,200.0565,200.0248
500.0667,200.2261,200.2970
500.1000,200.5086,200.5736
500.1333,200.9039,201.0074
500.1667,201.4116,201.4603
500.2000,202.0314,202.0000
500.2333,202.7629,202.5614
500.2667,203.6056,203.4531
500.3000,204.5590,204.5614
500.3333,205.6222,205.4709
500.3667,206.7947,206.6399
500.4000,208.0757,208.0339
500.4333,209.4642,209.3148
500.4667,210.9592,211.0057
500.5000,212.5599,212.5614
500.5333,214.2650,214.0545
500.5667,216.0734,216.0351
500.6000,217.9839,218.0351
500.6333,219.9952,220.0312
500.6667,222.1058,222.0312
500.7000,224.3144,224.5110
500.7333,226.6194,226.8271
500.7667,229.0192,228.8271
500.8000,231.5122,231.2279
500.8333,234.0967,233.9186
500.8667,236.7709,236.8271
500.9000,239.5330,239.3057
500.9333,242.3811,242.4028
500.9667,245.3132,244.8443
501.0000,248.3274,248.3084
501.0333,251.4215,251.2360
501.0667,254.5934,254.7773
501.1000,257.8411,257.6207
501.1333,261.1621,260.9718
501.1667,264.5544,264.7616
501.2000,268.0154,267.9078
501.2333,271.5430,271.3628
501.2667,275.1346,274.9718
501.3000,278.7877,278.7843
501.3333,282.5000,282.5736
501.3667,286.2688,286.3276
501.4000,290.0916,290.0140
501.4333,293.9657,294.0080
501.4667,297.8885,298.0080
501.5000,301.8572,301.8270
501.5333,305.8693,305.8538
501.5667,309.9219,309.8952
501.6000,314.0122,313.9286
501.6333,318.1375,318.3074
501.6667,322.2949,322.3206
501.7000,326.4815,326.3206
501.7333,330.6946,330.7746
501.7667,334.9311,334.8882
501.8000,339.1883,338.9113
501.8333,343.4632,343.1405
501.8667,347.7528,347.7201
501.9000,352.0542,352.0128
501.9333,356.3646,356.5572
501.9667,360.6808,360.7654
502.0000,365.0000,364.9019
502.0333,369.3192,369.1133
502.0667,373.6354,373.4061
502.1000,377.9458,378.0068
502.1333,382.2472,382.2938
502.1667,386.5368,386.5057
502.2000,390.8117,390.9248
502.2333,395.0689,394.9815
502.2667,399.3054,398.9815
502.3000,403.5185,403.4386
502.3333,407.7051,407.6750
502.3667,411.8625,411.6750
502.4000,415.9878,415.6724
502.4333,420.0781,419.9592
502.4667,424.1307,423.9592
502.5000,428.1428,427.9592
502.5333,432.1115,431.9732
502.5667,436.0343,435.9732
502.6000,439.9084,439.7832
502.6333,443.7312,443.5665
502.6667,447.5000,447.1300
502.7000,451.2123,451.1300
502.7333,454.8654,455.0472
502.7667,458.4570,458.6724
502.8000,461.9846,461.9971
502.8333,465.4456,465.3231
502.8667,468.8379,469.0472
502.9000,472.1589,472.1505
502.9333,475.4066,475.4457
502.9667,478.5785,478.6960
503.0000,481.6726,481.4321
503.0333,484.6868,484.6960
503.0667,487.6189,487.4405
503.1000,490.4670,490.5956
503.1333,493.2291,492.9271
503.1667,495.9033,495.7024
503.2000,498.4878,498.5881
503.2333,500.9808,500.9299
503.2667,503.3806,503.4405
503.3000,505.6856,505.5920
503.3333,507.8942,507.8539
503.3667,510.0048,509.8539
503.4000,512.0161,511.8507
503.4333,513.9266,513.8539
503.4667,515.7350,515.5877
503.5000,517.4401,517.2555
503.5333,519.0408,519.0703
503.5667,520.5358,520.6064
503.6000,521.9243,521.8539
503.6333,523.2053,523.1840
503.6667,524.3778,524.4168
503.7000,525.4410,525.3793
503.7333,526.3944,526.3612
503.7667,527.2371,527.0589
503.8000,527.9686,527.9730
503.8333,528.5884,528.7756
503.8667,529.0961,529.3078
503.9000,529.4914,529.6322
503.9333,529.7739,529.6876
503.9667,529.9435,529.8282
504.0000,530.0000,529.8282
504.0333,529.9749,529.7932
504.0667,529.8995,529.7618
504.1000,529.7739,529.7341
504.1333,529.5981,529.5778
504.1667,529.3721,529.4305
504.2000,529.0961,529.2878
504.2333,528.7701,529.0312
504.2667,528.3942,528.6565
504.3000,527.9686,527.9730
504.3333,527.4933,527.4389
504.3667,526.9685,526.9151
504.4000,526.3944,526.4072
504.4333,525.7711,525.4964
504.4667,525.0988,524.9804
504.5000,524.3778,524.4072
504.5333,523.6082,523.4746
504.5667,522.7903,522.7279
504.6000,521.9243,521.6692
504.6333,521.0106,520.9507
504.6667,520.0493,519.6071
504.7000,519.0408,518.8266
504.7333,517.9853,517.5782
504.7667,516.8833,516.8665
504.8000,515.7350,515.5782
504.8333,514.5408,514.7436
504.8667,513.3010,513.0373
504.9000,512.0161,512.0007
504.9333,510.6864,510.7267
504.9667,509.3123,509.0215
505.0000,507.8942,507.5782
505.0333,506.4326,506.4897
505.0667,504.9279,504.8979
505.1000,503.3806,503.2786
505.1333,501.7912,501.4673
505.1667,500.1601,500.0007
505.2000,498.4878,498.5855
505.2333,496.7749,496.9286
505.2667,495.0218,494.9286
505.3000,493.2291,492.9286
505.3333,491.3973,491.1868
505.3667,489.5271,489.1868
505.4000,487.6189,487.4171
505.4333,485.6734,485.6436
505.4667,483.6911,483.6436
505.5000,481.6726,481.6101
505.5333,479.6186,479.4913
505.5667,477.5297,477.1868
505.6000,475.4066,475.1868
505.6333,473.2497,473.1052
505.6667,471.0600,471.1052
505.7000,468.8379,468.8194
505.7333,466.5841,466.8194
505.7667,464.2995,464.3586
505.8000,461.9846,461.7084
505.8333,459.6401,459.4628
505.8667,457.2668,457.1052
505.9000,454.8654,454.8194
505.9333,452.4367,452.3573
505.9667,449.9813,449.6872
506.0000,447.5000,447.2846
506.0333,444.9936,444.8998
506.0667,442.4628,442.3335
506.1000,439.9084,439.7084
506.1333,437.3312,437.2008
506.1667,434.7320,434.8191
506.2000,432.1115,432.0039
506.2333,429.4706,429.2846
506.2667,426.8101,426.7386
506.3000,424.1307,424.2522
506.3333,421.4333,421.2846
506.3667,418.7187,418.7386
506.4000,415.9878,415.6258
506.4333,413.2413,413.1412
506.4667,410.4802,410.7386
506.5000,407.7051,407.6041
506.5333,404.9171,404.7386
506.5667,402.1169,402.2522
506.6000,399.3054,399.2909
506.6333,396.4835,396.7386
506.6667,393.6519,393.4662
506.7000,390.8117,391.0466
506.7333,387.9636,387.9457
506.7667,385.1084,385.0466
506.8000,382.2472,382.1244
506.8333,379.3807,379.2000
506.8667,376.5098,376.6014
506.9000,373.6354,373.4692
506.9333,370.7584,370.7774
506.9667,367.8796,367.8348
507.0000,365.0000,364.9649
507.0333,362.1204,362.2522
507.0667,359.2416,359.0041
507.1000,356.3646,356.2522
507.1333,353.4902,353.2956
507.1667,350.6193,350.5905
507.2000,347.7528,347.4692
507.2333,344.8916,345.1278
507.2667,342.0364,341.8539
507.3000,339.1883,338.9943
507.3333,336.3481,336.3848
507.3667,333.5165,333.3882
507.4000,330.6946,330.7779
507.4333,327.8831,328.0725
507.4667,325.0829,324.9692
507.5000,322.2949,322.3954
507.5333,319.5198,319.3229
507.5667,316.7587,316.7774
507.6000,314.0122,313.8382
507.6333,311.2813,310.9692
507.6667,308.5667,308.5734
507.7000,305.8693,305.5590
507.7333,303.1899,302.9692
507.7667,300.5294,300.5734
507.8000,297.8885,297.5940
507.8333,295.2680,295.1331
507.8667,292.6688,292.7608
507.9000,290.0916,289.8301
507.9333,287.5372,287.3229
507.9667,285.0064,284.9362
508.0000,282.5000,282.4964
508.0333,280.0187,279.8382
508.0667,277.5633,277.3469
508.1000,275.1346,274.9692
508.1333,272.7332,272.5916
508.1667,270.3599,270.4661
508.2000,268.0154,267.8382
508.2333,265.7005,265.3325
508.2667,263.4159,262.9692
508.3000,261.1621,260.9692
508.3333,258.9400,258.9692
508.3667,256.7503,256.7182
508.4000,254.5934,254.5870
508.4333,252.4703,252.6087
508.4667,250.3814,250.6087
508.5000,248.3274,248.6118
508.5333,246.3089,246.6118
508.5667,244.3266,244.6118
508.6000,242.3811,242.6118
508.6333,240.4729,240.6118
508.6667,238.6027,238.6118
508.7000,236.7709,236.9692
508.7333,234.9782,234.9692
508.7667,233.2251,232.9692
508.8000,231.5122,231.3469
508.8333,229.8399,229.3469
508.8667,228.2088,227.9722
508.9000,226.6194,226.7869
508.9333,225.0721,224.9919
508.9667,223.5674,223.2509
509.0000,222.1058,222.1359
509.0333,220.6877,220.5703
509.0667,219.3136,219.1532
509.1000,217.9839,218.1389
509.1333,216.6990,216.7670
509.1667,215.4592,215.3469
509.2000,214.2650,214.1359
509.2333,213.1167,212.9692
509.2667,212.0147,212.1068
509.3000,210.9592,211.0352
509.3333,209.9507,210.1068
509.3667,208.9894,209.0352
509.4000,208.0757,208.0338
509.4333,207.2097,207.0352
509.4667,206.3918,206.5480
509.5000,205.6222,205.4370
509.5333,204.9012,205.0352
509.5667,204.2289,204.5480
509.6000,203.6056,203.5084
509.6333,203.0315,203.0352
509.6667,202.5067,202.6852
509.7000,202.0314,202.1061
509.7333,201.6058,201.4370
509.7667,201.2299,201.1876
509.8000,200.9039,200.9260
509.8333,200.6279,200.6566
509.8667,200.4019,200.5012
509.9000,200.2261,200.2856
509.9333,200.1005,200.2212
509.9667,200.0251,200.4097
510.0000,200.0000,199.7175
510.0333,200.0565,200.0248
510.0667,200.2261,200.2970
510.1000,200.5086,200.5736
510.1333,200.9039,201.0074
510.1667,201.4116,201.4603
510.2000,202.0314,202.0000
510.2333,202.7629,202.5614
510.2667,203.6056,203.4531
510.3000,204.5590,204.5614
510.3333,205.6222,205.4709
510.3667,206.7947,206.6399
510.4000,208.0757,208.0339
510.4333,209.4642,209.3148
510.4667,210.9592,211.0057
510.5000,212.5599,212.5614
510.5333,214.2650,214.0545
510.5667,216.0734,216.0351
510.6000,217.9839,218.0351
510.6333,219.9952,220.0312
510.6667,222.1058,222.0312
510.7000,224.3144,224.5110
510.7333,226.6194,226.8271
510.7667,229.0192,228.8271
510.8000,231.5122,231.2279
510.8333,234.0967,233.9186
510.8667,236.7709,236.8271
510.9000,239.5330,239.3057
510.9333,242.3811,242.4028
510.9667,245.3132,244.8443
511.0000,248.3274,248.3084
511.0333,251.4215,251.2360
511.0667,254.5934,254.7773
511.1000,257.8411,257.6207
511.1333,261.1621,260.9718
511.1667,264.5544,264.7616
511.2000,268.0154,267.9078
511.2333,271.5430,271.3628
511.2667,275.1346,274.9718
511.3000,278.7877,278.7843
511.3333,282.5000,282.5736
511.3667,286.2688,286.3276
511.4000,290.0916,290.0140
511.4333,293.9657,294.0080
511.4667,297.8885,298.0080
511.5000,301.8572,301.8270
511.5333,305.8693,305.8538
511.5667,309.9219,309.8952
511.6000,314.0122,313.9286
511.6333,318.1375,318.3074
511.6667,322.2949,322.3206
511.7000,326.4815,326.3206
511.7333,330.6946,330.7746
511.7667,334.9311,334.8882
511.8000,339.1883,338.9113
511.8333,343.4632,343.1405
511.8667,347.7528,347.7201
511.9000,352.0542,352.0128
511.9333,356.3646,356.5572
511.9667,360.6808,360.7654
512.0000,365.0000,364.9019
512.0333,369.3192,369.1133
512.0667,373.6354,373.4061
512.1000,377.9458,378.0068
512.1333,382.2472,382.2938
512.1667,386.5368,386.5057
512.2000,390.8117,390.9248
512.2333,395.0689,394.9815
512.2667,399.3054,398.9815
512.3000,403.5185,403.4386
512.3333,407.7051,407.6750
512.3667,411.8625,411.6750
512.4000,415.9878,415.6724
512.4333,420.0781,419.9592
512.4667,424.1307,423.9592
512.5000,428.1428,427.9592
512.5333,432.1115,431.9732
512.5667,436.0343,435.9732
512.6000,439.9084,439.7832
512.6333,443.7312,443.5665
512.6667,447.5000,447.1300
512.7000,451.2123,451.1300
512.7333,454.8654,455.0472
512.7667,458.4570,458.6724
512.8000,461.9846,461.9971
512.8333,465.4456,465.3231
512.8667,468.8379,469.0472
512.9000,472.1589,472.1505
512.9333,475.4066,475.4457
512.9667,478.5785,478.6960
513.0000,481.6726,481.4321
513.0333,484.6868,484.6960
513.0667,487.6189,487.4405
513.1000,490.4670,490.5956
513.1333,493.2291,492.9271
513.1667,495.9033,495.7024
513.2000,498.4878,498.5881
513.2333,500.9808,500.9299
513.2667,503.3806,503.4405
513.3000,505.6856,505.5920
513.3333,507.8942,507.8539
513.3667,510.0048,509.8539
513.4000,512.0161,511.8507
513.4333,513.9266,513.8539
513.4667,515.7350,515.5877
513.5000,517.4401,517.2555
513.5333,519.0408,519.0703
513.5667,520.5358,520.6064
513.6000,521.9243,521.8539
513.6333,523.2053,523.1840
513.6667,524.3778,524.4168
513.7000,525.4410,525.3793
513.7333,526.3944,526.3612
513.7667,527.2371,527.0589
513.8000,527.9686,527.9730
513.8333,528.5884,528.7756
513.8667,529.0961,529.3078
513.9000,529.4914,529.6322
513.9333,529.7739,529.6876
513.9667,529.9435,529.8282
514.0000,530.0000,529.8282
514.0333,529.9749,529.7932
514.0667,529.8995,529.7618
514.1000,529.7739,529.7341
514.1333,529.5981,529.5778
514.1667,529.3721,529.4305
514.2000,529.0961,529.2878
514.2333,528.7701,529.0312
514.2667,528.3942,528.6565
514.3000,527.9686,527.9730
514.3333,527.4933,527.4389
514.3667,526.9685,526.9151
514.4000,526.3944,526.4072
514.4333,525.7711,525.4964
514.4667,525.0988,524.9804
514.5000,524.3778,524.4072
514.5333,523.6082,523.4746
514.5667,522.7903,522.7279
514.6000,521.9243,521.6692
514.6333,521.0106,520.9507
514.6667,520.0493,519.6071
514.7000,519.0408,518.8266
514.7333,517.9853,517.5782
514.7667,516.8833,516.8665
514.8000,515.7350,515.5782
514.8333,514.5408,514.7436
514.8667,513.3010,513.0373
514.9000,512.0161,512.0007
514.9333,510.6864,510.7267
514.9667,509.3123,509.0215
515.0000,507.8942,507.5782
515.0333,506.4326,506.4897
515.0667,504.9279,504.8979
515.1000,503.3806,503.2786
515.1333,501.7912,501.4673
515.1667,500.1601,500.0007
515.2000,498.4878,498.5855
515.2333,496.7749,496.9286
515.2667,495.0218,494.9286
515.3000,493.2291,492.9286
515.3333,491.3973,491.1868
515.3667,489.5271,489.1868
515.4000,487.6189,487.4171
515.4333,485.6734,485.6436
515.4667,483.6911,483.6436
515.5000,481.6726,481.6101
515.5333,479.6186,479.4913
515.5667,477.5297,477.1868
515.6000,475.4066,475.1868
515.6333,473.2497,473.1052
515.6667,471.0600,471.1052
515.7000,468.8379,468.8194
515.7333,466.5841,466.8194
515.7667,464.2995,464.3586
515.8000,461.9846,461.7084
515.8333,459.6401,459.4628
515.8667,457.2668,457.1052
515.9000,454.8654,454.8194
515.9333,452.4367,452.3573
515.9667,449.9813,449.6872
516.0000,447.5000,447.2846
516.0333,444.9936,444.8998
516.0667,442.4628,442.3335
516.1000,439.9084,439.7084
516.1333,437.3312,437.2008
516.1667,434.7320,434.8191
516.2000,432.1115,432.0039
516.2333,429.4706,429.2846
516.2667,426.8101,426.7386
516.3000,424.1307,424.2522
516.3333,421.4333,421.2846
516.3667,418.7187,418.7386
516.4000,415.9878,415.6258
516.4333,413.2413,413.1412
516.4667,410.4802,410.7386
516.5000,407.7051,407.6041
516.5333,404.9171,404.7386
516.5667,402.1169,402.2522
516.6000,399.3054,399.2909
516.6333,396.4835,396.7386
516.6667,393.6519,393.4662
516.7000,390.8117,391.0466
516.7333,387.9636,387.9457
516.7667,385.1084,385.0466
516.8000,382.2472,382.1244
516.8333,379.3807,379.2000
516.8667,376.5098,376.6014
516.9000,373.6354,373.4692
516.9333,370.7584,370.7774
516.9667,367.8796,367.8348
517.0000,365.0000,364.9649
517.0333,362.1204,362.2522
517.0667,359.2416,359.0041
517.1000,356.3646,356.2522
517.1333,353.4902,353.2956
517.1667,350.6193,350.5905
517.2000,347.7528,347.4692
517.2333,344.8916,345.1278
517.2667,342.0364,341.8539
517.3000,339.1883,338.9943
517.3333,336.3481,336.3848
517.3667,333.5165,333.3882
517.4000,330.6946,330.7779
517.4333,327.8831,328.0725
517.4667,325.0829,324.9692
517.5000,322.2949,322.3954
517.5333,319.5198,319.3229
517.5667,316.7587,316.7774
517.6000,314.0122,313.8382
517.6333,311.2813,310.9692
517.6667,308.5667,308.5734
517.7000,305.8693,305.5590
517.7333,303.1899,302.9692
517.7667,300.5294,300.5734
517.8000,297.8885,297.5940
517.8333,295.2680,295.1331
517.8667,292.6688,292.7608
517.9000,290.0916,289.8301
517.9333,287.5372,287.3229
517.9667,285.0064,284.9362
518.0000,282.5000,282.4964
518.0333,280.0187,279.8382
518.0667,277.5633,277.3469
518.1000,275.1346,274.9692
518.1333,272.7332,272.5916
518.1667,270.3599,270.4661
518.2000,268.0154,267.8382
518.2333,265.7005,265.3325
518.2667,263.4159,262.9692
518.3000,261.1621,260.9692
518.3333,258.9400,258.9692
518.3667,256.7503,256.7182
518.4000,254.5934,254.5870
518.4333,252.4703,252.6087
518.4667,250.3814,250.6087
518.5000,248.3274,248.6118
518.5333,246.3089,246.6118
518.5667,244.3266,244.6118
518.6000,242.3811,242.6118
518.6333,240.4729,240.6118
518.6667,238.6027,238.6118
518.7000,236.7709,236.9692
518.7333,234.9782,234.9692
518.7667,233.2251,232.9692
518.8000,231.5122,231.3469
518.8333,229.8399,229.3469
518.8667,228.2088,227.9722
518.9000,226.6194,226.7869
518.9333,225.0721,224.9919
518.9667,223.5674,223.2509
519.0000,222.1058,222.1359
519.0333,220.6877,220.5703
519.0667,219.3136,219.1532
519.1000,217.9839,218.1389
519.1333,216.6990,216.7670
519.1667,215.4592,215.3469
519.2000,214.2650,214.1359
519.2333,213.1167,212.9692
519.2667,212.0147,212.1068
519.3000,210.9592,211.0352
519.3333,209.9507,210.1068
519.3667,208.9894,209.0352
519.4000,208.0757,208.0338
519.4333,207.2097,207.0352
519.4667,206.3918,206.5480
519.5000,205.6222,205.4370
519.5333,204.9012,205.0352
519.5667,204.2289,204.5480
519.6000,203.6056,203.5084
519.6333,203.0315,203.0352
519.6667,202.5067,202.6852
519.7000,202.0314,202.1061
519.7333,201.6058,201.4370
519.7667,201.2299,201.1876
519.8000,200.9039,200.9260
519.8333,200.6279,200.6566
519.8667,200.4019,200.5012
519.9000,200.2261,200.2856
519.9333,200.1005,200.2212
519.9667,200.0251,200.4097
520.0000,200.0000,199.7175
520.0333,200.0565,200.0248
520.0667,200.2261,200.2970
520.1000,200.5086,200.5736
520.1333,200.9039,201.0074
520.1667,201.4116,201.4603
520.2000,202.0314,202.0000
520.2333,202.7629,202.5614
520.2667,203.6056,203.4531
520.3000,204.5590,204.5614
520.3333,205.6222,205.4709
520.3667,206.7947,206.6399
520.4000,208.0757,208.0339
520.4333,209.4642,209.3148
520.4667,210.9592,211.0057
520.5000,212.5599,212.5614
520.5333,214.2650,214.0545
520.5667,216.0734,216.0351
520.6000,217.9839,218.0351
520.6333,219.9952,220.0312
520.6667,222.1058,222.0312
520.7000,224.3144,224.5110
520.7333,226.6194,226.8271
520.7667,229.0192,228.8271
520.8000,231.5122,231.2279
520.8333,234.0967,233.9186
520.8667,236.7709,236.8271
520.9000,239.5330,239.3057
520.9333,242.3811,242.4028
520.9667,245.3132,244.8443
521.0000,248.3274,248.3084
521.0333,251.4215,251.2360
521.0667,254.5934,254.7773
521.1000,257.8411,257.6207
521.1333,261.1621,260.9718
521.1667,264.5544,264.7616
521.2000,268.0154,267.9078
521.2333,271.5430,271.3628
521.2667,275.1346,274.9718
521.3000,278.7877,278.7843
521.3333,282.5000,282.5736
521.3667,286.2688,286.3276
521.4000,290.0916,290.0140
521.4333,293.9657,294.0080
521.4667,297.8885,298.0080
521.5000,301.8572,301.8270
521.5333,305.8693,305.8538
521.5667,309.9219,309.8952
521.6000,314.0122,313.9286
521.6333,318.1375,318.3074
521.6667,322.2949,322.3206
521.7000,326.4815,326.3206
521.7333,330.6946,330.7746
521.7667,334.9311,334.8882
521.8000,339.1883,338.9113
521.8333,343.4632,343.1405
521.8667,347.7528,347.7201
521.9000,352.0542,352.0128
521.9333,356.3646,356.5572
521.9667,360.6808,360.7654
522.0000,365.0000,364.9019
522.0333,369.3192,369.1133
522.0667,373.6354,373.4061
522.1000,377.9458,378.0068
522.1333,382.2472,382.2938
522.1667,386.5368,386.5057
522.2000,390.8117,390.9248
522.2333,395.0689,394.9815
522.2667,399.3054,398.9815
522.3000,403.5185,403.4386
522.3333,407.7051,407.6750
522.3667,411.8625,411.6750
522.4000,415.9878,415.6724
522.4333,420.0781,419.9592
522.4667,424.1307,423.9592
522.5000,428.1428,427.9592
522.5333,432.1115,431.9732
522.5667,436.0343,435.9732
522.6000,439.9084,439.7832
522.6333,443.7312,443.5665
522.6667,447.5000,447.1300
522.7000,451.2123,451.1300
522.7333,454.8654,455.0472
522.7667,458.4570,458.6724
522.8000,461.9846,461.9971
522.8333,465.4456,465.3231
522.8667,468.8379,469.0472
522.9000,472.1589,472.1505
522.9333,475.4066,475.4457
522.9667,478.5785,478.6960
523.0000,481.6726,481.4321
523.0333,484.6868,484.6960
523.0667,487.6189,487.4405
523.1000,490.4670,490.5956
523.1333,493.2291,492.9271
523.1667,495.9033,495.7024
523.2000,498.4878,498.5881
523.2333,500.9808,500.9299
523.2667,503.3806,503.4405
523.3000,505.6856,505.5920
523.3333,507.8942,507.8539
523.3667,510.0048,509.8539
523.4000,512.0161,511.8507
523.4333,513.9266,513.8539
523.4667,515.7350,515.5877
523.5000,517.4401,517.2555
523.5333,519.0408,519.0703
523.5667,520.5358,520.6064
523.6000,521.9243,521.8539
523.6333,523.2053,523.1840
523.6667,524.3778,524.4168
523.7000,525.4410,525.3793
523.7333,526.3944,526.3612
523.7667,527.2371,527.0589
523.8000,527.9686,527.9730
523.8333,528.5884,528.7756
523.8667,529.0961,529.3078
523.9000,529.4914,529.6322
523.9333,529.7739,529.6876
523.9667,529.9435,529.8282
524.0000,530.0000,529.8282
524.0333,529.9749,529.7932
524.0667,529.8995,529.7618
524.1000,529.7739,529.7341
524.1333,529.5981,529.5778
524.1667,529.3721,529.4305
524.2000,529.0961,529.2878
524.2333,528.7701,529.0312
524.2667,528.3942,528.6565
524.3000,527.9686,527.9730
524.3333,527.4933,527.4389
524.3667,526.9685,526.9151
524.4000,526.3944,526.4072
524.4333,525.7711,525.4964
524.4667,525.0988,524.9804
524.5000,524.3778,524.4072
524.5333,523.6082,523.4746
524.5667,522.7903,522.7279
524.6000,521.9243,521.6692
524.6333,521.0106,520.9507
524.6667,520.0493,519.6071
524.7000,519.0408,518.8266
524.7333,517.9853,517.5782
524.7667,516.8833,516.8665
524.8000,515.7350,515.5782
524.8333,514.5408,514.7436
524.8667,513.3010,513.0373
524.9000,512.0161,512.0007
524.9333,510.6864,510.7267
524.9667,509.3123,509.0215
525.0000,507.8942,507.5782
525.0333,506.4326,506.4897
525.0667,504.9279,504.8979
525.1000,503.3806,503.2786
525.1333,501.7912,501.4673
525.1667,500.1601,500.0007
525.2000,498.4878,498.5855
525.2333,496.7749,496.9286
525.2667,495.0218,494.9286
525.3000,493.2291,492.9286
525.3333,491.3973,491.1868
525.3667,489.5271,489.1868
525.4000,487.6189,487.4171
525.4333,485.6734,485.6436
525.4667,483.6911,483.6436
525.5000,481.6726,481.6101
525.5333,479.6186,479.4913
525.5667,477.5297,477.1868
525.6000,475.4066,475.1868
525.6333,473.2497,473.1052
525.6667,471.0600,471.1052
525.7000,468.8379,468.8194
525.7333,466.5841,466.8194
525.7667,464.2995,464.3586
525.8000,461.9846,461.7084
525.8333,459.6401,459.4628
525.8667,457.2668,457.1052
525.9000,454.8654,454.8194
525.9333,452.4367,452.3573
525.9667,449.9813,449.6872
526.0000,447.5000,447.2846
526.0333,444.9936,444.8998
526.0667,442.4628,442.3335
526.1000,439.9084,439.7084
526.1333,437.3312,437.2008
526.1667,434.7320,434.8191
526.2000,432.1115,432.0039
526.2333,429.4706,429.2846
526.2667,426.8101,426.7386
526.3000,424.1307,424.2522
526.3333,421.4333,421.2846
526.3667,418.7187,418.7386
526.4000,415.9878,415.6258
526.4333,413.2413,413.1412
526.4667,410.4802,410.7386
526.5000,407.7051,407.6041
526.5333,404.9171,404.7386
526.5667,402.1169,402.2522
526.6000,399.3054,399.2909
526.6333,396.4835,396.7386
526.6667,393.6519,393.4662
526.7000,390.8117,391.0466
526.7333,387.9636,387.9457
526.7667,385.1084,385.0466
526.8000,382.2472,382.1244
526.8333,379.3807,379.2000
526.8667,376.5098,376.6014
526.9000,373.6354,373.4692
526.9333,370.7584,370.7774
526.9667,367.8796,367.8348
527.0000,365.0000,364.9649
527.0333,362.1204,362.2522
527.0667,359.2416,359.0041
527.1000,356.3646,356.2522
527.1333,353.4902,353.2956
527.1667,350.6193,350.5905
527.2000,347.7528,347.4692
527.2333,344.8916,345.1278
527.2667,342.0364,341.8539
527.3000,339.1883,338.9943
527.3333,336.3481,336.3848
527.3667,333.5165,333.3882
527.4000,330.6946,330.7779
527.4333,327.8831,328.0725
527.4667,325.0829,324.9692
527.5000,322.2949,322.3954
527.5333,319.5198,319.3229
527.5667,316.7587,316.7774
527.6000,314.0122,313.8382
527.6333,311.2813,310.9692
527.6667,308.5667,308.5734
527.7000,305.8693,305.5590
527.7333,303.1899,302.9692
527.7667,300.5294,300.5734
527.8000,297.8885,297.5940
527.8333,295.2680,295.1331
527.8667,292.6688,292.7608
527.9000,290.0916,289.8301
527.9333,287.5372,287.3229
527.9667,285.0064,284.9362
528.0000,282.5000,282.4964
528.0333,280.0187,279.8382
528.0667,277.5633,277.3469
528.1000,275.1346,274.9692
528.1333,272.7332,272.5916
528.1667,270.3599,270.4661
528.2000,268.0154,267.8382
528.2333,265.7005,265.3325
528.2667,263.4159,262.9692
528.3000,261.1621,260.9692
528.3333,258.9400,258.9692
528.3667,256.7503,256.7182
528.4000,254.5934,254.5870
528.4333,252.4703,252.6087
528.4667,250.3814,250.6087
528.5000,248.3274,248.6118
528.5333,246.3089,246.6118
528.5667,244.3266,244.6118
528.6000,242.3811,242.6118
528.6333,240.4729,240.6118
528.6667,238.6027,238.6118
528.7000,236.7709,236.9692
528.7333,234.9782,234.9692
528.7667,233.2251,232.9692
528.8000,231.5122,231.3469
528.8333,229.8399,229.3469
528.8667,228.2088,227.9722
528.9000,226.6194,226.7869
528.9333,225.0721,224.9919
528.9667,223.5674,223.2509
529.0000,222.1058,222.1359
529.0333,220.6877,220.5703
529.0667,219.3136,219.1532
529.1000,217.9839,218.1389
529.1333,216.6990,216.7670
529.1667,215.4592,215.3469
529.2000,214.2650,214.1359
529.2333,213.1167,212.9692
529.2667,212.0147,212.1068
529.3000,210.9592,211.0352
529.3333,209.9507,210.1068
529.3667,208.9894,209.0352
529.4000,208.0757,208.0338
529.4333,207.2097,207.0352
529.4667,206.3918,206.5480
529.5000,205.6222,205.4370
529.5333,204.9012,205.0352
529.5667,204.2289,204.5480
529.6000,203.6056,203.5084
529.6333,203.0315,203.0352
529.6667,202.5067,202.6852
529.7000,202.0314,202.1061
529.7333,201.6058,201.4370
529.7667,201.2299,201.1876
529.8000,200.9039,200.9260
529.8333,200.6279,200.6566
529.8667,200.4019,200.5012
529.9000,200.2261,200.2856
529.9333,200.1005,200.2212
529.9667,200.0251,200.4097
530.0000,200.0000,199.7175
530.0333,200.0565,200.0248
530.0667,200.2261,200.2970
530.1000,200.5086,200.5736
530.1333,200.9039,201.0074
530.1667,201.4116,201.4603
530.2000,202.0314,202.0000
530.2333,202.7629,202.5614
530.2667,203.6056,203.4531
530.3000,204.5590,204.5614
530.3333,205.6222,205.4709
530.3667,206.7947,206.6399
530.4000,208.0757,208.0339
530.4333,209.4642,209.3148
530.4667,210.9592,211.0057
530.5000,212.5599,212.5614
530.5333,214.2650,214.0545
530.5667,216.0734,216.0351
530.6000,217.9839,218.0351
530.6333,219.9952,220.0312
530.6667,222.1058,222.0312
530.7000,224.3144,224.5110
530.7333,226.6194,226.8271
530.7667,229.0192,228.8271
530.8000,231.5122,231.2279
530.8333,234.0967,233.9186
530.8667,236.7709,236.8271
530.9000,239.5330,239.3057
530.9333,242.3811,242.4028
530.9667,245.3132,244.8443
531.0000,248.3274,248.3084
531.0333,251.4215,251.2360
531.0667,254.5934,254.7773
531.1000,257.8411,257.6207
531.1333,261.1621,260.9718
531.1667,264.5544,264.7616
531.2000,268.0154,267.9078
531.2333,271.5430,271.3628
531.2667,275.1346,274.9718
531.3000,278.7877,278.7843
531.3333,282.5000,282.5736
531.3667,286.2688,286.3276
531.4000,290.0916,290.0140
531.4333,293.9657,294.0080
531.4667,297.8885,298.0080
531.5000,301.8572,301.8270
531.5333,305.8693,305.8538
531.5667,309.9219,309.8952
531.6000,314.0122,313.9286
531.6333,318.1375,318.3074
531.6667,322.2949,322.3206
531.7000,326.4815,326.3206
531.7333,330.6946,330.7746
531.7667,334.9311,334.8882
531.8000,339.1883,338.9113
531.8333,343.4632,343.1405
531.8667,347.7528,347.7201
531.9000,352.0542,352.0128
531.9333,356.3646,356.5572
531.9667,360.6808,360.7654
532.0000,365.0000,364.9019
532.0333,369.3192,369.1133
532.0667,373.6354,373.4061
532.1000,377.9458,378.0068
532.1333,382.2472,382.2938
532.1667,386.5368,386.5057
532.2000,390.8117,390.9248
532.2333,395.0689,394.9815
532.2667,399.3054,398.9815
532.3000,403.5185,403.4386
532.3333,407.7051,407.6750
532.3667,411.8625,411.6750
532.4000,415.9878,415.6724
532.4333,420.0781,419.9592
532.4667,424.1307,423.9592
532.5000,428.1428,427.9592
532.5333,432.1115,431.9732
532.5667,436.0343,435.9732
532.6000,439.9084,439.7832
532.6333,443.7312,443.5665
532.6667,447.5000,447.1300
532.7000,451.2123,451.1300
532.7333,454.8654,455.0472
532.7667,458.4570,458.6724
532.8000,461.9846,461.9971
532.8333,465.4456,465.3231
532.8667,468.8379,469.0472
532.9000,472.1589,472.1505
532.9333,475.4066,475.4457
532.9667,478.5785,478.6960
533.0000,481.6726,481.4321
533.0333,484.6868,484.6960
533.0667,487.6189,487.4405
533.1000,490.4670,490.5956
533.1333,493.2291,492.9271
533.1667,495.9033,495.7024
533.2000,498.4878,498.5881
533.2333,500.9808,500.9299
533.2667,503.3806,503.4405
533.3000,505.6856,505.5920
533.3333,507.8942,507.8539
533.3667,510.0048,509.8539
533.4000,512.0161,511.8507
533.4333,513.9266,513.8539
533.4667,515.7350,515.5877
533.5000,517.4401,517.2555
533.5333,519.0408,519.0703
533.5667,520.5358,520.6064
533.6000,521.9243,521.8539
533.6333,523.2053,523.1840
533.6667,524.3778,524.4168
533.7000,525.4410,525.3793
533.7333,526.3944,526.3612
533.7667,527.2371,527.0589
533.8000,527.9686,527.9730
533.8333,528.5884,528.7756
533.8667,529.0961,529.3078
533.9000,529.4914,529.6322
533.9333,529.7739,529.6876
533.9667,529.9435,529.8282
534.0000,530.0000,529.8282
534.0333,529.9749,529.7932
534.0667,529.8995,529.7618
534.1000,529.7739,529.7341
534.1333,529.5981,529.5778
534.1667,529.3721,529.4305
534.2000,529.0961,529.2878
534.2333,528.7701,529.0312
534.2667,528.3942,528.6565
534.3000,527.9686,527.9730
534.3333,527.4933,527.4389
534.3667,526.9685,526.9151
534.4000,526.3944,526.4072
534.4333,525.7711,525.4964
534.4667,525.0988,524.9804
534.5000,524.3778,524.4072
534.5333,523.6082,523.4746
534.5667,522.7903,522.7279
534.6000,521.9243,521.6692
534.6333,521.0106,520.9507
534.6667,520.0493,519.6071
534.7000,519.0408,518.8266
534.7333,517.9853,517.5782
534.7667,516.8833,516.8665
534.8000,515.7350,515.5782
534.8333,514.5408,514.7436
534.8667,513.3010,513.0373
534.9000,512.0161,512.0007
534.9333,510.6864,510.7267
534.9667,509.3123,509.0215
535.0000,507.8942,507.5782
535.0333,506.4326,506.4897
535.0667,504.9279,504.8979
535.1000,503.3806,503.2786
535.1333,501.7912,501.4673
535.1667,500.1601,500.0007
535.2000,498.4878,498.5855
535.2333,496.7749,496.9286
535.2667,495.0218,494.9286
535.3000,493.2291,492.9286
535.3333,491.3973,491.1868
535.3667,489.5271,489.1868
535.4000,487.6189,487.4171
535.4333,485.6734,485.6436
535.4667,483.6911,483.6436
535.5000,481.6726,481.6101
535.5333,479.6186,479.4913
535.5667,477.5297,477.1868
535.6000,475.4066,475.1868
535.6333,473.2497,473.1052
535.6667,471.0600,471.1052
535.7000,468.8379,468.8194
535.7333,466.5841,466.8194
535.7667,464.2995,464.3586
535.8000,461.9846,461.7084
535.8333,459.6401,459.4628
535.8667,457.2668,457.1052
535.9000,454.8654,454.8194
535.9333,452.4367,452.3573
535.9667,449.9813,449.6872
536.0000,447.5000,447.2846
536.0333,444.9936,444.8998
536.0667,442.4628,442.3335
536.1000,439.9084,439.7084
536.1333,437.3312,437.2008
536.1667,434.7320,434.8191
536.2000,432.1115,432.0039
536.2333,429.4706,429.2846
536.2667,426.8101,426.7386
536.3000,424.1307,424.2522
536.3333,421.4333,421.2846
536.3667,418.7187,418.7386
536.4000,415.9878,415.6258
536.4333,413.2413,413.1412
536.4667,410.4802,410.7386
536.5000,407.7051,407.6041
536.5333,404.9171,404.7386
536.5667,402.1169,402.2522
536.6000,399.3054,399.2909
536.6333,396.4835,396.7386
536.6667,393.6519,393.4662
536.7000,390.8117,391.0466
536.7333,387.9636,387.9457
536.7667,385.1084,385.0466
536.8000,382.2472,382.1244
536.8333,379.3807,379.2000
536.8667,376.5098,376.6014
536.9000,373.6354,373.4692
536.9333,370.7584,370.7774
536.9667,367.8796,367.8348
537.0000,365.0000,364.9649
537.0333,362.1204,362.2522
537.0667,359.2416,359.0041
537.1000,356.3646,356.2522
537.1333,353.4902,353.2956
537.1667,350.6193,350.5905
537.2000,347.7528,347.4692
537.2333,344.8916,345.1278
537.2667,342.0364,341.8539
537.3000,339.1883,338.9943
537.3333,336.3481,336.3848
537.3667,333.5165,333.3882
537.4000,330.6946,330.7779
537.4333,327.8831,328.0725
537.4667,325.0829,324.9692
537.5000,322.2949,322.3954
537.5333,319.5198,319.3229
537.5667,316.7587,316.7774
537.6000,314.0122,313.8382
537.6333,311.2813,310.9692
537.6667,308.5667,308.5734
537.7000,305.8693,305.5590
537.7333,303.1899,302.9692
537.7667,300.5294,300.5734
537.8000,297.8885,297.5940
537.8333,295.2680,295.1331
537.8667,292.6688,292.7608
537.9000,290.0916,289.8301
537.9333,287.5372,287.3229
537.9667,285.0064,284.9362
538.0000,282.5000,282.4964
538.0333,280.0187,279.8382
538.0667,277.5633,277.3469
538.1000,275.1346,274.9692
538.1333,272.7332,272.5916
538.1667,270.3599,270.4661
538.2000,268.0154,267.8382
538.2333,265.7005,265.3325
538.2667,263.4159,262.9692
538.3000,261.1621,260.9692
538.3333,258.9400,258.9692
538.3667,256.7503,256.7182
538.4000,254.5934,254.5870
538.4333,252.4703,252.6087
538.4667,250.3814,250.6087
538.5000,248.3274,248.6118
538.5333,246.3089,246.6118
538.5667,244.3266,244.6118
538.6000,242.3811,242.6118
538.6333,240.4729,240.6118
538.6667,238.6027,238.6118
538.7000,236.7709,236.9692
538.7333,234.9782,234.9692
538.7667,233.2251,232.9692
538.8000,231.5122,231.3469
538.8333,229.8399,229.3469
538.8667,228.2088,227.9722
538.9000,226.6194,226.7869
538.9333,225.0721,224.9919
538.9667,223.5674,223.2509
539.0000,222.1058,222.1359
539.0333,220.6877,220.5703
539.0667,219.3136,219.1532
539.1000,217.9839,218.1389
539.1333,216.6990,216.7670
539.1667,215.4592,215.3469
539.2000,214.2650,214.1359
539.2333,213.1167,212.9692
539.2667,212.0147,212.1068
539.3000,210.9592,211.0352
539.3333,209.9507,210.1068
539.3667,208.9894,209.0352
539.4000,208.0757,208.0338
539.4333,207.2097,207.0352
539.4667,206.3918,206.5480
539.5000,205.6222,205.4370
539.5333,204.9012,205.0352
539.5667,204.2289,204.5480
539.6000,203.6056,203.5084
539.6333,203.0315,203.0352
539.6667,202.5067,202.6852
539.7000,202.0314,202.1061
539.7333,201.6058,201.4370
539.7667,201.2299,201.1876
539.8000,200.9039,200.9260
539.8333,200.6279,200.6566
539.8667,200.4019,200.5012
539.9000,200.2261,200.2856
539.9333,200.1005,200.2212
539.9667,200.0251,200.4097
540.0000,200.0000,199.7175
540.0333,200.0565,200.0248
540.0667,200.2261,200.2970
540.1000,200.5086,200.5736
540.1333,200.9039,201.0074
540.1667,201.4116,201.4603
540.2000,202.0314,202.0000
540.2333,202.7629,202.5614
540.2667,203.6056,203.4531
540.3000,204.5590,204.5614
540.3333,205.6222,205.4709
540.3667,206.7947,206.6399
540.4000,208.0757,208.0339
540.4333,209.4642,209.3148
540.4667,210.9592,211.0057
540.5000,212.5599,212.5614
540.5333,214.2650,214.0545
540.5667,216.0734,216.0351
540.6000,217.9839,218.0351
540.6333,219.9952,220.0312
540.6667,222.1058,222.0312
540.7000,224.3144,224.5110
540.7333,226.6194,226.8271
540.7667,229.0192,228.8271
540.8000,231.5122,231.2279
540.8333,234.0967,233.9186
540.8667,236.7709,236.8271
540.9000,239.5330,239.3057
540.9333,242.3811,242.4028
540.9667,245.3132,244.8443
541.0000,248.3274,248.3084
541.0333,251.4215,251.2360
541.0667,254.5934,254.7773
541.1000,257.8411,257.6207
541.1333,261.1621,260.9718
541.1667,264.5544,264.7616
541.2000,268.0154,267.9078
541.2333,271.5430,271.3628
541.2667,275.1346,274.9718
541.3000,278.7877,278.7843
541.3333,282.5000,282.5736
541.3667,286.2688,286.3276
541.4000,290.0916,290.0140
541.4333,293.9657,294.0080
541.4667,297.8885,298.0080
541.5000,301.8572,301.8270
541.5333,305.8693,305.8538
541.5667,309.9219,309.8952
541.6000,314.0122,313.9286
541.6333,318.1375,318.3074
541.6667,322.2949,322.3206
541.7000,326.4815,326.3206
541.7333,330.6946,330.7746
541.7667,334.9311,334.8882
541.8000,339.1883,338.9113
541.8333,343.4632,343.1405
541.8667,347.7528,347.7201
541.9000,352.0542,352.0128
541.9333,356.3646,356.5572
541.9667,360.6808,360.7654
542.0000,365.0000,364.9019
542.0333,369.3192,369.1133
542.0667,373.6354,373.4061
542.1000,377.9458,378.0068
542.1333,382.2472,382.2938
542.1667,386.5368,386.5057
542.2000,390.8117,390.9248
542.2333,395.0689,394.9815
542.2667,399.3054,398.9815
542.3000,403.5185,403.4386
542.3333,407.7051,407.6750
542.3667,411.8625,411.6750
542.4000,415.9878,415.6724
542.4333,420.0781,419.9592
542.4667,424.1307,423.9592
542.5000,428.1428,427.9592
542.5333,432.1115,431.9732
542.5667,436.0343,435.9732
542.6000,439.9084,439.7832
542.6333,443.7312,443.5665
542.6667,447.5000,447.1300
542.7000,451.2123,451.1300
542.7333,454.8654,455.0472
542.7667,458.4570,458.6724
542.8000,461.9846,461.9971
542.8333,465.4456,465.3231
542.8667,468.8379,469.0472
542.9000,472.1589,472.1505
542.9333,475.4066,475.4457
542.9667,478.5785,478.6960
543.0000,481.6726,481.4321
543.0333,484.6868,484.6960
543.0667,487.6189,487.4405
543.1000,490.4670,490.5956
543.1333,493.2291,492.9271
543.1667,495.9033,495.7024
543.2000,498.4878,498.5881
543.2333,500.9808,500.9299
543.2667,503.3806,503.4405
543.3000,505.6856,505.5920
543.3333,507.8942,507.8539
543.3667,510.0048,509.8539
543.4000,512.0161,511.8507
543.4333,513.9266,513.8539
543.4667,515.7350,515.5877
543.5000,517.4401,517.2555
543.5333,519.0408,519.0703
543.5667,520.5358,520.6064
543.6000,521.9243,521.8539
543.6333,523.2053,523.1840
543.6667,524.3778,524.4168
543.7000,525.4410,525.3793
543.7333,526.3944,526.3612
543.7667,527.2371,527.0589
543.8000,527.9686,527.9730
543.8333,528.5884,528.7756
543.8667,529.0961,529.3078
543.9000,529.4914,529.6322
543.9333,529.7739,529.6876
543.9667,529.9435,529.8282
544.0000,530.0000,529.8282
544.0333,529.9749,529.7932
544.0667,529.8995,529.7618
544.1000,529.7739,529.7341
544.1333,529.5981,529.5778
544.1667,529.3721,529.4305
544.2000,529.0961,529.2878
544.2333,528.7701,529.0312
544.2667,528.3942,528.6565
544.3000,527.9686,527.9730
544.3333,527.4933,527.4389
544.3667,526.9685,526.9151
544.4000,526.3944,526.4072
544.4333,525.7711,525.4964
544.4667,525.0988,524.9804
544.5000,524.3778,524.4072
544.5333,523.6082,523.4746
544.5667,522.7903,522.7279
544.6000,521.9243,521.6692
544.6333,521.0106,520.9507
544.6667,520.0493,519.6071
544.7000,519.0408,518.8266
544.7333,517.9853,517.5782
544.7667,516.8833,516.8665
544.8000,515.7350,515.5782
544.8333,514.5408,514.7436
544.8667,513.3010,513.0373
544.9000,512.0161,512.0007
544.9333,510.6864,510.7267
544.9667,509.3123,509.0215
545.0000,507.8942,507.5782
545.0333,506.4326,506.4897
545.0667,504.9279,504.8979
545.1000,503.3806,503.2786
545.1333,501.7912,501.4673
545.1667,500.1601,500.0007
545.2000,498.4878,498.5855
545.2333,496.7749,496.9286
545.2667,495.0218,494.9286
545.3000,493.2291,492.9286
545.3333,491.3973,491.1868
545.3667,489.5271,489.1868
545.4000,487.6189,487.4171
545.4333,485.6734,485.6436
545.4667,483.6911,483.6436
545.5000,481.6726,481.6101
545.5333,479.6186,479.4913
545.5667,477.5297,477.1868
545.6000,475.4066,475.1868
545.6333,473.2497,473.1052
545.6667,471.0600,471.1052
545.7000,468.8379,468.8194
545.7333,466.5841,466.8194
545.7667,464.2995,464.3586
545.8000,461.9846,461.7084
545.8333,459.6401,459.4628
545.8667,457.2668,457.1052
545.9000,454.8654,454.8194
545.9333,452.4367,452.3573
545.9667,449.9813,449.6872
546.0000,447.5000,447.2846
546.0333,444.9936,444.8998
546.0667,442.4628,442.3335
546.1000,439.9084,439.7084
546.1333,437.3312,437.2008
546.1667,434.7320,434.8191
546.2000,432.1115,432.0039
546.2333,429.4706,429.2846
546.2667,426.8101,426.7386
546.3000,424.1307,424.2522
546.3333,421.4333,421.2846
546.3667,418.7187,418.7386
546.4000,415.9878,415.6258
546.4333,413.2413,413.1412
546.4667,410.4802,410.7386
546.5000,407.7051,407.6041
546.5333,404.9171,404.7386
546.5667,402.1169,402.2522
546.6000,399.3054,399.2909
546.6333,396.4835,396.7386
546.6667,393.6519,393.4662
546.7000,390.8117,391.0466
546.7333,387.9636,387.9457
546.7667,385.1084,385.0466
546.8000,382.2472,382.1244
546.8333,379.3807,379.2000
546.8667,376.5098,376.6014
546.9000,373.6354,373.4692
546.9333,370.7584,370.7774
546.9667,367.8796,367.8348
547.0000,365.0000,364.9649
547.0333,362.1204,362.2522
547.0667,359.2416,359.0041
547.1000,356.3646,356.2522
547.1333,353.4902,353.2956
547.1667,350.6193,350.5905
547.2000,347.7528,347.4692
547.2333,344.8916,345.1278
547.2667,342.0364,341.8539
547.3000,339.1883,338.9943
547.3333,336.3481,336.3848
547.3667,333.5165,333.3882
547.4000,330.6946,330.7779
547.4333,327.8831,328.0725
547.4667,325.0829,324.9692
547.5000,322.2949,322.3954
547.5333,319.5198,319.3229
547.5667,316.7587,316.7774
547.6000,314.0122,313.8382
547.6333,311.2813,310.9692
547.6667,308.5667,308.5734
547.7000,305.8693,305.5590
547.7333,303.1899,302.9692
547.7667,300.5294,300.5734
547.8000,297.8885,297.5940
547.8333,295.2680,295.1331
547.8667,292.6688,292.7608
547.9000,290.0916,289.8301
547.9333,287.5372,287.3229
547.9667,285.0064,284.9362
548.0000,282.5000,282.4964
548.0333,280.0187,279.8382
548.0667,277.5633,277.3469
548.1000,275.1346,274.9692
548.1333,272.7332,272.5916
548.1667,270.3599,270.4661
548.2000,268.0154,267.8382
548.2333,265.7005,265.3325
548.2667,263.4159,262.9692
548.3000,261.1621,260.9692
548.3333,258.9400,258.9692
548.3667,256.7503,256.7182
548.4000,254.5934,254.5870
548.4333,252.4703,252.6087
548.4667,250.3814,250.6087
548.5000,248.3274,248.6118
548.5333,246.3089,246.6118
548.5667,244.3266,244.6118
548.6000,242.3811,242.6118
548.6333,240.4729,240.6118
548.6667,238.6027,238.6118
548.7000,236.7709,236.9692
548.7333,234.9782,234.9692
548.7667,233.2251,232.9692
548.8000,231.5122,231.3469
548.8333,229.8399,229.3469
548.8667,228.2088,227.9722
548.9000,226.6194,226.7869
548.9333,225.0721,224.9919
548.9667,223.5674,223.2509
549.0000,222.1058,222.1359
549.0333,220.6877,220.5703
549.0667,219.3136,219.1532
549.1000,217.9839,218.1389
549.1333,216.6990,216.7670
549.1667,215.4592,215.3469
549.2000,214.2650,214.1359
549.2333,213.1167,212.9692
549.2667,212.0147,212.1068
549.3000,210.9592,211.0352
549.3333,209.9507,210.1068
549.3667,208.9894,209.0352
549.4000,208.0757,208.0338
549.4333,207.2097,207.0352
549.4667,206.3918,206.5480
549.5000,205.6222,205.4370
549.5333,204.9012,205.0352
549.5667,204.2289,204.5480
549.6000,203.6056,203.5084
549.6333,203.0315,203.0352
549.6667,202.5067,202.6852
549.7000,202.0314,202.1061
549.7333,201.6058,201.4370
549.7667,201.2299,201.1876
549.8000,200.9039,200.9260
549.8333,200.6279,200.6566
549.8667,200.4019,200.5012
549.9000,200.2261,200.2856
549.9333,200.1005,200.2212
549.9667,200.0251,200.4097
550.0000,200.0000,199.7175
550.0333,200.0565,200.0248
550.0667,200.2261,200.2970
550.1000,200.5086,200.5736
550.1333,200.9039,201.0074
550.1667,201.4116,201.4603
550.2000,202.0314,202.0000
550.2333,202.7629,202.5614
550.2667,203.6056,203.4531
550.3000,204.5590,204.5614
550.3333,205.6222,205.4709
550.3667,206.7947,206.6399
550.4000,208.0757,208.0339
550.4333,209.4642,209.3148
550.4667,210.9592,211.0057
550.5000,212.5599,212.5614
550.5333,214.2650,214.0545
550.5667,216.0734,216.0351
550.6000,217.9839,218.0351
550.6333,219.9952,220.0312
550.6667,222.1058,222.0312
550.7000,224.3144,224.5110
550.7333,226.6194,226.8271
550.7667,229.0192,228.8271
550.8000,231.5122,231.2279
550.8333,234.0967,233.9186
550.8667,236.7709,236.8271
550.9000,239.5330,239.3057
550.9333,242.3811,242.4028
550.9667,245.3132,244.8443
551.0000,248.3274,248.3084
551.0333,251.4215,251.2360
551.0667,254.5934,254.7773
551.1000,257.8411,257.6207
551.1333,261.1621,260.9718
551.1667,264.5544,264.7616
551.2000,268.0154,267.9078
551.2333,271.5430,271.3628
551.2667,275.1346,274.9718
551.3000,278.7877,278.7843
551.3333,282.5000,282.5736
551.3667,286.2688,286.3276
551.4000,290.0916,290.0140
551.4333,293.9657,294.0080
551.4667,297.8885,298.0080
551.5000,301.8572,301.8270
551.5333,305.8693,305.8538
551.5667,309.9219,309.8952
551.6000,314.0122,313.9286
551.6333,318.1375,318.3074
551.6667,322.2949,322.3206
551.7000,326.4815,326.3206
551.7333,330.6946,330.7746
551.7667,334.9311,334.8882
551.8000,339.1883,338.9113
551.8333,343.4632,343.1405
551.8667,347.7528,347.7201
551.9000,352.0542,352.0128
551.9333,356.3646,356.5572
551.9667,360.6808,360.7654
552.0000,365.0000,364.9019
552.0333,369.3192,369.1133
552.0667,373.6354,373.4061
552.1000,377.9458,378.0068
552.1333,382.2472,382.2938
552.1667,386.5368,386.5057
552.2000,390.8117,390.9248
552.2333,395.0689,394.9815
552.2667,399.3054,398.9815
552.3000,403.5185,403.4386
552.3333,407.7051,407.6750
552.3667,411.8625,411.6750
552.4000,415.9878,415.6724
552.4333,420.0781,419.9592
552.4667,424.1307,423.9592
552.5000,428.1428,427.9592
552.5333,432.1115,431.9732
552.5667,436.0343,435.9732
552.6000,439.9084,439.7832
552.6333,443.7312,443.5665
552.6667,447.5000,447.1300
552.7000,451.2123,451.1300
552.7333,454.8654,455.0472
552.7667,458.4570,458.6724
552.8000,461.9846,461.9971
552.8333,465.4456,465.3231
552.8667,468.8379,469.0472
552.9000,472.1589,472.1505
552.9333,475.4066,475.4457
552.9667,478.5785,478.6960
553.0000,481.6726,481.4321
553.0333,484.6868,484.6960
553.0667,487.6189,487.4405
553.1000,490.4670,490.5956
553.1333,493.2291,492.9271
553.1667,495.9033,495.7024
553.2000,498.4878,498.5881
553.2333,500.9808,500.9299
553.2667,503.3806,503.4405
553.3000,505.6856,505.5920
553.3333,507.8942,507.8539
553.3667,510.0048,509.8539
553.4000,512.0161,511.8507
553.4333,513.9266,513.8539
553.4667,515.7350,515.5877
553.5000,517.4401,517.2555
553.5333,519.0408,519.0703
553.5667,520.5358,520.6064
553.6000,521.9243,521.8539
553.6333,523.2053,523.1840
553.6667,524.3778,524.4168
553.7000,525.4410,525.3793
553.7333,526.3944,526.3612
553.7667,527.2371,527.0589
553.8000,527.9686,527.9730
553.8333,528.5884,528.7756
553.8667,529.0961,529.3078
553.9000,529.4914,529.6322
553.9333,529.7739,529.6876
553.9667,529.9435,529.8282
554.0000,530.0000,529.8282
554.0333,529.9749,529.7932
554.0667,529.8995,529.7618
554.1000,529.7739,529.7341
554.1333,529.5981,529.5778
554.1667,529.3721,529.4305
554.2000,529.0961,529.2878
554.2333,528.7701,529.0312
554.2667,528.3942,528.6565
554.3000,527.9686,527.9730
554.3333,527.4933,527.4389
554.3667,526.9685,526.9151
554.4000,526.3944,526.4072
554.4333,525.7711,525.4964
554.4667,525.0988,524.9804
554.5000,524.3778,524.4072
554.5333,523.6082,523.4746
554.5667,522.7903,522.7279
554.6000,521.9243,521.6692
554.6333,521.0106,520.9507
554.6667,520.0493,519.6071
554.7000,519.0408,518.8266
554.7333,517.9853,517.5782
554.7667,516.8833,516.8665
554.8000,515.7350,515.5782
554.8333,514.5408,514.7436
554.8667,513.3010,513.0373
554.9000,512.0161,512.0007
554.9333,510.6864,510.7267
554.9667,509.3123,509.0215
555.0000,507.8942,507.5782
555.0333,506.4326,506.4897
555.0667,504.9279,504.8979
555.1000,503.3806,503.2786
555.1333,501.7912,501.4673
555.1667,500.1601,500.0007
555.2000,498.4878,498.5855
555.2333,496.7749,496.9286
555.2667,495.0218,494.9286
555.3000,493.2291,492.9286
555.3333,491.3973,491.1868
555.3667,489.5271,489.1868
555.4000,487.6189,487.4171
555.4333,485.6734,485.6436
555.4667,483.6911,483.6436
555.5000,481.6726,481.6101
555.5333,479.6186,479.4913
555.5667,477.5297,477.1868
555.6000,475.4066,475.1868
555.6333,473.2497,473.1052
555.6667,471.0600,471.1052
555.7000,468.8379,468.8194
555.7333,466.5841,466.8194
555.7667,464.2995,464.3586
555.8000,461.9846,461.7084
555.8333,459.6401,459.4628
555.8667,457.2668,457.1052
555.9000,454.8654,454.8194
555.9333,452.4367,452.3573
555.9667,449.9813,449.6872
556.0000,447.5000,447.2846
556.0333,444.9936,444.8998
556.0667,442.4628,442.3335
556.1000,439.9084,439.7084
556.1333,437.3312,437.2008
556.1667,434.7320,434.8191
556.2000,432.1115,432.0039
556.2333,429.4706,429.2846
556.2667,426.8101,426.7386
556.3000,424.1307,424.2522
556.3333,421.4333,421.2846
556.3667,418.7187,418.7386
556.4000,415.9878,415.6258
556.4333,413.2413,413.1412
556.4667,410.4802,410.7386
556.5000,407.7051,407.6041
556.5333,404.9171,404.7386
556.5667,402.1169,402.2522
556.6000,399.3054,399.2909
556.6333,396.4835,396.7386
556.6667,393.6519,393.4662
556.7000,390.8117,391.0466
556.7333,387.9636,387.9457
556.7667,385.1084,385.0466
556.8000,382.2472,382.1244
556.8333,379.3807,379.2000
556.8667,376.5098,376.6014
556.9000,373.6354,373.4692
556.9333,370.7584,370.7774
556.9667,367.8796,367.8348
557.0000,365.0000,364.9649
557.0333,362.1204,362.2522
557.0667,359.2416,359.0041
557.1000,356.3646,356.2522
557.1333,353.4902,353.2956
557.1667,350.6193,350.5905
557.2000,347.7528,347.4692
557.2333,344.8916,345.1278
557.2667,342.0364,341.8539
557.3000,339.1883,338.9943
557.3333,336.3481,336.3848
557.3667,333.5165,333.3882
557.4000,330.6946,330.7779
557.4333,327.8831,328.0725
557.4667,325.0829,324.9692
557.5000,322.2949,322.3954
557.5333,319.5198,319.3229
557.5667,316.7587,316.7774
557.6000,314.0122,313.8382
557.6333,311.2813,310.9692
557.6667,308.5667,308.5734
557.7000,305.8693,305.5590
557.7333,303.1899,302.9692
557.7667,300.5294,300.5734
557.8000,297.8885,297.5940
557.8333,295.2680,295.1331
557.8667,292.6688,292.7608
557.9000,290.0916,289.8301
557.9333,287.5372,287.3229
557.9667,285.0064,284.9362
558.0000,282.5000,282.4964
558.0333,280.0187,279.8382
558.0667,277.5633,277.3469
558.1000,275.1346,274.9692
558.1333,272.7332,272.5916
558.1667,270.3599,270.4661
558.2000,268.0154,267.8382
558.2333,265.7005,265.3325
558.2667,263.4159,262.9692
558.3000,261.1621,260.9692
558.3333,258.9400,258.9692
558.3667,256.7503,256.7182
558.4000,254.5934,254.5870
558.4333,252.4703,252.6087
558.4667,250.3814,250.6087
558.5000,248.3274,248.6118
558.5333,246.3089,246.6118
558.5667,244.3266,244.6118
558.6000,242.3811,242.6118
558.6333,240.4729,240.6118
558.6667,238.6027,238.6118
558.7000,236.7709,236.9692
558.7333,234.9782,234.9692
558.7667,233.2251,232.9692
558.8000,231.5122,231.3469
558.8333,229.8399,229.3469
558.8667,228.2088,227.9722
558.9000,226.6194,226.7869
558.9333,225.0721,224.9919
558.9667,223.5674,223.2509
559.0000,222.1058,222.1359
559.0333,220.6877,220.5703
559.0667,219.3136,219.1532
559.1000,217.9839,218.1389
559.1333,216.6990,216.7670
559.1667,215.4592,215.3469
559.2000,214.2650,214.1359
559.2333,213.1167,212.9692
559.2667,212.0147,212.1068
559.3000,210.9592,211.0352
559.3333,209.9507,210.1068
559.3667,208.9894,209.0352
559.4000,208.0757,208.0338
559.4333,207.2097,207.0352
559.4667,206.3918,206.5480
559.5000,205.6222,205.4370
559.5333,204.9012,205.0352
559.5667,204.2289,204.5480
559.6000,203.6056,203.5084
559.6333,203.0315,203.0352
559.6667,202.5067,202.6852
559.7000,202.0314,202.1061
559.7333,201.6058,201.4370
559.7667,201.2299,201.1876
559.8000,200.9039,200.9260
559.8333,200.6279,200.6566
559.8667,200.4019,200.5012
559.9000,200.2261,200.2856
559.9333,200.1005,200.2212
559.9667,200.0251,200.4097
560.0000,200.0000,199.7175
560.0333,200.0565,200.0248
560.0667,200.2261,200.2970
560.1000,200.5086,200.5736
560.1333,200.9039,201.0074
560.1667,201.4116,201.4603
560.2000,202.0314,202.0000
560.2333,202.7629,202.5614
560.2667,203.6056,203.4531
560.3000,204.5590,204.5614
560.3333,205.6222,205.4709
560.3667,206.7947,206.6399
560.4000,208.0757,208.0339
560.4333,209.4642,209.3148
560.4667,210.9592,211.0057
560.5000,212.5599,212.5614
560.5333,214.2650,214.0545
560.5667,216.0734,216.0351
560.6000,217.9839,218.0351
560.6333,219.9952,220.0312
560.6667,222.1058,222.0312
560.7000,224.3144,224.5110
560.7333,226.6194,226.8271
560.7667,229.0192,228.8271
560.8000,231.5122,231.2279
560.8333,234.0967,233.9186
560.8667,236.7709,236.8271
560.9000,239.5330,239.3057
560.9333,242.3811,242.4028
560.9667,245.3132,244.8443
561.0000,248.3274,248.3084
561.0333,251.4215,251.2360
561.0667,254.5934,254.7773
561.1000,257.8411,257.6207
561.1333,261.1621,260.9718
561.1667,264.5544,264.7616
561.2000,268.0154,267.9078
561.2333,271.5430,271.3628
561.2667,275.1346,274.9718
561.3000,278.7877,278.7843
561.3333,282.5000,282.5736
561.3667,286.2688,286.3276
561.4000,290.0916,290.0140
561.4333,293.9657,294.0080
561.4667,297.8885,298.0080
561.5000,301.8572,301.8270
561.5333,305.8693,305.8538
561.5667,309.9219,309.8952
561.6000,314.0122,313.9286
561.6333,318.1375,318.3074
561.6667,322.2949,322.3206
561.7000,326.4815,326.3206
561.7333,330.6946,330.7746
561.7667,334.9311,334.8882
561.8000,339.1883,338.9113
561.8333,343.4632,343.1405
561.8667,347.7528,347.7201
561.9000,352.0542,352.0128
561.9333,356.3646,356.5572
561.9667,360.6808,360.7654
562.0000,365.0000,364.9019
562.0333,369.3192,369.1133
562.0667,373.6354,373.4061
562.1000,377.9458,378.0068
562.1333,382.2472,382.2938
562.1667,386.5368,386.5057
562.2000,390.8117,390.9248
562.2333,395.0689,394.9815
562.2667,399.3054,398.9815
562.3000,403.5185,403.4386
562.3333,407.7051,407.6750
562.3667,411.8625,411.6750
562.4000,415.9878,415.6724
562.4333,420.0781,419.9592
562.4667,424.1307,423.9592
562.5000,428.1428,427.9592
562.5333,432.1115,431.9732
562.5667,436.0343,435.9732
562.6000,439.9084,439.7832
562.6333,443.7312,443.5665
562.6667,447.5000,447.1300
562.7000,451.2123,451.1300
562.7333,454.8654,455.0472
562.7667,458.4570,458.6724
562.8000,461.9846,461.9971
562.8333,465.4456,465.3231
562.8667,468.8379,469.0472
562.9000,472.1589,472.1505
562.9333,475.4066,475.4457
562.9667,478.5785,478.6960
563.0000,481.6726,481.4321
563.0333,484.6868,484.6960
563.0667,487.6189,487.4405
563.1000,490.4670,490.5956
563.1333,493.2291,492.9271
563.1667,495.9033,495.7024
563.2000,498.4878,498.5881
563.2333,500.9808,500.9299
563.2667,503.3806,503.4405
563.3000,505.6856,505.5920
563.3333,507.8942,507.8539
563.3667,510.0048,509.8539
563.4000,512.0161,511.8507
563.4333,513.9266,513.8539
563.4667,515.7350,515.5877
563.5000,517.4401,517.2555
563.5333,519.0408,519.0703
563.5667,520.5358,520.6064
563.6000,521.9243,521.8539
563.6333,523.2053,523.1840
563.6667,524.3778,524.4168
563.7000,525.4410,525.3793
563.7333,526.3944,526.3612
563.7667,527.2371,527.0589
563.8000,527.9686,527.9730
563.8333,528.5884,528.7756
563.8667,529.0961,529.3078
563.9000,529.4914,529.6322
563.9333,529.7739,529.6876
563.9667,529.9435,529.8282
564.0000,530.0000,529.8282
564.0333,529.9749,529.7932
564.0667,529.8995,529.7618
564.1000,529.7739,529.7341
564.1333,529.5981,529.5778
564.1667,529.3721,529.4305
564.2000,529.0961,529.2878
564.2333,528.7701,529.0312
564.2667,528.3942,528.6565
564.3000,527.9686,527.9730
564.3333,527.4933,527.4389
564.3667,526.9685,526.9151
564.4000,526.3944,526.4072
564.4333,525.7711,525.4964
564.4667,525.0988,524.9804
564.5000,524.3778,524.4072
564.5333,523.6082,523.4746
564.5667,522.7903,522.7279
564.6000,521.9243,521.6692
564.6333,521.0106,520.9507
564.6667,520.0493,519.6071
564.7000,519.0408,518.8266
564.7333,517.9853,517.5782
564.7667,516.8833,516.8665
564.8000,515.7350,515.5782
564.8333,514.5408,514.7436
564.8667,513.3010,513.0373
564.9000,512.0161,512.0007
564.9333,510.6864,510.7267
564.9667,509.3123,509.0215
565.0000,507.8942,507.5782
565.0333,506.4326,506.4897
565.0667,504.9279,504.8979
565.1000,503.3806,503.2786
565.1333,501.7912,501.4673
565.1667,500.1601,500.0007
565.2000,498.4878,498.5855
565.2333,496.7749,496.9286
565.2667,495.0218,494.9286
565.3000,493.2291,492.9286
565.3333,491.3973,491.1868
565.3667,489.5271,489.1868
565.4000,487.6189,487.4171
565.4333,485.6734,485.6436
565.4667,483.6911,483.6436
565.5000,481.6726,481.6101
565.5333,479.6186,479.4913
565.5667,477.5297,477.1868
565.6000,475.4066,475.1868
565.6333,473.2497,473.1052
565.6667,471.0600,471.1052
565.7000,468.8379,468.8194
565.7333,466.5841,466.8194
565.7667,464.2995,464.3586
565.8000,461.9846,461.7084
565.8333,459.6401,459.4628
565.8667,457.2668,457.1052
565.9000,454.8654,454.8194
565.9333,452.4367,452.3573
565.9667,449.9813,449.6872
566.0000,447.5000,447.2846
566.0333,444.9936,444.8998
566.0667,442.4628,442.3335
566.1000,439.9084,439.7084
566.1333,437.3312,437.2008
566.1667,434.7320,434.8191
566.2000,432.1115,432.0039
566.2333,429.4706,429.2846
566.2667,426.8101,426.7386
566.3000,424.1307,424.2522
566.3333,421.4333,421.2846
566.3667,418.7187,418.7386
566.4000,415.9878,415.6258
566.4333,413.2413,413.1412
566.4667,410.4802,410.7386
566.5000,407.7051,407.6041
566.5333,404.9171,404.7386
566.5667,402.1169,402.2522
566.6000,399.3054,399.2909
566.6333,396.4835,396.7386
566.6667,393.6519,393.4662
566.7000,390.8117,391.0466
566.7333,387.9636,387.9457
566.7667,385.1084,385.0466
566.8000,382.2472,382.1244
566.8333,379.3807,379.2000
566.8667,376.5098,376.6014
566.9000,373.6354,373.4692
566.9333,370.7584,370.7774
566.9667,367.8796,367.8348
567.0000,365.0000,364.9649
567.0333,362.1204,362.2522
567.0667,359.2416,359.0041
567.1000,356.3646,356.2522
567.1333,353.4902,353.2956
567.1667,350.6193,350.5905
567.2000,347.7528,347.4692
567.2333,344.8916,345.1278
567.2667,342.0364,341.8539
567.3000,339.1883,338.9943
567.3333,336.3481,336.3848
567.3667,333.5165,333.3882
567.4000,330.6946,330.7779
567.4333,327.8831,328.0725
567.4667,325.0829,324.9692
567.5000,322.2949,322.3954
567.5333,319.5198,319.3229
567.5667,316.7587,316.7774
567.6000,314.0122,313.8382
567.6333,311.2813,310.9692
567.6667,308.5667,308.5734
567.7000,305.8693,305.5590
567.7333,303.1899,302.9692
567.7667,300.5294,300.5734
567.8000,297.8885,297.5940
567.8333,295.2680,295.1331
567.8667,292.6688,292.7608
567.9000,290.0916,289.8301
567.9333,287.5372,287.3229
567.9667,285.0064,284.9362
568.0000,282.5000,282.4964
568.0333,280.0187,279.8382
568.0667,277.5633,277.3469
568.1000,275.1346,274.9692
568.1333,272.7332,272.5916
568.1667,270.3599,270.4661
568.2000,268.0154,267.8382
568.2333,265.7005,265.3325
568.2667,263.4159,262.9692
568.3000,261.1621,260.9692
568.3333,258.9400,258.9692
568.3667,256.7503,256.7182
568.4000,254.5934,254.5870
568.4333,252.4703,252.6087
568.4667,250.3814,250.6087
568.5000,248.3274,248.6118
568.5333,246.3089,246.6118
568.5667,244.3266,244.6118
568.6000,242.3811,242.6118
568.6333,240.4729,240.6118
568.6667,238.6027,238.6118
568.7000,236.7709,236.9692
568.7333,234.9782,234.9692
568.7667,233.2251,232.9692
568.8000,231.5122,231.3469
568.8333,229.8399,229.3469
568.8667,228.2088,227.9722
568.9000,226.6194,226.7869
568.9333,225.0721,224.9919
568.9667,223.5674,223.2509
569.0000,222.1058,222.1359
569.0333,220.6877,220.5703
569.0667,219.3136,219.1532
569.1000,217.9839,218.1389
569.1333,216.6990,216.7670
569.1667,215.4592,215.3469
569.2000,214.2650,214.1359
569.2333,213.1167,212.9692
569.2667,212.0147,212.1068
569.3000,210.9592,211.0352
569.3333,209.9507,210.1068
569.3667,208.9894,209.0352
569.4000,208.0757,208.0338
569.4333,207.2097,207.0352
569.4667,206.3918,206.5480
569.5000,205.6222,205.4370
569.5333,204.9012,205.0352
569.5667,204.2289,204.5480
569.6000,203.6056,203.5084
569.6333,203.0315,203.0352
569.6667,202.5067,202.6852
569.7000,202.0314,202.1061
569.7333,201.6058,201.4370
569.7667,201.2299,201.1876
569.8000,200.9039,200.9260
569.8333,200.6279,200.6566
569.8667,200.4019,200.5012
569.9000,200.2261,200.2856
569.9333,200.1005,200.2212
569.9667,200.0251,200.4097
570.0000,200.0000,199.7175
570.0333,200.0565,200.0248
570.0667,200.2261,200.2970
570.1000,200.5086,200.5736
570.1333,200.9039,201.0074
570.1667,201.4116,201.4603
570.2000,202.0314,202.0000
570.2333,202.7629,202.5614
570.2667,203.6056,203.4531
570.3000,204.5590,204.5614
570.3333,205.6222,205.4709
570.3667,206.7947,206.6399
570.4000,208.0757,208.0339
570.4333,209.4642,209.3148
570.4667,210.9592,211.0057
570.5000,212.5599,212.5614
570.5333,214.2650,214.0545
570.5667,216.0734,216.0351
570.6000,217.9839,218.0351
570.6333,219.9952,220.0312
570.6667,222.1058,222.0312
570.7000,224.3144,224.5110
570.7333,226.6194,226.8271
570.7667,229.0192,228.8271
570.8000,231.5122,231.2279
570.8333,234.0967,233.9186
570.8667,236.7709,236.8271
570.9000,239.5330,239.3057
570.9333,242.3811,242.4028
570.9667,245.3132,244.8443
571.0000,248.3274,248.3084
571.0333,251.4215,251.2360
571.0667,254.5934,254.7773
571.1000,257.8411,257.6207
571.1333,261.1621,260.9718
571.1667,264.5544,264.7616
571.2000,268.0154,267.9078
571.2333,271.5430,271.3628
571.2667,275.1346,274.9718
571.3000,278.7877,278.7843
571.3333,282.5000,282.5736
571.3667,286.2688,286.3276
571.4000,290.0916,290.0140
571.4333,293.9657,294.0080
571.4667,297.8885,298.0080
571.5000,301.8572,301.8270
571.5333,305.8693,305.8538
571.5667,309.9219,309.8952
571.6000,314.0122,313.9286
571.6333,318.1375,318.3074
571.6667,322.2949,322.3206
571.7000,326.4815,326.3206
571.7333,330.6946,330.7746
571.7667,334.9311,334.8882
571.8000,339.1883,338.9113
571.8333,343.4632,343.1405
571.8667,347.7528,347.7201
571.9000,352.0542,352.0128
571.9333,356.3646,356.5572
571.9667,360.6808,360.7654
572.0000,365.0000,364.9019
572.0333,369.3192,369.1133
572.0667,373.6354,373.4061
572.1000,377.9458,378.0068
572.1333,382.2472,382.2938
572.1667,386.5368,386.5057
572.2000,390.8117,390.9248
572.2333,395.0689,394.9815
572.2667,399.3054,398.9815
572.3000,403.5185,403.4386
572.3333,407.7051,407.6750
572.3667,411.8625,411.6750
572.4000,415.9878,415.6724
572.4333,420.0781,419.9592
572.4667,424.1307,423.9592
572.5000,428.1428,427.9592
572.5333,432.1115,431.9732
572.5667,436.0343,435.9732
572.6000,439.9084,439.7832
572.6333,443.7312,443.5665
572.6667,447.5000,447.1300
572.7000,451.2123,451.1300
572.7333,454.8654,455.0472
572.7667,458.4570,458.6724
572.8000,461.9846,461.9971
572.8333,465.4456,465.3231
572.8667,468.8379,469.0472
572.9000,472.1589,472.1505
572.9333,475.4066,475.4457
572.9667,478.5785,478.6960
573.0000,481.6726,481.4321
573.0333,484.6868,484.6960
573.0667,487.6189,487.4405
573.1000,490.4670,490.5956
573.1333,493.2291,492.9271
573.1667,495.9033,495.7024
573.2000,498.4878,498.5881
573.2333,500.9808,500.9299
573.2667,503.3806,503.4405
573.3000,505.6856,505.5920
573.3333,507.8942,507.8539
573.3667,510.0048,509.8539
573.4000,512.0161,511.8507
573.4333,513.9266,513.8539
573.4667,515.7350,515.5877
573.5000,517.4401,517.2555
573.5333,519.0408,519.0703
573.5667,520.5358,520.6064
573.6000,521.9243,521.8539
573.6333,523.2053,523.1840
573.6667,524.3778,524.4168
573.7000,525.4410,525.3793
573.7333,526.3944,526.3612
573.7667,527.2371,527.0589
573.8000,527.9686,527.9730
573.8333,528.5884,528.7756
573.8667,529.0961,529.3078
573.9000,529.4914,529.6322
573.9333,529.7739,529.6876
573.9667,529.9435,529.8282
574.0000,530.0000,529.8282
574.0333,529.9749,529.7932
574.0667,529.8995,529.7618
574.1000,529.7739,529.7341
574.1333,529.5981,529.5778
574.1667,529.3721,529.4305
574.2000,529.0961,529.2878
574.2333,528.7701,529.0312
574.2667,528.3942,528.6565
574.3000,527.9686,527.9730
574.3333,527.4933,527.4389
574.3667,526.9685,526.9151
574.4000,526.3944,526.4072
574.4333,525.7711,525.4964
574.4667,525.0988,524.9804
574.5000,524.3778,524.4072
574.5333,523.6082,523.4746
574.5667,522.7903,522.7279
574.6000,521.9243,521.6692
574.6333,521.0106,520.9507
574.6667,520.0493,519.6071
574.7000,519.0408,518.8266
574.7333,517.9853,517.5782
574.7667,516.8833,516.8665
574.8000,515.7350,515.5782
574.8333,514.5408,514.7436
574.8667,513.3010,513.0373
574.9000,512.0161,512.0007
574.9333,510.6864,510.7267
574.9667,509.3123,509.0215
575.0000,507.8942,507.5782
575.0333,506.4326,506.4897
575.0667,504.9279,504.8979
575.1000,503.3806,503.2786
575.1333,501.7912,501.4673
575.1667,500.1601,500.0007
575.2000,498.4878,498.5855
575.2333,496.7749,496.9286
575.2667,495.0218,494.9286
575.3000,493.2291,492.9286
575.3333,491.3973,491.1868
575.3667,489.5271,489.1868
575.4000,487.6189,487.4171
575.4333,485.6734,485.6436
575.4667,483.6911,483.6436
575.5000,481.6726,481.6101
575.5333,479.6186,479.4913
575.5667,477.5297,477.1868
575.6000,475.4066,475.1868
575.6333,473.2497,473.1052
575.6667,471.0600,471.1052
575.7000,468.8379,468.8194
575.7333,466.5841,466.8194
575.7667,464.2995,464.3586
575.8000,461.9846,461.7084
575.8333,459.6401,459.4628
575.8667,457.2668,457.1052
575.9000,454.8654,454.8194
575.9333,452.4367,452.3573
575.9667,449.9813,449.6872
576.0000,447.5000,447.2846
576.0333,444.9936,444.8998
576.0667,442.4628,442.3335
576.1000,439.9084,439.7084
576.1333,437.3312,437.2008
576.1667,434.7320,434.8191
576.2000,432.1115,432.0039
576.2333,429.4706,429.2846
576.2667,426.8101,426.7386
576.3000,424.1307,424.2522
576.3333,421.4333,421.2846
576.3667,418.7187,418.7386
576.4000,415.9878,415.6258
576.4333,413.2413,413.1412
576.4667,410.4802,410.7386
576.5000,407.7051,407.6041
576.5333,404.9171,404.7386
576.5667,402.1169,402.2522
576.6000,399.3054,399.2909
576.6333,396.4835,396.7386
576.6667,393.6519,393.4662
576.7000,390.8117,391.0466
576.7333,387.9636,387.9457
576.7667,385.1084,385.0466
576.8000,382.2472,382.1244
576.8333,379.3807,379.2000
576.8667,376.5098,376.6014
576.9000,373.6354,373.4692
576.9333,370.7584,370.7774
576.9667,367.8796,367.8348
577.0000,365.0000,364.9649
577.0333,362.1204,362.2522
577.0667,359.2416,359.0041
577.1000,356.3646,356.2522
577.1333,353.4902,353.2956
577.1667,350.6193,350.5905
577.2000,347.7528,347.4692
577.2333,344.8916,345.1278
577.2667,342.0364,341.8539
577.3000,339.1883,338.9943
577.3333,336.3481,336.3848
577.3667,333.5165,333.3882
577.4000,330.6946,330.7779
577.4333,327.8831,328.0725
577.4667,325.0829,324.9692
577.5000,322.2949,322.3954
577.5333,319.5198,319.3229
577.5667,316.7587,316.7774
577.6000,314.0122,313.8382
577.6333,311.2813,310.9692
577.6667,308.5667,308.5734
577.7000,305.8693,305.5590
577.7333,303.1899,302.9692
577.7667,300.5294,300.5734
577.8000,297.8885,297.5940
577.8333,295.2680,295.1331
577.8667,292.6688,292.7608
577.9000,290.0916,289.8301
577.9333,287.5372,287.3229
577.9667,285.0064,284.9362
578.0000,282.5000,282.4964
578.0333,280.0187,279.8382
578.0667,277.5633,277.3469
578.1000,275.1346,274.9692
578.1333,272.7332,272.5916
578.1667,270.3599,270.4661
578.2000,268.0154,267.8382
578.2333,265.7005,265.3325
578.2667,263.4159,262.9692
578.3000,261.1621,260.9692
578.3333,258.9400,258.9692
578.3667,256.7503,256.7182
578.4000,254.5934,254.5870
578.4333,252.4703,252.6087
578.4667,250.3814,250.6087
578.5000,248.3274,248.6118
578.5333,246.3089,246.6118
578.5667,244.3266,244.6118
578.6000,242.3811,242.6118
578.6333,240.4729,240.6118
578.6667,238.6027,238.6118
578.7000,236.7709,236.9692
578.7333,234.9782,234.9692
578.7667,233.2251,232.9692
578.8000,231.5122,231.3469
578.8333,229.8399,229.3469
578.8667,228.2088,227.9722
578.9000,226.6194,226.7869
578.9333,225.0721,224.9919
578.9667,223.5674,223.2509
579.0000,222.1058,222.1359
579.0333,220.6877,220.5703
579.0667,219.3136,219.1532
579.1000,217.9839,218.1389
579.1333,216.6990,216.7670
579.1667,215.4592,215.3469
579.2000,214.2650,214.1359
579.2333,213.1167,212.9692
579.2667,212.0147,212.1068
579.3000,210.9592,211.0352
579.3333,209.9507,210.1068
579.3667,208.9894,209.0352
579.4000,208.0757,208.0338
579.4333,207.2097,207.0352
579.4667,206.3918,206.5480
579.5000,205.6222,205.4370
579.5333,204.9012,205.0352
579.5667,204.2289,204.5480
579.6000,203.6056,203.5084
579.6333,203.0315,203.0352
579.6667,202.5067,202.6852
579.7000,202.0314,202.1061
579.7333,201.6058,201.4370
579.7667,201.2299,201.1876
579.8000,200.9039,200.9260
579.8333,200.6279,200.6566
579.8667,200.4019,200.5012
579.9000,200.2261,200.2856
579.9333,200.1005,200.2212
579.9667,200.0251,200.4097
580.0000,200.0000,199.7175
580.0333,200.0565,200.0248
580.0667,200.2261,200.2970
580.1000,200.5086,200.5736
580.1333,200.9039,201.0074
580.1667,201.4116,201.4603
580.2000,202.0314,202.0000
580.2333,202.7629,202.5614
580.2667,203.6056,203.4531
580.3000,204.5590,204.5614
580.3333,205.6222,205.4709
580.3667,206.7947,206.6399
580.4000,208.0757,208.0339
580.4333,209.4642,209.3148
580.4667,210.9592,211.0057
580.5000,212.5599,212.5614
580.5333,214.2650,214.0545
580.5667,216.0734,216.0351
580.6000,217.9839,218.0351
580.6333,219.9952,220.0312
580.6667,222.1058,222.0312
580.7000,224.3144,224.5110
580.7333,226.6194,226.8271
580.7667,229.0192,228.8271
580.8000,231.5122,231.2279
580.8333,234.0967,233.9186
580.8667,236.7709,236.8271
580.9000,239.5330,239.3057
580.9333,242.3811,242.4028
580.9667,245.3132,244.8443
581.0000,248.3274,248.3084
581.0333,251.4215,251.2360
581.0667,254.5934,254.7773
581.1000,257.8411,257.6207
581.1333,261.1621,260.9718
581.1667,264.5544,264.7616
581.2000,268.0154,267.9078
581.2333,271.5430,271.3628
581.2667,275.1346,274.9718
581.3000,278.7877,278.7843
581.3333,282.5000,282.5736
581.3667,286.2688,286.3276
581.4000,290.0916,290.0140
581.4333,293.9657,294.0080
581.4667,297.8885,298.0080
581.5000,301.8572,301.8270
581.5333,305.8693,305.8538
581.5667,309.9219,309.8952
581.6000,314.0122,313.9286
581.6333,318.1375,318.3074
581.6667,322.2949,322.3206
581.7000,326.4815,326.3206
581.7333,330.6946,330.7746
581.7667,334.9311,334.8882
581.8000,339.1883,338.9113
581.8333,343.4632,343.1405
581.8667,347.7528,347.7201
581.9000,352.0542,352.0128
581.9333,356.3646,356.5572
581.9667,360.6808,360.7654
582.0000,365.0000,364.9019
582.0333,369.3192,369.1133
582.0667,373.6354,373.4061
582.1000,377.9458,378.0068
582.1333,382.2472,382.2938
582.1667,386.5368,386.5057
582.2000,390.8117,390.9248
582.2333,395.0689,394.9815
582.2667,399.3054,398.9815
582.3000,403.5185,403.4386
582.3333,407.7051,407.6750
582.3667,411.8625,411.6750
582.4000,415.9878,415.6724
582.4333,420.0781,419.9592
582.4667,424.1307,423.9592
582.5000,428.1428,427.9592
582.5333,432.1115,431.9732
582.5667,436.0343,435.9732
582.6000,439.9084,439.7832
582.6333,443.7312,443.5665
582.6667,447.5000,447.1300
582.7000,451.2123,451.1300
582.7333,454.8654,455.0472
582.7667,458.4570,458.6724
582.8000,461.9846,461.9971
582.8333,465.4456,465.3231
582.8667,468.8379,469.0472
582.9000,472.1589,472.1505
582.9333,475.4066,475.4457
582.9667,478.5785,478.6960
583.0000,481.6726,481.4321
583.0333,484.6868,484.6960
583.0667,487.6189,487.4405
583.1000,490.4670,490.5956
583.1333,493.2291,492.9271
583.1667,495.9033,495.7024
583.2000,498.4878,498.5881
583.2333,500.9808,500.9299
583.2667,503.3806,503.4405
583.3000,505.6856,505.5920
583.3333,507.8942,507.8539
583.3667,510.0048,509.8539
583.4000,512.0161,511.8507
583.4333,513.9266,513.8539
583.4667,515.7350,515.5877
583.5000,517.4401,517.2555
583.5333,519.0408,519.0703
583.5667,520.5358,520.6064
583.6000,521.9243,521.8539
583.6333,523.2053,523.1840
583.6667,524.3778,524.4168
583.7000,525.4410,525.3793
583.7333,526.3944,526.3612
583.7667,527.2371,527.0589
583.8000,527.9686,527.9730
583.8333,528.5884,528.7756
583.8667,529.0961,529.3078
583.9000,529.4914,529.6322
583.9333,529.7739,529.6876
583.9667,529.9435,529.8282
584.0000,530.0000,529.8282
584.0333,529.9749,529.7932
584.0667,529.8995,529.7618
584.1000,529.7739,529.7341
584.1333,529.5981,529.5778
584.1667,529.3721,529.4305
584.2000,529.0961,529.2878
584.2333,528.7701,529.0312
584.2667,528.3942,528.6565
584.3000,527.9686,527.9730
584.3333,527.4933,527.4389
584.3667,526.9685,526.9151
584.4000,526.3944,526.4072
584.4333,525.7711,525.4964
584.4667,525.0988,524.9804
584.5000,524.3778,524.4072
584.5333,523.6082,523.4746
584.5667,522.7903,522.7279
584.6000,521.9243,521.6692
584.6333,521.0106,520.9507
584.6667,520.0493,519.6071
584.7000,519.0408,518.8266
584.7333,517.9853,517.5782
584.7667,516.8833,516.8665
584.8000,515.7350,515.5782
584.8333,514.5408,514.7436
584.8667,513.3010,513.0373
584.9000,512.0161,512.0007
584.9333,510.6864,510.7267
584.9667,509.3123,509.0215
585.0000,507.8942,507.5782
585.0333,506.4326,506.4897
585.0667,504.9279,504.8979
585.1000,503.3806,503.2786
585.1333,501.7912,501.4673
585.1667,500.1601,500.0007
585.2000,498.4878,498.5855
585.2333,496.7749,496.9286
585.2667,495.0218,494.9286
585.3000,493.2291,492.9286
585.3333,491.3973,491.1868
585.3667,489.5271,489.1868
585.4000,487.6189,487.4171
585.4333,485.6734,485.6436
585.4667,483.6911,483.6436
585.5000,481.6726,481.6101
585.5333,479.6186,479.4913
585.5667,477.5297,477.1868
585.6000,475.4066,475.1868
585.6333,473.2497,473.1052
585.6667,471.0600,471.1052
585.7000,468.8379,468.8194
585.7333,466.5841,466.8194
585.7667,464.2995,464.3586
585.8000,461.9846,461.7084
585.8333,459.6401,459.4628
585.8667,457.2668,457.1052
585.9000,454.8654,454.8194
585.9333,452.4367,452.3573
585.9667,449.9813,449.6872
586.0000,447.5000,447.2846
586.0333,444.9936,444.8998
586.0667,442.4628,442.3335
586.1000,439.9084,439.7084
586.1333,437.3312,437.2008
586.1667,434.7320,434.8191
586.2000,432.1115,432.0039
586.2333,429.4706,429.2846
586.2667,426.8101,426.7386
586.3000,424.1307,424.2522
586.3333,421.4333,421.2846
586.3667,418.7187,418.7386
586.4000,415.9878,415.6258
586.4333,413.2413,413.1412
586.4667,410.4802,410.7386
586.5000,407.7051,407.6041
586.5333,404.9171,404.7386
586.5667,402.1169,402.2522
586.6000,399.3054,399.2909
586.6333,396.4835,396.7386
586.6667,393.6519,393.4662
586.7000,390.8117,391.0466
586.7333,387.9636,387.9457
586.7667,385.1084,385.0466
586.8000,382.2472,382.1244
586.8333,379.3807,379.2000
586.8667,376.5098,376.6014
586.9000,373.6354,373.4692
586.9333,370.7584,370.7774
586.9667,367.8796,367.8348
587.0000,365.0000,364.9649
587.0333,362.1204,362.2522
587.0667,359.2416,359.0041
587.1000,356.3646,356.2522
587.1333,353.4902,353.2956
587.1667,350.6193,350.5905
587.2000,347.7528,347.4692
587.2333,344.8916,345.1278
587.2667,342.0364,341.8539
587.3000,339.1883,338.9943
587.3333,336.3481,336.3848
587.3667,333.5165,333.3882
587.4000,330.6946,330.7779
587.4333,327.8831,328.0725
587.4667,325.0829,324.9692
587.5000,322.2949,322.3954
587.5333,319.5198,319.3229
587.5667,316.7587,316.7774
587.6000,314.0122,313.8382
587.6333,311.2813,310.9692
587.6667,308.5667,308.5734
587.7000,305.8693,305.5590
587.7333,303.1899,302.9692
587.7667,300.5294,300.5734
587.8000,297.8885,297.5940
587.8333,295.2680,295.1331
587.8667,292.6688,292.7608
587.9000,290.0916,289.8301
587.9333,287.5372,287.3229
587.9667,285.0064,284.9362
588.0000,282.5000,282.4964
588.0333,280.0187,279.8382
588.0667,277.5633,277.3469
588.1000,275.1346,274.9692
588.1333,272.7332,272.5916
588.1667,270.3599,270.4661
588.2000,268.0154,267.8382
588.2333,265.7005,265.3325
588.2667,263.4159,262.9692
588.3000,261.1621,260.9692
588.3333,258.9400,258.9692
588.3667,256.7503,256.7182
588.4000,254.5934,254.5870
588.4333,252.4703,252.6087
588.4667,250.3814,250.6087
588.5000,248.3274,248.6118
588.5333,246.3089,246.6118
588.5667,244.3266,244.6118
588.6000,242.3811,242.6118
588.6333,240.4729,240.6118
588.6667,238.6027,238.6118
588.7000,236.7709,236.9692
588.7333,234.9782,234.9692
588.7667,233.2251,232.9692
588.8000,231.5122,231.3469
588.8333,229.8399,229.3469
588.8667,228.2088,227.9722
588.9000,226.6194,226.7869
588.9333,225.0721,224.9919
588.9667,223.5674,223.2509
589.0000,222.1058,222.1359
589.0333,220.6877,220.5703
589.0667,219.3136,219.1532
589.1000,217.9839,218.1389
589.1333,216.6990,216.7670
589.1667,215.4592,215.3469
589.2000,214.2650,214.1359
589.2333,213.1167,212.9692
589.2667,212.0147,212.1068
589.3000,210.9592,211.0352
589.3333,209.9507,210.1068
589.3667,208.9894,209.0352
589.4000,208.0757,208.0338
589.4333,207.2097,207.0352
589.4667,206.3918,206.5480
589.5000,205.6222,205.4370
589.5333,204.9012,205.0352
589.5667,204.2289,204.5480
589.6000,203.6056,203.5084
589.6333,203.0315,203.0352
589.6667,202.5067,202.6852
589.7000,202.0314,202.1061
589.7333,201.6058,201.4370
589.7667,201.2299,201.1876
589.8000,200.9039,200.9260
589.8333,200.6279,200.6566
589.8667,200.4019,200.5012
589.9000,200.2261,200.2856
589.9333,200.1005,200.2212
589.9667,200.0251,200.4097
590.0000,200.0000,199.7175
590.0333,200.0565,200.0248
590.0667,200.2261,200.2970
590.1000,200.5086,200.5736
590.1333,200.9039,201.0074
590.1667,201.4116,201.4603
590.2000,202.0314,202.0000
590.2333,202.7629,202.5614
590.2667,203.6056,203.4531
590.3000,204.5590,204.5614
590.3333,205.6222,205.4709
590.3667,206.7947,206.6399
590.4000,208.0757,208.0339
590.4333,209.4642,209.3148
590.4667,210.9592,211.0057
590.5000,212.5599,212.5614
590.5333,214.2650,214.0545
590.5667,216.0734,216.0351
590.6000,217.9839,218.0351
590.6333,219.9952,220.0312
590.6667,222.1058,222.0312
590.7000,224.3144,224.5110
590.7333,226.6194,226.8271
590.7667,229.0192,228.8271
590.8000,231.5122,231.2279
590.8333,234.0967,233.9186
590.8667,236.7709,236.8271
590.9000,239.5330,239.3057
590.9333,242.3811,242.4028
590.9667,245.3132,244.8443
591.0000,248.3274,248.3084
591.0333,251.4215,251.2360
591.0667,254.5934,254.7773
591.1000,257.8411,257.6207
591.1333,261.1621,260.9718
591.1667,264.5544,264.7616
591.2000,268.0154,267.9078
591.2333,271.5430,271.3628
591.2667,275.1346,274.9718
591.3000,278.7877,278.7843
591.3333,282.5000,282.5736
591.3667,286.2688,286.3276
591.4000,290.0916,290.0140
591.4333,293.9657,294.0080
591.4667,297.8885,298.0080
591.5000,301.8572,301.8270
591.5333,305.8693,305.8538
591.5667,309.9219,309.8952
591.6000,314.0122,313.9286
591.6333,318.1375,318.3074
591.6667,322.2949,322.3206
591.7000,326.4815,326.3206
591.7333,330.6946,330.7746
591.7667,334.9311,334.8882
591.8000,339.1883,338.9113
591.8333,343.4632,343.1405
591.8667,347.7528,347.7201
591.9000,352.0542,352.0128
591.9333,356.3646,356.5572
591.9667,360.6808,360.7654
592.0000,365.0000,364.9019
592.0333,369.3192,369.1133
592.0667,373.6354,373.4061
592.1000,377.9458,378.0068
592.1333,382.2472,382.2938
592.1667,386.5368,386.5057
592.2000,390.8117,390.9248
592.2333,395.0689,394.9815
592.2667,399.3054,398.9815
592.3000,403.5185,403.4386
592.3333,407.7051,407.6750
592.3667,411.8625,411.6750
592.4000,415.9878,415.6724
592.4333,420.0781,419.9592
592.4667,424.1307,423.9592
592.5000,428.1428,427.9592
592.5333,432.1115,431.9732
592.5667,436.0343,435.9732
592.6000,439.9084,439.7832
592.6333,443.7312,443.5665
592.6667,447.5000,447.1300
592.7000,451.2123,451.1300
592.7333,454.8654,455.0472
592.7667,458.4570,458.6724
592.8000,461.9846,461.9971
592.8333,465.4456,465.3231
592.8667,468.8379,469.0472
592.9000,472.1589,472.1505
592.9333,475.4066,475.4457
592.9667,478.5785,478.6960
593.0000,481.6726,481.4321
593.0333,484.6868,484.6960
593.0667,487.6189,487.4405
593.1000,490.4670,490.5956
593.1333,493.2291,492.9271
593.1667,495.9033,495.7024
593.2000,498.4878,498.5881
593.2333,500.9808,500.9299
593.2667,503.3806,503.4405
593.3000,505.6856,505.5920
593.3333,507.8942,507.8539
593.3667,510.0048,509.8539
593.4000,512.0161,511.8507
593.4333,513.9266,513.8539
593.4667,515.7350,515.5877
593.5000,517.4401,517.2555
593.5333,519.0408,519.0703
593.5667,520.5358,520.6064
593.6000,521.9243,521.8539
593.6333,523.2053,523.1840
593.6667,524.3778,524.4168
593.7000,525.4410,525.3793
593.7333,526.3944,526.3612
593.7667,527.2371,527.0589
593.8000,527.9686,527.9730
593.8333,528.5884,528.7756
593.8667,529.0961,529.3078
593.9000,529.4914,529.6322
593.9333,529.7739,529.6876
593.9667,529.9435,529.8282
594.0000,530.0000,529.8282
594.0333,529.9749,529.7932
594.0667,529.8995,529.7618
594.1000,529.7739,529.7341
594.1333,529.5981,529.5778
594.1667,529.3721,529.4305
594.2000,529.0961,529.2878
594.2333,528.7701,529.0312
594.2667,528.3942,528.6565
594.3000,527.9686,527.9730
594.3333,527.4933,527.4389
594.3667,526.9685,526.9151
594.4000,526.3944,526.4072
594.4333,525.7711,525.4964
594.4667,525.0988,524.9804
594.5000,524.3778,524.4072
594.5333,523.6082,523.4746
594.5667,522.7903,522.7279
594.6000,521.9243,521.6692
594.6333,521.0106,520.9507
594.6667,520.0493,519.6071
594.7000,519.0408,518.8266
594.7333,517.9853,517.5782
594.7667,516.8833,516.8665
594.8000,515.7350,515.5782
594.8333,514.5408,514.7436
594.8667,513.3010,513.0373
594.9000,512.0161,512.0007
594.9333,510.6864,510.7267
594.9667,509.3123,509.0215
595.0000,507.8942,507.5782
595.0333,506.4326,506.4897
595.0667,504.9279,504.8979
595.1000,503.3806,503.2786
595.1333,501.7912,501.4673
595.1667,500.1601,500.0007
595.2000,498.4878,498.5855
595.2333,496.7749,496.9286
595.2667,495.0218,494.9286
595.3000,493.2291,492.9286
595.3333,491.3973,491.1868
595.3667,489.5271,489.1868
595.4000,487.6189,487.4171
595.4333,485.6734,485.6436
595.4667,483.6911,483.6436
595.5000,481.6726,481.6101
595.5333,479.6186,479.4913
595.5667,477.5297,477.1868
595.6000,475.4066,475.1868
595.6333,473.2497,473.1052
595.6667,471.0600,471.1052
595.7000,468.8379,468.8194
595.7333,466.5841,466.8194
595.7667,464.2995,464.3586
595.8000,461.9846,461.7084
595.8333,459.6401,459.4628
595.8667,457.2668,457.1052
595.9000,454.8654,454.8194
595.9333,452.4367,452.3573
595.9667,449.9813,449.6872
596.0000,447.5000,447.2846
596.0333,444.9936,444.8998
596.0667,442.4628,442.3335
596.1000,439.9084,439.7084
596.1333,437.3312,437.2008
596.1667,434.7320,434.8191
596.2000,432.1115,432.0039
596.2333,429.4706,429.2846
596.2667,426.8101,426.7386
596.3000,424.1307,424.2522
596.3333,421.4333,421.2846
596.3667,418.7187,418.7386
596.4000,415.9878,415.6258
596.4333,413.2413,413.1412
596.4667,410.4802,410.7386
596.5000,407.7051,407.6041
596.5333,404.9171,404.7386
596.5667,402.1169,402.2522
596.6000,399.3054,399.2909
596.6333,396.4835,396.7386
596.6667,393.6519,393.4662
596.7000,390.8117,391.0466
596.7333,387.9636,387.9457
596.7667,385.1084,385.0466
596.8000,382.2472,382.1244
596.8333,379.3807,379.2000
596.8667,376.5098,376.6014
596.9000,373.6354,373.4692
596.9333,370.7584,370.7774
596.9667,367.8796,367.8348
597.0000,365.0000,364.9649
597.0333,362.1204,362.2522
597.0667,359.2416,359.0041
597.1000,356.3646,356.2522
597.1333,353.4902,353.2956
597.1667,350.6193,350.5905
597.2000,347.7528,347.4692
597.2333,344.8916,345.1278
597.2667,342.0364,341.8539
597.3000,339.1883,338.9943
597.3333,336.3481,336.3848
597.3667,333.5165,333.3882
597.4000,330.6946,330.7779
597.4333,327.8831,328.0725
597.4667,325.0829,324.9692
597.5000,322.2949,322.3954
597.5333,319.5198,319.3229
597.5667,316.7587,316.7774
597.6000,314.0122,313.8382
597.6333,311.2813,310.9692
597.6667,308.5667,308.5734
597.7000,305.8693,305.5590
597.7333,303.1899,302.9692
597.7667,300.5294,300.5734
597.8000,297.8885,297.5940
597.8333,295.2680,295.1331
597.8667,292.6688,292.7608
597.9000,290.0916,289.8301
597.9333,287.5372,287.3229
597.9667,285.0064,284.9362
598.0000,282.5000,282.4964
598.0333,280.0187,279.8382
598.0667,277.5633,277.3469
598.1000,275.1346,274.9692
598.1333,272.7332,272.5916
598.1667,270.3599,270.4661
598.2000,268.0154,267.8382
598.2333,265.7005,265.3325
598.2667,263.4159,262.9692
598.3000,261.1621,260.9692
598.3333,258.9400,258.9692
598.3667,256.7503,256.7182
598.4000,254.5934,254.5870
598.4333,252.4703,252.6087
598.4667,250.3814,250.6087
598.5000,248.3274,248.6118
598.5333,246.3089,246.6118
598.5667,244.3266,244.6118
598.6000,242.3811,242.6118
598.6333,240.4729,240.6118
598.6667,238.6027,238.6118
598.7000,236.7709,236.9692
598.7333,234.9782,234.9692
598.7667,233.2251,232.9692
598.8000,231.5122,231.3469
598.8333,229.8399,229.3469
598.8667,228.2088,227.9722
598.9000,226.6194,226.7869
598.9333,225.0721,224.9919
598.9667,223.5674,223.2509
599.0000,222.1058,222.1359
599.0333,220.6877,220.5703
599.0667,219.3136,219.1532
599.1000,217.9839,218.1389
599.1333,216.6990,216.5516
599.1667,215.4592,215.3469
599.2000,214.2650,214.1359
599.2333,213.1167,212.9692
599.2667,212.0147,212.1068
599.3000,210.9592,211.0221
599.3333,209.9507,210.1068
599.3667,208.9894,209.0221
599.4000,208.0757,208.0752
599.4333,207.2097,207.0221
599.4667,206.3918,206.5188
599.5000,205.6222,205.5549
599.5333,204.9012,205.0181
599.5667,204.2289,204.5131
599.6000,203.6056,203.4844
599.6333,203.0315,203.0181
599.6667,202.5067,202.6712
599.7000,202.0314,202.0606
599.7333,201.6058,201.4183
599.7667,201.2299,201.1514
599.8000,200.9039,200.8873
599.8333,200.6279,200.6258
599.8667,200.4019,200.3980
599.9000,200.2261,200.0956
599.9333,200.1005,200.0956
599.9667,200.0251,200.6258
